id;texto;categoria_assunto;canal;particao_recomendada
REC-00001;Enviei o item de volta e ainda não confirmaram o recbimento há alguns dias?;troca_devolucao;email;treino
REC-00002;preciso de ajuda, estou esperando a encomenda há mais tempo que o informado obrigado;entrega;app;teste
REC-00003;preciso trocar o tamanho recebido. tbm aconteceu o seguinte: faltou um acessório dentro da caixa.!!!;produto;app;treino
REC-00004;a entrega também atrasou. o que mais preciso resolver é que a cor veio diferente da escolhida.;produto;email;validacao
REC-00005;Por favor, alguém consegue me ajudar, o acabamento veio com marcas há alguns dias. Obrigada.;produto;site;validacao
REC-00006;"O material parece danificado; mas também tentei abrir uma troca.";produto;chat;treino
REC-00007;Pessoal, não sei onde acompanhar minha devolução e, além disso, o estorno ainda está pendente. Fico no aguardo.;troca_devolucao;site;validacao
REC-00008;Solicito orientação: o chat não esclareceu a situação, mas o valor foi cobrado duas vezes.;pagamento;chat;treino
REC-00009;Por favor, não sei onde acompanhar minha devolução. Também aconteceu o seguinte: a compra foi cancelada, mas a cobrança permaneceu.;pagamento;telefone;treino
REC-00010;"Não consigo gerar o boleto; além disso, o tamanho não corresponde ao informado.";produto;email;teste
REC-00011;Só queria entender, o valor foi cobrado duas vezes e, além disso, houve problema com a transportadora. Como resolvo?;pagamento;chat;treino
REC-00012;a transportadora não apareceu no endereço e preciso saber o que aconteceu?;entrega;chat;teste
REC-00013;pessoal, o estorno ainda está pendente, mas o atendimento encerrou o contato sem resolver. isso pode ser verificado, por favor? 🙂;atendimento;site;validacao
REC-00014;O item também veio com uma avaria. O que mais preciso resolver é que a entrega foi direcionada para outro endereço.;entrega;email;treino
REC-00015;Gostaria de registrar, o produto veio usado e preciso saber o que aconteceu Agradeço se puderem olhar isso.;produto;email;treino
REC-00016;Olá, o desconto não foi aplicado, mas o acabamento veio com marcas.;produto;chat;treino
REC-00017;Solicito orientação: o entregador marcou tentativa sem vir aqui desde ontem!;entrega;site;teste
REC-00018;alguém consegue me ajudar, não consigo gerar o boleto e preciso saber o que aconteceu? obrigada.;pagamento;telefone;validacao
REC-00019;A entrega foi direcionada para outro endereço há alguns dias.;entrega;chat;treino
REC-00020;estou esperando a encomenda há mais tempo que o informado e o prazo de troca está correndo e não consigo abrir a solicitação.;entrega;chat;treino
REC-00021;Registro a seguinte situação: também apareceu uma cobrança que não entendi, mas o tamanho não corresponde ao informado!;produto;chat;treino
REC-00022;gostaria de registrar, faltou um acessório dentro da caixa e preciso saber o que aconteceu. preciso de um retorno;produto;site;treino
REC-00023;Alguém consegue me ajudar, também tentei abrir uma troca. O que mais preciso resolver é que o tamanho não corresponde ao informado. Como resolvo?;produto;email;validacao
REC-00024;O estorno ainda está pendente, mas faltou um acessório dentro da caixa.;produto;email;treino
REC-00025;Venho informar, o rastreio está confuso. O que mais preciso resolver é que o estorno ainda nao apareceu. Preciso de um retorno.;pagamento;chat;treino
REC-00026;Preciso de ajuda, ninguém responde ao protocolo, mas preciso trocar o tamanho recebido;troca_devolucao;chat;validacao
REC-00027;O pacote voltou para o remetente sem explicação no meu último pedido.;entrega;site;treino
REC-00028;"Alguém consegue me ajudar, o pacote sumiu no trajeto; apesar disso o desconto não foi aplicado. Obrigado.";entrega;app;treino
REC-00029;a transportadora não apareceu no endereço.;entrega;chat;treino
REC-00030;"Olá, o pacote voltou para o remetente sem explicação; ao mesmo tempo também apareceu uma cobrança que não entendi.";entrega;telefone;treino
REC-00031;olá, o pacote sumiu no trajeto e, além disso, estou tentando devolver o item. podem verificar?;entrega;chat;treino
REC-00032;O rastreio parou de atualizar!;entrega;app;treino
REC-00033;Olá, houve problema com a transportadora, mas o sistema diz pagamento pendente, mas já paguei;pagamento;telefone;treino
REC-00034;Venho informar, meu chamado está sem atualização Como resolvo?;atendimento;chat;treino
REC-00035;GENTE, O VALOR COBRADO ESTÁ DIFERENTE DO ANUNCIADO DESDE ONTEM?;pagamento;chat;treino
REC-00036;RECEBI INFORMAÇÕES DIFERENTES DE CADA ATENDENTE E PRECISO SABER O QUE ACONTECEU.;atendimento;chat;teste
REC-00037;gostaria de registrar, o chat me transfere e ninguém assume o caso, mas ao mesmo tempo o pacote voltou para o remetente sem explicação. obrigada.;atendimento;site;treino
REC-00038;já postei a devolução e o status não mudou desde ontem?;troca_devolucao;chat;teste
REC-00039;recebi informações diferentes de cada atendente desde ontem.;atendimento;chat;validacao
REC-00040;"A encomenda está atrasada; porém também tentei abrir uma troca.";entrega;telefone;treino
REC-00041;a coleta da devolução não aconteceu e consta como entregue, mas não recebi.;troca_devolucao;chat;treino
REC-00042;"Oi, o pagamento foi recusado mesmo com limite; além disso, o produto veio usado.";produto;app;treino
REC-00043;A descrição do anúncio não bate com o que chegou. Também aconteceu o seguinte: o estorno ainda não apareceu.;pagamento;app;treino
REC-00044;não sei onde acompanhar minha devolução há alguns dias?;troca_devolucao;email;treino
REC-00045;Não reconheço uma cobrança relacionada ao pedido no meu último pedido. Isso aconteceu desde ontem.;pagamento;chat;validacao
REC-00046;O estorno ainda não apareceu desde ontem, na compra feita pelo site.;pagamento;site;treino
REC-00047;Solicito orientação: o valor cobrado está diferente do anunciado. Também aconteceu o seguinte: consta como entregue, mas não recebi.;entrega;app;teste
REC-00048;O chat não esclareceu a situação, mas o produto veio usado.;produto;site;treino
REC-00049;"Ninguém responde minhas mensagens; entretanto houve problema com a transportadora.";atendimento;email;treino
REC-00050;Não reconheço uma cobrança relacionada ao pedido no meu último pedido?;pagamento;app;treino
REC-00051;estou tentando devolver o item, mas o item chegou com defeito.;produto;site;treino
REC-00052;a encomenda está atrasada no meu último pedido.;entrega;telefone;teste
REC-00053;Olá, gostaria de registrar, ninguém responde ao protocolo. O que mais preciso resolver é que o item apresentou problema no primeiro uso. Agradeço se puderem olhar isso.;produto;chat;treino
REC-00054;o desconto não foi aplicado. o que mais preciso resolver é que estou esperando a encomenda há mais tempo que o informado;entrega;site;treino
REC-00055;Estou com uma dúvida, houve problema com a transportadora. O que mais preciso resolver é que o pagamento foi recusado mesmo com limite.;pagamento;app;validacao
REC-00056;oi, pessoal, ninguém responde minhas mensagens há alguns dias. conseguem me orientar?;atendimento;site;treino
REC-00057;Por favor, fui tratado de forma pouco cordial. Podem verificar?;atendimento;site;validacao
REC-00058;;atendimento;chat;treino
REC-00059;Oi, preciso de ajuda, a solicitação de devolução não avança e preciso saber o que aconteceu Fico no aguardo.;troca_devolucao;telefone;treino
REC-00060;Recebi o modelo errado no meu último pedido. Isso aconteceu depois da atualização do pedido.;produto;chat;treino
REC-00061;Gente, o item chegou com defeito no meu último pedido?;produto;email;validacao
REC-00062;Gente, o produto recebido é diferente do anúncio e preciso saber o que aconteceu;produto;chat;treino
REC-00063;"VENHO INFORMAR, A LIGAÇÃO CAIU E NINGUÉM RETOMOU O CONTATO; ALÉM DISSO, FALTOU UM ACESSÓRIO DENTRO DA CAIXA. AGRADEÇO SE PUDEREM OLHAR ISSO.!!!";produto;telefone;treino
REC-00064;Não consigo localizar onde está a encomenda desde ontem;entrega;site;treino
REC-00065;recebi o modelo errado há alguns dias;produto;email;treino
REC-00066;A coleta da devolução não aconteceu desde ontem.;troca_devolucao;chat;teste
REC-00067;estou tentando devolver o item o q mais preciso resolver é q o item apresentou problema no primeiro uso;produto;app;treino
REC-00068;"Só queria entender, a resposta recebida não tem relação com a minha dúvida; e o pacote demorou a chegar. Agradeço se puderem olhar isso.";atendimento;email;treino
REC-00069;O produto recebido é diferente do anúncio há alguns dias?;produto;site;treino
REC-00070;O pacote sumiu no trajeto. Também aconteceu o seguinte: o valor foi cobrado duas vezes.;pagamento;app;teste
REC-00071;Solicito orientação: uma parte do kit não veio e preciso saber o que aconteceu?;produto;app;treino
REC-00072;Boa tarde, solicitei troca e recebi instruções contraditórias Obrigada.;troca_devolucao;site;validacao
REC-00073;Oi, olá, o pedido ainda não chegou no meu último pedido Agradeço se puderem olhar isso.;entrega;app;teste
REC-00074;Então, estou com uma dúvida, recebi o modelo errado. Também aconteceu o seguinte: a ligação caiu e ninguém retomou o contato. Obrigado.;atendimento;chat;validacao
REC-00075;NÃO CONSIGO GERAR O BOLETO E, ALÉM DISSO, A DEVOLUÇÃO NÃO APARECE NO SISTEMA.;pagamento;email;treino
REC-00076;recebi só uma parte da compra e preciso saber o que aconteceu;entrega;app;treino
REC-00077;"Olá, só queria entender, o sistema diz pagamento pendente, mas já paguei; mas a devolução não aparece no sistema.";pagamento;email;treino
REC-00078;Olá, prometeram retorno e não retornaram desde ontem!;atendimento;app;treino
REC-00079;Só queria entender, a solicitação de devolução não avança há alguns dias? Fico no aguardo.;troca_devolucao;chat;treino
REC-00080;O PRODUTO RECEBIDO É DIFERENTE DO ANÚNCIO HÁ ALGUNS DIAS.;produto;site;treino
REC-00081;A descrição do anúncio não bate com o que chegou há alguns dias?;produto;chat;treino
REC-00082;Gente, pessoal, o item chegou com defeito e preciso saber o que aconteceu? Como resolvo?;produto;email;treino
REC-00083;o produto recebido é diferente do anúncio e preciso saber o q aconteceu;produto;site;treino
REC-00084;a encomenda esta atrasada e preciso saber o que aconteceu;entrega;telefone;validacao
REC-00085;Oi, ninguém responde ao protocolo. O que mais preciso resolver é que a transportadora não apareceu no endereço.;entrega;chat;teste
REC-00086;Então, a compra chegou depois da data em que eu precisava no meu último pedido;entrega;telefone;validacao
REC-00087;Desde a última atualização do rastreio, recebi o modelo errado desde ontem.;produto;telefone;treino
REC-00088;Na última compra, enviei o item de volta e ainda não confirmaram o recebimento há alguns dias.;troca_devolucao;app;treino
REC-00089;boa tarde, ninguém responde minhas mensagens. podem verificar?;atendimento;email;treino
REC-00090;O rastreio parou de atualizar desde ontem;entrega;chat;treino
REC-00091;o atendimento encerrou o contato sem resolver;atendimento;chat;treino
REC-00092;Gente, boa tarde, a descrição do anúncio não bate com o que chegou no meu último pedido. Obrigado.;produto;telefone;teste
REC-00093;Prometeram retorno e não retornaram e, além disso, a entrega também atrasou.;atendimento;site;treino
REC-00094;preciso de ajuda, o cupom foi aceito e depois o desconto sumiu há alguns dias;pagamento;app;treino
REC-00095;Gente, só queria entender, a previsão de chegada passou e nada. Também aconteceu o seguinte: recebi informações diferentes de cada atendente. Conseguem me orientar?;atendimento;app;treino
REC-00096;Preciso substituir o item por outro modelo e preciso saber o que aconteceu;troca_devolucao;chat;treino
REC-00097;Registro a seguinte situação: a ligação caiu e ninguém retomou o contato no meu último peddo;atendimento;site;treino
REC-00098;n consigo atendimento humano há alguns dias;atendimento;site;teste
REC-00099;A entrega foi direcionada para outro endereço no meu último pedido?;entrega;site;validacao
REC-00100;Por favor, estou esperando a encomenda há mais tempo que o informado.;entrega;email;teste
REC-00101;Então, a compra chegou depois da data em que eu precisava no meu último pedido.;entrega;telefone;validacao
REC-00102;Queria uma orientação, a ligação caiu e ninguém retomou o contato há alguns dias Como resolvo?;atendimento;chat;treino
REC-00103;A etiqueta de postagem não foi liberada!;troca_devolucao;app;treino
REC-00104;"Preciso de ajuda, enviei o item de volta e ainda não confirmaram o recbimento; e o desconto não foi aplicado. Preciso de um retorno.";troca_devolucao;site;treino
REC-00105;o prazo mudou várias vezes. também aconteceu o seguinte: o item apresentou problema no primeiro uso!;produto;app;teste
REC-00106;O sistema bloqueia a opção de devoluçao desde ontem;troca_devolucao;app;treino
REC-00107;A embalagem estava intacta, mas o item não funciona e preciso saber o que aconteceu;produto;telefone;treino
REC-00108;Houve problema com a transportadora. O que mais preciso resolver é que o produto recebido é diferente do anúncio.;produto;telefone;treino
REC-00109;pessoal, o pix saiu da conta e a compra continua pendente desde ontem podem verificar?;pagamento;telefone;treino
REC-00110;Olá, gostaria de registrar, uma parte do kit não veio há alguns dias. Agradeço se puderem olhar isso.;produto;app;treino
REC-00111;Não reconheço uma cobrança relacionada ao pedido desde ontem;pagamento;app;treino
REC-00112;Gente, bom dia, o pix saiu da conta e a compra continua pendente e, além disso, o modelo recebido não era exatamente o esperado. Preciso de um retorno.;pagamento;email;validacao
REC-00113;o pedido ainda não chegou no meu último pedido?;entrega;site;treino
REC-00114;A coleta da devolução não aconteceu desde ontem?;troca_devolucao;site;treino
REC-00115;"A previsão de chegada passou e nada; apesar disso o item também veio com uma avaria.";entrega;app;treino
REC-00116;ninguém responde ao protocolo, mas o prazo mudou várias vezes;entrega;email;teste
REC-00117;Gente, pessoal, faltou um acessório dentro da caixa, mas ao mesmo tempo o suporte pede as mesmas informações toda vez. Isso pode ser verificado, por favor Podem verificar?;produto;chat;treino
REC-00118;quero devolver a compra e não encontro a opção;troca_devolucao;app;treino
REC-00119;estou tentando devolver o item, mas a parcela veio com valor incorreto.;pagamento;chat;treino
REC-00120;Fui tratado de forma pouco cordial e, além disso, o rastreio está confuso.;atendimento;chat;treino
REC-00121;o pedido ainda não chegou no meu último pedido. Isso aconteceu depois de alguns dias.;entrega;telefone;teste
REC-00122;Gostaria de registrar, o item também veio com uma avaria. O que mais preciso resolver é que o prazo mudou várias vezes. Como resolvo?;entrega;telefone;validacao
REC-00123;O item chegou com defeito desde ontem, na compra deste mês.;produto;chat;validacao
REC-00124;Oi, venho informar, fui tratado de forma pouco cordial. Também aconteceu o seguinte: a descrição do anúncio não bate com o que chegou. Obrigada.;produto;site;treino
REC-00125;A etiqueta de postagem nao foi liberada e, além disso, o pacote demorou a chegar.;troca_devolucao;app;teste
REC-00126;Estou com uma dúvida, estou tentando falar com alguém há dias no meu último pedido. Agradeço se puderem olhar isso.;atendimento;email;treino
REC-00127;Por favor, o pacote demorou a chegar, mas o valor cobrado está diferente do anunciado.;pagamento;email;treino
REC-00128;Estou esperando a encomenda há mais tempo que o informado no meu último pedido;entrega;chat;validacao
REC-00129;Estou tentando devolver o item. O que mais preciso resolver é que recebi informações diferentes de cada atendente.;atendimento;site;treino
REC-00130;registro a seguinte situação: o item chegou com defeito no meu último pedido?;produto;site;validacao
REC-00131;O prazo de troca está correndo e não consigo abrir a solicitação e, além disso, a entrega também atrasou.;troca_devolucao;site;treino
REC-00132;A etiqueta de postagem não foi liberada desde ontem?;troca_devolucao;email;treino
REC-00133;MEU CHAMADO ESTÁ SEM ATUALIZAÇÃO Podem verificar?;atendimento;app;treino
REC-00134;Meu chamado está sem atualização desde ontem? Fico no aguardo.;atendimento;chat;treino
REC-00135;Não consigo gerar o boleto no meu último peddo;pagamento;site;treino
REC-00136;"o produto veio usado; além disso, a entrega foi direcionada para outro endereço.";entrega;telefone;treino
REC-00137;Por favor, ninguém responde ao protocolo. O que mais preciso resolver é que uma parte do kit não veio.;produto;app;treino
REC-00138;o entregador marcou tentativa sem vir aqui no meu último pedido;entrega;app;treino
REC-00139;Bom dia, a parcela veio com valor incorreto. Também aconteceu o seguinte: o pacote sumiu no trajeto. Podem verificar?;entrega;email;treino
REC-00140;Então, oi, o entregador marcou tentativa sem vir aqui Podem verificar?;entrega;chat;treino
REC-00141;O suporte pede as mesmas informações toda vez e preciso saber o que aconteceu;atendimento;email;teste
REC-00142;Oi, a caixa veio com uma peça faltando, mas o pagamento foi recusado mesmo com limite.;pagamento;telefone;treino
REC-00143;Gostaria de solicitar apoio: o prazo mudou várias vezes e preciso saber o que aconteceu?;entrega;app;validacao
REC-00144;boa tarde, a entrega foi direcionada pra outro endereço e, além disso, o modelo recebido não era exatamente o esperado. preciso de um retorno.;entrega;email;treino
REC-00145;estou tentando devolver o item, mas recebi só uma parte da compra;entrega;chat;treino
REC-00146;Bom dia, uma parte do kit não veio há alguns dias. Conseguem me orientar?;produto;chat;treino
REC-00147;a transportadora não apareceu no endereço e o prazo de troca está correndo e não consigo abrir a solicitação.;entrega;app;treino
REC-00148;Solicito orientação: boa tarde, o material parece danificado no meu último pedido. Agradeço se puderem olhar isso.;produto;telefone;treino
REC-00149;O pix saiu da conta e a compra continua pendente e preciso saber o que aconteceu. Isso aconteceu na compra feita pelo aplicativo.;pagamento;email;treino
REC-00150;Gente, venho informar, a entrega também atrasou. O que mais preciso resolver é que o item chegou com defeito. Obrigado!;produto;email;treino
REC-00151;Solicito orientação: olá, o produto veio usado desde ontem?;produto;app;teste
REC-00152;Preciso de ajuda, o tamanho não corresponde ao informado há alguns dias;produto;email;treino
REC-00153;"recebi informações diferentes de cada atendente há alguns dias; situação observada desde ontem.";atendimento;telefone;treino
REC-00154;Preciso de ajuda, o valor cobrado está diferente do anunciado desde ontem Obrigada.;pagamento;app;treino
REC-00155;a peça veio quebrada desde ontem?;produto;chat;validacao
REC-00156;a cor veio diferente da escolhida e preciso saber o q aconteceu?;produto;chat;teste
REC-00157;Olá, preciso trocar o tamanho recebido no meu último pedido Obrigado.;troca_devolucao;site;treino
REC-00158;"Por favor, o item chegou com defeito; além disso, a compra foi cancelada, mas a cobrança permaneceu!";pagamento;site;treino
REC-00159;a solicitação de devolução não avança, mas ao mesmo tempo a descrição do anúncio não bate com o que chegou;troca_devolucao;email;validacao
REC-00160;O item também veio com uma avaria, mas a solicitação de devolução não avança.;troca_devolucao;email;treino
REC-00161;Houve problema com a transportadora. O que mais preciso resolver é que o suporte pede as mesmas informações toda vez.;atendimento;site;treino
REC-00162;olá, consta como entregue, mas não recebi. também aconteceu o seguinte: a parcela veio com valor incorreto.;pagamento;email;treino
REC-00163;Bom dia, a previsão de chegada passou e nada? Obrigada.;entrega;email;treino
REC-00164;Por favor, a etiqueta de postagem não foi liberada e preciso saber o que aconteceu.;troca_devolucao;chat;validacao
REC-00165;Prometeram retorno e não retornaram?;atendimento;email;treino
REC-00166;O cartão foi debitado, mas o pedido não confirmou e preciso saber o que aconteceu;pagamento;site;treino
REC-00167;Pessoal, a compra foi cancelada, mas a cobrança permaneceu e, além disso, o modelo recebido não era exatamente o esperado. Preciso de um retorno.;pagamento;email;treino
REC-00168;SOLICITO ORIENTAÇÃO: O MATERIAL PARECE DANIFICADO HÁ ALGUNS DIAS?;produto;chat;validacao
REC-00169;a peça veio quebrada e preciso saber o que aconteceu.;produto;email;treino
REC-00170;Desde o fim de semana, uma parte do kit não veio há alguns dias.;produto;site;treino
REC-00171;O pacote voltou para o remetente sem explicação e preciso saber o que aconteceu?;entrega;telefone;teste
REC-00172;Estou tentando falar com alguém há dias há alguns dias?;atendimento;chat;treino
REC-00173;A cor veio diferente da escolhida e preciso saber o que aconteceu?;produto;telefone;treino
REC-00174;por favor, estou tentando falar com alguém há dias e, além disso, a devolução não aparece no sistema. como resolvo?;atendimento;app;treino
REC-00175;;pagamento;telefone;treino
REC-00176;Pessoal, uma parte do kit não veio e, além disso, a entrega também atrasou. Agradeço se puderem olhar isso.;produto;site;treino
REC-00177;Na primeira tentativa, o sistema diz pagamento pendente, mas já paguei desde ontem.;pagamento;app;treino
REC-00178;Por favor, por favor, a compra chegou depois da data em que eu precisava há alguns dias Como resolvo?;entrega;app;teste
REC-00179;Oi, preciso substituir o item por outro modelo. Também aconteceu o seguinte: a parcela veio com valor incorreto.;pagamento;chat;treino
REC-00180;Olá, estou esperando a encomenda há mais tempo que o informado há alguns dias?;entrega;telefone;treino
REC-00181;Na primeira tentativa, o pix saiu da conta e a compra continua pendente e preciso saber o que aconteceu.;pagamento;chat;treino
REC-00182;"Recebi o modelo errado; ao mesmo tempo também tentei abrir uma troca.";produto;chat;treino
REC-00183;quero cancelar a compra e devolver o q recbi desde ontem.;troca_devolucao;site;treino
REC-00184;Gente, queria uma orientação, o sistema bloqueia a opção de devolução. Isso pode ser verificado, por favor?;troca_devolucao;site;treino
REC-00185;"Recebi informações diferentes de cada atendente; mas o desconto não foi aplicado.";atendimento;telefone;treino
REC-00186;A descrição do anúncio não bate com o que chegou. Isso aconteceu em uma compra recente.;produto;site;validacao
REC-00187;"O item apresentou problema no primeiro uso; ao mesmo tempo e ainda não consigo retorno no atendimento.";produto;telefone;teste
REC-00188;O desconto não foi aplicado, mas o rastreio parou de atualizar.;entrega;app;treino
REC-00189;O tamanho não corresponde ao informado?;produto;telefone;validacao
REC-00190;também tentei abrir uma troca. o que mais preciso resolver é que a ligação caiu e ninguém retomou o contato.;atendimento;chat;treino
REC-00191;o modelo recebido não era exatamente o esperado, mas foi incluída uma taxa que não estava prevista.;pagamento;chat;treino
REC-00192;estou com uma dúvida, a resposta recebida não tem relação com a minha dúvida há alguns dias obrigada.;atendimento;site;treino
REC-00193;A caixa veio com uma peça faltando. O que mais preciso resolver é que fui tratado de forma pouco cordial;atendimento;app;validacao
REC-00194;O pacote voltou para o remetente sem explicação, em uma compra recente.;entrega;site;treino
REC-00195;Registro a seguinte situação: a ligação caiu e ninguém retomou o contato, mas ao mesmo tempo a compra chegou depois da data em que eu precisava.;atendimento;chat;treino
REC-00196;POR FAVOR, O ENTREGADOR MARCOU TENTATIVA SEM VIR AQUI E, ALÉM DISSO, O ITEM TAMBÉM VEIO COM UMA AVARIA. ISSO PODE SER VERIFICADO, POR FAVOR?!;entrega;site;treino
REC-00197;Pessoal, a encomenda esta atrasada? Conseguem me orientar?;entrega;chat;treino
REC-00198;Por favor, estou com uma dúvida, ninguém responde ao protocolo. O que mais preciso resolver é que não reconheço uma cobrança relacionada ao pedido. Isso pode ser verificado, por favor?;pagamento;site;treino
REC-00199;"Olá, o tamanho não corresponde ao informado; além disso, recebi só uma parte da compra.";entrega;site;treino
REC-00200;Olá, o tamanho não corresponde ao informado há alguns dias? Agradeço se puderem olhar isso.;produto;site;treino
REC-00201;Registro a seguinte situação: o pedido ainda não chegou e preciso saber o que aconteceu.;entrega;email;validacao
REC-00202;Oi, a caixa veio com uma peça faltando, mas estou esperando a encomenda há mais tempo que o informado. Isso pode ser verificado, por favor?;entrega;app;validacao
REC-00203;A embalagem estava intacta, mas o item não funciona e, além disso, e ainda não consigo retorno no atendimento. Isso pode ser verificado, por favor?;produto;site;treino
REC-00204;Preciso substituir o item por outro modelo e, além disso, a entrega também atrasou.;troca_devolucao;chat;treino
REC-00205;"O tamanho não corresponde ao informado; e e ainda não consigo retorno no atendimento.";produto;app;validacao
REC-00206;Preciso de ajuda, o item chegou com defeito há alguns dias? Conseguem me orientar?;produto;chat;treino
REC-00207;"por favor, não consigo atendimento humano; apesar disso a caixa veio com uma peça faltando.";atendimento;chat;treino
REC-00208;O produto recebido é diferente do anúncio;produto;chat;treino
REC-00209;Por favor, queria uma orientação, o pacote demorou a chegar. O que mais preciso resolver é que enviei o item de volta e ainda não confirmaram o recebimento. Obrigado.;troca_devolucao;chat;teste
REC-00210;A cor veio diferente da escolhida e preciso saber o que aconteceu. Isso aconteceu no pedido que fiz para casa.;produto;app;validacao
REC-00211;o pix saiu da conta e a compra continua pendente no meu último pedido. Isso aconteceu desde a semana passada.;pagamento;email;treino
REC-00212;Também tentei abrir uma troca. O que mais preciso resolver é que o rastreio parou de atualizar.;entrega;app;treino
REC-00213;o item também veio com uma avaria. o que mais preciso resolver é que não consigo gerar o boleto.;pagamento;app;teste
REC-00214;"NINGUÉM RESPONDE MINHAS MENSAGENS; ALÉM DISSO, ENVIEI O ITEM DE VOLTA E AINDA N CONFIRMARAM O RECEBIMENTO.";troca_devolucao;telefone;treino
REC-00215;o produto recebido é diferente do anúncio há alguns dias?;produto;telefone;teste
REC-00216;ninguém responde ao protocolo, mas o item apresentou problema no primeiro uso;produto;site;treino
REC-00217;pessoal, enviei o item de volta e ainda não confirmaram o recebimento desde ontem? podem verificar?;troca_devolucao;site;treino
REC-00218;O tamanho não corresponde ao informado no meu último pedido?;produto;email;teste
REC-00219;O sistema diz pagamento pendente, mas já paguei e, além disso, o pacote demorou a chegar.;pagamento;telefone;validacao
REC-00220;venho informar, o estorno ainda não apareceu desde ontem conseguem me orientar?!!!;pagamento;chat;treino
REC-00221;Olá, o suporte pede as mesmas informações toda vez e quero devolver a compra e não encontro a opção.;atendimento;chat;validacao
REC-00222;já postei a devolução e o status n mudou 😤;troca_devolucao;site;treino
REC-00223;Só queria entender, o cupom foi aceito e depois o desconto sumiu, mas ao mesmo tempo o aparelho desliga sozinho. Como resolvo?;pagamento;site;validacao
REC-00224;por favor, não reconheço uma cobrança relacionada ao pedido. podem verificar? ...;pagamento;app;teste
REC-00225;"Meu chamado está sem atualização; apesar disso houve problema com a transportadora.";atendimento;email;treino
REC-00226;O sistema diz pagamento pendente, mas já paguei no meu último pedido.;pagamento;email;treino
REC-00227;Registro a seguinte situação: quero cancelar a compra e devolver o que recebi;troca_devolucao;email;teste
REC-00228;o item também veio com uma avaria, mas a solicitação de devolução não avança.;troca_devolucao;app;treino
REC-00229;Oi, a previsão de chegada passou e nada e, além disso, o modelo recebido não era exatamente o esperado.;entrega;app;treino
REC-00230;Então, também tentei abrir uma troca, mas o acabamento veio com marcas.;produto;site;teste
REC-00231;"Recebi informações diferentes de cada atendente; além disso, o produto recebido é diferente do anúncio.";produto;site;teste
REC-00232;O material parece danificado desde ontem;produto;email;validacao
REC-00233;a entrega foi direcionada pra outro endereço desde ontem;entrega;app;treino
REC-00234;Queria uma orientação, o desconto não foi aplicado, mas a coleta da devolução não aconteceu. Podem verificar?!;troca_devolucao;site;treino
REC-00235;QUERIA UMA ORIENTAÇÃO, NÃO CONSIGO LOCALIZAR ONDE ESTÁ A ENCOMENDA HÁ ALGUNS DIAS FICO NO AGUARDO.;entrega;chat;treino
REC-00236;Oi, prometeram retorno e não retornaram e preciso saber o que aconteceu;atendimento;telefone;teste
REC-00237;QUERO DEVOLVER A COMPRA E NÃO ENCONTRO A OPÇÃO E PRECISO SABER O QUE ACONTECEU?;troca_devolucao;site;treino
REC-00238;O protocolo foi fechado sem retorno e preciso saber o que aconteceu.;atendimento;email;treino
REC-00239;a devolução n aparece no sistema. o que mais preciso resolver é que o valor foi cobrado duas vezes. obrigada.;pagamento;chat;treino
REC-00240;A entrega foi direcionada para outro endereço Obrigada.;entrega;chat;teste
REC-00241;Por favor, o cupom foi aceito e depois o desconto sumiu desde ontem!;pagamento;chat;teste
REC-00242;Olá, olá, o pacote voltou para o remetente sem explicação desde ontem Como resolvo?;entrega;telefone;treino
REC-00243;Pessoal, o sistema bloqueia a opção de devolução no meu último peddo Isso pode ser verificado, por favor?;troca_devolucao;chat;treino
REC-00244;Por favor, também tentei abrir uma troca. O que mais preciso resolver é que o aparelho desliga sozinho. Isso pode ser verificado, por favor?;produto;email;treino
REC-00245;Gente, a encomenda está atrasada e, além disso, a devolução não aparece no sistema.;entrega;email;validacao
REC-00246;"Gostaria de registrar, o sistema diz pagamento pendente, mas já paguei; entretanto a entrega também atrasou. Obrigado.";pagamento;email;treino
REC-00247;Gostaria de solicitar apoio: oi, o produto recebido é diferente do anúncio há alguns dias. Preciso de um retorno.;produto;chat;treino
REC-00248;A transportadora não apareceu no endereço.;entrega;email;treino
REC-00249;Então, o aparelho desliga sozinho no meu último peddo;produto;telefone;treino
REC-00250;o sistema diz pagamento pendente, mas já paguei, mas ao mesmo tempo quero devolver a compra e não encontro a opção;pagamento;email;treino
REC-00251;Oi, estou tentando falar com alguém há dias há alguns dias;atendimento;telefone;treino
REC-00252;por favor, quero devolver a compra e não encontro a opção no meu último pedido isso pode ser verificado, por favor?;troca_devolucao;site;treino
REC-00253;o reembolso foi aprovado, porém não caiu e, além disso, a caixa veio com uma peça faltando.!!!;pagamento;app;treino
REC-00254;O tamanho não corresponde ao informado. Isso aconteceu hoje de manhã.;produto;site;validacao
REC-00255;oi, recebi o modelo errado desde ontem podem verificar!;produto;app;teste
REC-00256;a entrega também atrasou o q mais preciso resolver é q estou tentando falar com alguém há dias;atendimento;email;treino
REC-00257;Gostaria de registrar, o pagamento foi recusado mesmo com limite e a encomenda está atrasada. Preciso de um retorno.;pagamento;app;treino
REC-00258;Gente, preciso de ajuda, o valor foi cobrado duas vezes desde ontem? Podem verificar?;pagamento;app;treino
REC-00259;O pedido ainda não chegou e preciso saber o que aconteceu;entrega;app;treino
REC-00260;Fui tratado de forma pouco cordial há alguns dias?;atendimento;app;treino
REC-00261;Não consigo localizar onde está a encomenda e estou tentando falar com alguém há dias.;entrega;chat;treino
REC-00262;"A solicitação de devolução não avança; além disso, o pacote voltou para o remetente sem explicação.";entrega;email;treino
REC-00263;Por favor, ninguém responde minhas mensagens e, além disso, o estorno ainda está pendente. Como resolvo?;atendimento;site;validacao
REC-00264;alguém consegue me ajudar, o estorno ainda não apareceu e, além disso, a caixa veio com uma peça faltando;pagamento;chat;treino
REC-00265;Oi, o pacote voltou para o remetente sem explicação. Também aconteceu o seguinte: meu chamado está sem atualização. Obrigada.;atendimento;app;treino
REC-00266;A etiqueta de postagem não foi liberada.;troca_devolucao;chat;validacao
REC-00267;Por favor, a ligação caiu e ninguém retomou o contato?;atendimento;chat;treino
REC-00268;a etiqueta de postagem não foi liberada desde ontem.;troca_devolucao;chat;teste
REC-00269;Oi, foi incluída uma taxa que nao estava prevista e, além disso, o item também veio com uma avaria.;pagamento;site;treino
REC-00270;Por favor, estou com uma dúvida, a cor veio diferente da escolhida e preciso saber o que aconteceu Isso pode ser verificado, por favor?;produto;chat;treino
REC-00271;"O reembolso foi aprovado, porém não caiu, mas ao mesmo tempo o protocolo foi fechado sem retorno; preciso de retorno.";pagamento;telefone;teste
REC-00272;estou esperando a encomenda há mais tempo que o informado;entrega;chat;teste
REC-00273;POR FAVOR, PROMETERAM RETORNO E NÃO RETORNARAM E PRECISO SABER O QUE ACONTECEU?;atendimento;telefone;treino
REC-00274;Gente, preciso trocar o tamanho recebido desde ontem;troca_devolucao;telefone;treino
REC-00275;Bom dia, quero cancelar a compra e devolver o que recebi no meu último pedido. Fico no aguardo.;troca_devolucao;app;treino
REC-00276;Recebi o modelo errado e, além disso, o chat não esclareceu a situação.;produto;chat;teste
REC-00277;Por favor, não consigo gerar o boleto desde ontem;pagamento;chat;validacao
REC-00278;A cor veio diferente da escolhida. Isso aconteceu desde a última atualização do rastreio.;produto;chat;treino
REC-00279;Por favor, o item apresentou problema no primeiro uso e preciso saber o que aconteceu Conseguem me orientar?;produto;email;treino
REC-00280;Estou tentando falar com alguém há dias no meu último pedido;atendimento;email;treino
REC-00281;"estou tentando falar com alguém há dias; entretanto o rastreio está confuso";atendimento;email;treino
REC-00282;O material parece danificado.;produto;chat;treino
REC-00283;A transportadora não apareceu no endereço e uma parte do kit não veio.;entrega;chat;treino
REC-00284;venho informar, o pagamento foi recusado mesmo com limite há alguns dias.;pagamento;telefone;validacao
REC-00285;Então, a parcela veio com valor incorreto há alguns dias?;pagamento;email;treino
REC-00286;RECEBI SÓ UMA PARTE DA COMPRA NO MEU ÚLTIMO PEDIDO?;entrega;site;treino
REC-00287;o cartão foi debitado, mas o pedido não confirmou e, além disso, o item também veio com uma avaria. agradeço se puderem olhar isso.;pagamento;app;treino
REC-00288;o produto veio usado e preciso saber o q aconteceu.;produto;site;validacao
REC-00289;quero cancelar a compra e devolver o que recebi e preciso saber o que aconteceu.;troca_devolucao;chat;treino
REC-00290;"o item apresentou problema no primeiro uso; mas a devolução não aparece no sistema";produto;telefone;teste
REC-00291;A caixa veio com uma peça faltando. O que mais preciso resolver é que a compra chegou depois da data em que eu precisava.;entrega;email;teste
REC-00292;o tamanho não corresponde ao informado e preciso saber o q aconteceu?;produto;site;teste
REC-00293;Pessoal, também apareceu uma cobrança que não entendi, mas o entregador marcou tentativa sem vir aqui. Podem verificar?;entrega;chat;validacao
REC-00294;"Venho informar, a entrega foi direcionada para outro endereço; porém a caixa veio com uma peça faltando. Conseguem me orientar?";entrega;app;treino
REC-00295;Alguém consegue me ajudar, o modelo recebido não era exatamente o esperado, mas a ligação caiu e ninguém retomou o contato. Obrigada.;atendimento;site;teste
REC-00296;Consta como entregue, mas não recebi?;entrega;email;treino
REC-00297;o produto veio usado e o pacote voltou para o remetente sem explicação.;produto;email;treino
REC-00298;"Por favor, já postei a devolução e o status não mudou; só que também apareceu uma cobrança que não entendi.";troca_devolucao;telefone;teste
REC-00299;Então, o rastreio parou de atualizar desde ontem;entrega;telefone;validacao
REC-00300;"Gostaria de solicitar apoio: olá, o entregador marcou tentativa sem vir aqui; mas também apareceu uma cobrança que não entendi. Preciso de um retorno.";entrega;chat;treino
REC-00301;A parcela veio com valor incorreto, mas ao mesmo tempo faltou um acessório dentro da caixa.;pagamento;telefone;teste
REC-00302;Estou tentando devolver o item, mas a previsão de chegada passou e nada.;entrega;telefone;treino
REC-00303;Olá, a caixa veio com uma peça faltando. O que mais preciso resolver é que consta como entregue, mas não recebi. Agradeço se puderem olhar isso.;entrega;app;treino
REC-00304;"Solicito orientação: olá, o atendente informou um procedimento que não funciona; além disso, a transportadora não apareceu no endereço. Obrigado.";entrega;site;treino
REC-00305;"Oi, alguém consegue me ajudar, foi incluída uma taxa que não estava prevista; só que o chat não esclareceu a situação. Obrigado.";pagamento;email;treino
REC-00306;Gostaria de solicitar apoio: por favor, o reembolso foi aprovado, porém não caiu desde ontem.;pagamento;app;treino
REC-00307;Oi, o aparelho desliga sozinho. Também aconteceu o seguinte: a troca foi aprovada, mas o novo item não foi enviado.;troca_devolucao;site;treino
REC-00308;pessoal, também tentei abrir uma troca o que mais preciso resolver é que o item chegou com defeito isso pode ser verificado, por favor;produto;site;treino
REC-00309;a caixa veio com uma peça faltando. o que mais preciso resolver é que fui tratado de forma pouco cordial.;atendimento;email;treino
REC-00310;Boa tarde, o pacote sumiu no trajeto e a troca foi aprovada, mas o novo item não foi enviado. Isso pode ser verificado, por favor?;entrega;telefone;validacao
REC-00311;Preciso de ajuda, a descrição do anúncio não bate com o que chegou há alguns dias Fico no aguardo.;produto;telefone;treino
REC-00312;o prazo mudou várias vezes e preciso saber o que aconteceu;entrega;telefone;treino
REC-00313;recebi só uma parte da compra;entrega;email;treino
REC-00314;O entregador marcou tentativa sem vir aqui no meu último pedido;entrega;site;treino
REC-00315;Só queria entender, o estorno ainda está pendente, mas o material parece danificado. Conseguem me orientar?;produto;app;validacao
REC-00316;A caixa veio com uma peça faltando. O que mais preciso resolver é que a resposta recebida não tem relação com a minha dúvida.;atendimento;email;teste
REC-00317;também tentei abrir uma troca. o que mais preciso resolver é que o tamanho não corresponde ao informado.;produto;email;treino
REC-00318;Gostaria de solicitar apoio: venho informar, o pix saiu da conta e a compra continua pendente Fico no aguardo.;pagamento;chat;validacao
REC-00319;Faltou um acessório dentro da caixa há alguns dias?;produto;chat;validacao
REC-00320;O cupom foi aceito e depois o desconto sumiu no meu último pedido;pagamento;site;teste
REC-00321;O material parece danificado desde ontem? Preciso de um retorno.;produto;app;treino
REC-00322;Só queria entender, a etiqueta de postagem não foi liberada no meu último pedido? Conseguem me orientar?;troca_devolucao;site;treino
REC-00323;Pessoal, a caixa veio com uma peça faltando, mas o pagamento foi recusado mesmo com limite. Isso pode ser verificado, por favor?;pagamento;site;treino
REC-00324;"Preciso substituir o item por outro modelo; ao mesmo tempo houve problema com a transportadora.";troca_devolucao;site;teste
REC-00325;A cor veio diferente da escolhida há alguns dias?;produto;telefone;validacao
REC-00326;a troca foi aprovada, mas o novo item n foi enviado. também aconteceu o seguinte: o estorno ainda n apareceu.;pagamento;site;treino
REC-00327;Preciso de ajuda, o tamanho não corresponde ao informado. Agradeço se puderem olhar isso.;produto;app;treino
REC-00328;Por favor, a encomenda está atrasada e o produto recebido é diferente do anúncio;entrega;telefone;treino
REC-00329;a resposta recebida não tem relação com a minha dúvida no meu último pedido;atendimento;email;treino
REC-00330;Olá, quero devolver a compra e não encontro a opção e preciso saber o que aconteceu;troca_devolucao;email;validacao
REC-00331;"o atendente informou um procedimento que não funciona; porém a entrega também atrasou.";atendimento;site;treino
REC-00332;;pagamento;site;treino
REC-00333;"Gostaria de solicitar apoio: boa tarde, o atendimento encerrou o contato sem resolver; além disso, a parcela veio com valor incorreto.";pagamento;chat;treino
REC-00334;a entrega também atrasou, mas não consigo gerar o boleto.;pagamento;chat;treino
REC-00335;O pacote demorou a chegar, mas enviei o item de volta e ainda não confirmaram o recbimento;troca_devolucao;email;treino
REC-00336;O aparelho desliga sozinho desde ontem?;produto;site;treino
REC-00337;"Então, alguém consegue me ajudar, não sei onde acompanhar minha devolução; porém a caixa veio com uma peça faltando. Podem verificar?";troca_devolucao;site;validacao
REC-00338;Oi, depois da atualização do pedido, a cor veio diferente da escolhida há alguns dias.;produto;telefone;treino
REC-00339;a peça veio quebrada no meu último pedido;produto;telefone;treino
REC-00340;O suporte pede as mesmas informações toda vez no meu último pedido?;atendimento;site;treino
REC-00341;"meu chamado está sem atualização; além disso, estou esperando a encomenda há mais tempo q o informado.";entrega;chat;treino
REC-00342;Gostaria de solicitar apoio: não consigo gerar o boleto?;pagamento;telefone;treino
REC-00343;solicitei troca e recebi instruções contraditórias e, além disso, o chat não esclareceu a situação.;troca_devolucao;site;treino
REC-00344;ninguém responde ao protocolo. o que mais preciso resolver é que a descrição do anúncio não bate com o que chegou.;produto;chat;treino
REC-00345;preciso substituir o item por outro modelo desde ontem.;troca_devolucao;app;validacao
REC-00346;Solicito orientação: a compra foi cancelada, mas a cobrança permaneceu.;pagamento;app;validacao
REC-00347;estou com uma dúvida, o pix saiu da conta e a compra continua pendente há alguns dias. fico no aguardo. 😕;pagamento;telefone;validacao
REC-00348;Por favor, a caixa veio com uma peça faltando. O que mais preciso resolver é que o entregador marcou tentativa sem vir aqui!;entrega;app;treino
REC-00349;a compra foi cancelada, mas a cobrança permaneceu;pagamento;telefone;treino
REC-00350;só queria entender, o sistema bloqueia a opção de devolução e preciso saber o que aconteceu. isso pode ser verificado, por favor?;troca_devolucao;email;teste
REC-00351;"A troca foi aprovada, mas o novo item não foi enviado; além disso, foi incluída uma taxa que não estava prevista.";pagamento;email;treino
REC-00352;bom dia, o chat me transfere e ninguém assume o caso há alguns dias isso pode ser verificado, por favor?;atendimento;site;treino
REC-00353;Por favor, o valor foi cobrado duas vezes?;pagamento;chat;treino
REC-00354;Venho informar, a compra chegou depois da data em que eu precisava no meu último pedido? Fico no aguardo.;entrega;app;treino
REC-00355;Preciso trocar o tamanho recebido desde ontem, no pedido que fiz para casa.;troca_devolucao;email;treino
REC-00356;Também tentei abrir uma troca. O que mais preciso resolver é que recebi só uma parte da compra;entrega;site;treino
REC-00357;o suporte pede as mesmas informações toda vez e, além disso, o item também veio com uma avaria.;atendimento;app;treino
REC-00358;preciso de ajuda, a compra chegou depois da data em que eu precisava no meu último pedido? agradeço se puderem olhar isso.;entrega;telefone;treino
REC-00359;E ainda não consigo retorno no atendimnto, mas o pacote voltou para o remetente sem explicação!;entrega;chat;treino
REC-00360;"Por favor, não reconheço uma cobrança relacionada ao pedido; e também tentei abrir uma troca.";pagamento;site;treino
REC-00361;o protocolo foi fechado sem retorno.;atendimento;email;treino
REC-00362;Então, alguém consegue me ajudar, também apareceu uma cobrança que não entendi, mas a descrição do anúncio não bate com o que chegou. Fico no aguardo.;produto;chat;treino
REC-00363;a devolução não aparece no sistema. o que mais preciso resolver é que a compra foi cancelada, mas a cobrança permaneceu.;pagamento;site;treino
REC-00364;Gostaria de solicitar apoio: o peddo ainda não chegou desde ontem?;entrega;email;treino
REC-00365;Solicito orientação: enviei o item de volta e ainda não confirmaram o recbimento e preciso saber o que aconteceu;troca_devolucao;app;treino
REC-00366;O reembolso foi aprovado, porém não caiu e, além disso, o chat não esclareceu a situação.;pagamento;chat;treino
REC-00367;"Oi, o reembolso foi aprovado, porém não caiu; além disso, o pedido ainda não chegou.";entrega;email;treino
REC-00368;Recebi só uma parte da compra?;entrega;telefone;validacao
REC-00369;Então, pessoal, o entregador marcou tentativa sem vir aqui. Conseguem me orientar?;entrega;app;teste
REC-00370;"O acabamento veio com marcas; ao mesmo tempo o estorno ainda está pendente.";produto;telefone;treino
REC-00371;Por favor, a ligação caiu e ninguém retomou o contato e, além disso, estou tentando devolver o item.;atendimento;chat;treino
REC-00372;o chat me transfere e ninguém assume o caso há alguns dias;atendimento;chat;validacao
REC-00373;Olá, só queria entender, o chat não esclareceu a situação. O que mais preciso resolver é que o estorno ainda não apareceu. Podem verificar?;pagamento;telefone;treino
REC-00374;Oi, preciso de ajuda, o sistema diz pagamento pendente, mas ja paguei desde ontem Agradeço se puderem olhar isso.;pagamento;email;teste
REC-00375;"Estou tentando falar com alguém há dias; porém estou tentando devolver o item.";atendimento;telefone;teste
REC-00376;Oi, o produto recebido é diferente do anúncio e, além disso, ninguém responde ao protocolo.;produto;telefone;validacao
REC-00377;Bom dia, o item também veio com uma avaria. O que mais preciso resolver é que não consigo atendimento humano. Como resolvo?;atendimento;app;treino
REC-00378;O pacote voltou para o remetente sem explicação desde ontem.;entrega;chat;treino
REC-00379;Gente, também apareceu uma cobrança que não entendi, mas o pacote voltou para o remetente sem explicação.;entrega;telefone;treino
REC-00380;Oi, alguém consegue me ajudar, a cor veio diferente da escolhida desde ontem. Obrigada!;produto;chat;treino
REC-00381;O produto recebido é diferente do anúncio há alguns dias;produto;chat;validacao
REC-00382;o item também veio com uma avaria, mas não consigo localizar onde está a encomenda.;entrega;chat;treino
REC-00383;O pix saiu da conta e a compra continua pendente e preciso saber o que aconteceu?;pagamento;chat;treino
REC-00384;"Só queria entender, o sistema diz pagamento pendente, mas ja paguei; além disso, o produto recebido é diferente do anúncio. Preciso de um retorno.";produto;email;treino
REC-00385;"O chat me transfere e ninguém assume o caso; entretanto estou tentando devolver o item.";atendimento;telefone;validacao
REC-00386;O desconto não foi aplicado. O que mais preciso resolver é que a cor veio diferente da escolhida.;produto;email;validacao
REC-00387;a compra foi cancelada, mas a cobrança permaneceu desde ontem;pagamento;site;treino
REC-00388;boa tarde, recbi o modelo errado no meu último pedido preciso de um retorno;produto;telefone;treino
REC-00389;Registro a seguinte situação: pessoal, o sistema bloqueia a opção de devolução e preciso saber o que aconteceu. Isso pode ser verificado, por favor?;troca_devolucao;chat;treino
REC-00390;olá, ninguém responde ao protocolo, mas a compra chegou depois da data em que eu precisava. fico no aguardo.;entrega;email;treino
REC-00391;Olá, o reembolso foi aprovado, porém não caiu há alguns dias Obrigada.;pagamento;email;treino
REC-00392;O tamanho não corresponde ao informado desde ontem?;produto;chat;treino
REC-00393;MEU CHAMADO ESTÁ SEM ATUALIZAÇÃO?;atendimento;app;treino
REC-00394;boa tarde, tbm apareceu uma cobrança que não entendi, mas a resposta recebida não tem relação com a minha dúvida. obrigado.;atendimento;chat;treino
REC-00395;o valor foi cobrado duas vezes no meu último pedido;pagamento;chat;treino
REC-00396;QUERIA UMA ORIENTAÇÃO, NÃO CONSIGO GERAR O BOLETO NO MEU ÚLTIMO PEDDO. OBRIGADO.;pagamento;site;validacao
REC-00397;"Gente, pessoal, o peddo ainda não chegou; só que e ainda não consigo retorno no atendimento. Como resolvo?";entrega;site;validacao
REC-00398;"Por favor, não sei onde acompanhar minha devoluçao; porém o item também veio com uma avaria.";troca_devolucao;chat;treino
REC-00399;Estou com uma dúvida, preciso trocar o tamanho recebido desde ontem.;troca_devolucao;chat;teste
REC-00400;Estou com uma dúvida, o produto recebido é diferente do anúncio. Preciso de um retorno.;produto;telefone;treino
REC-00401;"olá, o pix saiu da conta e a compra continua pendente; só que ninguém responde ao protocolo. como resolvo?";pagamento;site;treino
REC-00402;faltou um acessório dentro da caixa no meu último pedido!;produto;chat;treino
REC-00403;Hoje de manhã, faltou um acessório dentro da caixa e preciso saber o que aconteceu.;produto;app;validacao
REC-00404;"Foi incluída uma taxa que não estava prevista há alguns dias; situação observada desde o fim de semana.";pagamento;app;treino
REC-00405;O aparelho desliga sozinho e preciso saber o que aconteceu.;produto;email;validacao
REC-00406;Na compra deste mês, a transportadora não apareceu no endereço e preciso saber o que aconteceu.;entrega;telefone;validacao
REC-00407;A cor veio diferente da escolhida e não consigo gerar o boleto.;produto;chat;treino
REC-00408;olá, o item apresentou problema no primeiro uso desde ontem isso pode ser verificado, por favor?;produto;chat;teste
REC-00409;"A ligação caiu e ninguém retomou o contato; porém o desconto nao foi aplicado.";atendimento;app;validacao
REC-00410;só queria entender, o valor cobrado está diferente do anunciado e preciso saber o que aconteceu. fico no aguardo.;pagamento;app;treino
REC-00411;A embalagem estava intacta, mas o item não funçiona e, além disso, o rastreio está confuso;produto;email;teste
REC-00412;Registro a seguinte situação: queria uma orientação, a previsão de chegada passou e nada e preciso saber o que aconteceu Obrigada.;entrega;site;treino
REC-00413;Por favor, solicito orientação: a peça veio quebrada no meu último pedido.;produto;chat;treino
REC-00414;fui tratado de forma pouco cordial e preciso saber o q aconteceu;atendimento;site;treino
REC-00415;"Gostaria de registrar, o atendimento encerrou o contato sem resolver; além disso, quero devolver a compra e não encontro a opção. Preciso de um retorno.";troca_devolucao;email;treino
REC-00416;Gostaria de solicitar apoio: o item chegou com defeito há alguns dias.;produto;app;treino
REC-00417;o entregador marcou tentativa sem vir aqui desde ontem;entrega;app;treino
REC-00418;Registro a seguinte situação: gostaria de registrar, estou tentando falar com alguém há dias? Agradeço se puderem olhar isso.;atendimento;telefone;treino
REC-00419;gostaria de registrar, o cartão foi debitado, mas o pedido não confirmou e preciso saber o que aconteceu. isso pode ser verificado, por favor?;pagamento;app;teste
REC-00420;Também tentei abrir uma troca. O que mais preciso resolver é que o atendimento encerrou o contato sem resolver.;atendimento;site;treino
REC-00421;o pedido ainda não chegou há alguns dias.;entrega;app;treino
REC-00422;Bom dia, o rastreio parou de atualizar e preciso saber o que aconteceu. Agradeço se puderem olhar isso.;entrega;email;treino
REC-00423;Gostaria de solicitar apoio: alguém consegue me ajudar, preciso trocar o tamanho recebido. Também aconteceu o seguinte: o atendimento encerrou o contato sem resolver. Agradeço se puderem olhar isso!;atendimento;chat;validacao
REC-00424;Olá, o material parece danificado desde ontem. Obrigada.;produto;site;treino
REC-00425;A previsão de chegada passou e nada e preciso saber o que aconteceu?;entrega;site;validacao
REC-00426;A etiqueta de postagem não foi liberada no meu último pedido. Isso aconteceu em uma compra recente.;troca_devolucao;email;treino
REC-00427;o entregador marcou tentativa sem vir aqui há alguns dias.;entrega;app;treino
REC-00428;O item chegou com defeito;produto;app;treino
REC-00429;Fui tratado de forma pouco cordial e preciso saber o que aconteceu Obrigada!;atendimento;telefone;treino
REC-00430;Registro a seguinte situação: o prazo mudou várias vezes;entrega;chat;treino
REC-00431;bom dia, ninguém responde minhas mensagens no meu último pedido fico no aguardo.;atendimento;chat;treino
REC-00432;"Então, não consigo localizar onde está a encomenda; porém também apareceu uma cobrança que não entendi.";entrega;email;treino
REC-00433;"Estou com uma dúvida, o item apresentou problema no primeiro uso; e também apareceu uma cobrança que não entendi. Podem verificar?";produto;site;validacao
REC-00434;Estou tentando falar com alguém há dias no meu último pedido?;atendimento;app;treino
REC-00435;Alguém consegue me ajudar, o pacote demorou a chegar, mas o prazo de troca está correndo e não consigo abrir a solicitação. Agradeço se puderem olhar isso.;troca_devolucao;site;validacao
REC-00436;Por favor, oi, só queria entender, o entregador marcou tentativa sem vir aqui e preciso saber o que aconteceu. Podem verificar.;entrega;email;treino
REC-00437;Boa tarde, o pacote sumiu no trajeto há alguns dias? Fico no aguardo.;entrega;site;teste
REC-00438;recbi o modelo errado, mas ao mesmo tempo ninguém responde minhas mensagens;produto;chat;teste
REC-00439;a coleta da devoluçao não aconteceu e, além disso, a caixa veio com uma peça faltando.;troca_devolucao;app;treino
REC-00440;o estorno ainda está pendente. o que mais preciso resolver é que estou esperando a encomenda há mais tempo que o informado.;entrega;email;treino
REC-00441;Só queria entender, também apareceu uma cobrança que não entendi, mas o pedido ainda não chegou!;entrega;telefone;teste
REC-00442;Olá, solicitei troca e recbi instruções contraditórias e preciso saber o que aconteceu;troca_devolucao;app;treino
REC-00443;nao consigo gerar o boleto há alguns dias?;pagamento;email;treino
REC-00444;"Gostaria de registrar, o pacote voltou para o remetente sem explicação; apesar disso estou tentando devolver o item. Podem verificar?";entrega;site;validacao
REC-00445;Gente, a encomenda está atrasada no meu último pedido.;entrega;email;treino
REC-00446;oi, o desconto não foi aplicado. o q mais preciso resolver é q o pacote sumiu no trajeto. podem verificar?!!!;entrega;email;treino
REC-00447;Olá, só queria entender, consta como entregue, mas não recebi e preciso saber o que aconteceu? Obrigada.;entrega;app;treino
REC-00448;Solicito orientação: alguém consegue me ajudar, o sistema diz pagamento pendente, mas já paguei há alguns dias?;pagamento;telefone;treino
REC-00449;o modelo recebido não era exatamente o esperado, mas o suporte pede as mesmas informações toda vez;atendimento;chat;treino
REC-00450;Estou com uma dúvida, estou esperando a encomenda há mais tempo que o informado há alguns dias. Conseguem me orientar?;entrega;site;teste
REC-00451;Venho informar, o valor foi cobrado duas vezes há alguns dias? Agradeço se puderem olhar isso.;pagamento;site;treino
REC-00452;"Registro a seguinte situação: o rastreio parou de atualizar; além disso, o suporte pede as mesmas informações toda vez.";atendimento;site;treino
REC-00453;Por favor, a cor veio diferente da escolhida e não consigo gerar o boletoo.;produto;email;treino
REC-00454;Então, o tamanho não corresponde ao informado há alguns dias.;produto;telefone;teste
REC-00455;foi incluída uma taxa que não estava prevista há alguns dias;pagamento;chat;treino
REC-00456;"por favor, a encomenda esta atrasada; apesar disso estou tentando devolver o item. obrigado.";entrega;site;teste
REC-00457;Então, venho informar, o rastreio parou de atualizar. Também aconteceu o seguinte: não reconheço uma cobrança relacionada ao pedido. Obrigado.;pagamento;app;validacao
REC-00458;queria uma orientação, não sei onde acompanhar minha devolução desde ontem preciso de um retorno.;troca_devolucao;app;teste
REC-00459;"O sistema diz pagamento pendente, mas já paguei; além disso, preciso substituir o item por outro modelo.";troca_devolucao;site;teste
REC-00460;O pix saiu da conta e a compra continua pendente e, além disso, a devolução não aparece no sistema.;pagamento;telefone;treino
REC-00461;Olá, por favor, enviei o item de volta e ainda não confirmaram o recebimento no meu último pedido. Preciso de um retorno.;troca_devolucao;telefone;treino
REC-00462;"O pedido ainda não chegou; além disso, o cartão foi debitado, mas o pedido não confirmou.";pagamento;chat;validacao
REC-00463;"O pix saiu da conta e a compra continua pendente e preciso saber o que aconteceu; situação observada na compra deste mês.";pagamento;chat;treino
REC-00464;O atendimento encerrou o contato sem resolver e, além disso, houve problema com a transportadora.;atendimento;app;validacao
REC-00465;Oi, a caixa veio com uma peça faltando. O que mais preciso resolver é que o valor cobrado está diferente do anunciado.;pagamento;email;treino
REC-00466;"preciso de ajuda, consta como entregue, mas n recebi; entretanto o estorno ainda está pendente. conseguem me orientar?";entrega;email;validacao
REC-00467;Oi, recebi informações diferentes de cada atendente e, além disso, a entrega tambem atrasou.;atendimento;app;treino
REC-00468;Queria uma orientação, o suporte pede as mesmas informações toda vez há alguns dias. Obrigada.;atendimento;chat;treino
REC-00469;Oi, o desconto não foi aplicado, mas o item apresentou problema no primeiro uso.;produto;email;treino
REC-00470;Gostaria de registrar, a devolução não aparece no sistema, mas o valor foi cobrado duas vezes. Conseguem me orientar?;pagamento;email;validacao
REC-00471;Olá, boa tarde, a peça veio quebrada no meu último pedido. Isso pode ser verificado, por favor?;produto;site;validacao
REC-00472;VENHO INFORMAR, RECEBI INFORMAÇÕES DIFERENTES DE CADA ATENDENTE HÁ ALGUNS DIAS CONSEGUEM ME ORIENTAR?;atendimento;email;validacao
REC-00473;"Solicito orientação: oi, o valor cobrado está diferente do anunciado; além disso, o pacote voltou para o remetente sem explicação. Preciso de um retorno.";entrega;app;treino
REC-00474;o pedido ainda n chegou também aconteceu o seguinte: n reconheço uma cobrança relacionada ao pedido;pagamento;site;treino
REC-00475;a entrega também atrasou. o que mais preciso resolver é que não consigo atendimento humano. podem verificar?;atendimento;app;treino
REC-00476;"Queria uma orientação, o protocolo foi fechado sem retorno; além disso, a troca foi aprovada, mas o novo item nao foi enviado. Obrigado.";troca_devolucao;telefone;treino
REC-00477;quero devolver a compra e não encontro a opção. também aconteceu o seguinte: a compra foi cancelada, mas a cobrança permaneceu.;pagamento;site;treino
REC-00478;Olá, boa tarde, solicitei troca e recebi instruções contraditórias? Obrigada.;troca_devolucao;chat;treino
REC-00479;"Oi, o entregador marcou tentativa sem vir aqui; mas e ainda não consigo retorno no atendimento.";entrega;app;treino
REC-00480;"Gostaria de solicitar apoio: a solicitação de devoluçao não avança; além disso, foi incluída uma taxa que não estava prevista.";pagamento;chat;teste
REC-00481;O prazo de troca está correndo e não consigo abrir a solicitação;troca_devolucao;telefone;treino
REC-00482;Gostaria de solicitar apoio: foi incluída uma taxa que não estava prevista, mas ao mesmo tempo a coleta da devolução não aconteceu.;pagamento;site;teste
REC-00483;"O cupom foi aceito e depois o desconto sumiu; ao mesmo tempo o rastreio está confuso.";pagamento;app;treino
REC-00484;Alguém consegue me ajudar, o item chegou com defeito. Preciso de um retorno.;produto;site;teste
REC-00485;"Preciso trocar o tamanho recebido; porém e ainda não consigo retorno no atendimento.";troca_devolucao;app;treino
REC-00486;"O pedido ainda não chegou; ao mesmo tempo também tentei abrir uma troca.";entrega;chat;treino
REC-00487;Bom dia, a transportadora não apareceu no endereço no meu último pedido? Agradeço se puderem olhar isso.;entrega;app;treino
REC-00488;Só queria entender, prometeram retorno e não retornaram. Também aconteceu o seguinte: não sei onde acompanhar minha devolução.;troca_devolucao;email;validacao
REC-00489;Estou esperando a encomenda há mais tempo que o informado no meu último pedido.;entrega;site;teste
REC-00490;Olá, venho informar, ninguém responde minhas mensagens há alguns dias.;atendimento;chat;treino
REC-00491;olá, o sistema diz pagamento pendente, mas já paguei no meu último pedido.;pagamento;telefone;treino
REC-00492;"O pagamento foi recusado mesmo com limite; porém o chat não esclareceu a situação.";pagamento;email;treino
REC-00493;A LIGAÇÃO CAIU E NINGUÉM RETOMOU O CONTATO DESDE ONTEM?;atendimento;site;treino
REC-00494;o item também veio com uma avaria, mas já postei a devolução e o status não mudou. ...;troca_devolucao;site;treino
REC-00495;venho informar, o pedido ainda não chegou há alguns dias? podem verificar?;entrega;site;validacao
REC-00496;Registro a seguinte situação: o peddo ainda não chegou há alguns dias?!;entrega;app;validacao
REC-00497;Por favor, a compra chegou depois da data em que eu precisava e preciso saber o que aconteceu.;entrega;telefone;treino
REC-00498;A peça veio quebrada no meu último pedido, desde a última atualização do rastreio.;produto;site;treino
REC-00499;Preciso de ajuda, a compra foi cancelada, mas a cobrança permaneceu e, além disso, houve problema com a transportadora. Como resolvo?;pagamento;chat;teste
REC-00500;Oi, foi incluída uma taxa que não estava prevista há alguns dias.;pagamento;chat;treino
REC-00501;o item chegou com defeito e preciso saber o q aconteceu;produto;telefone;treino
REC-00502;Boa tarde, recebi informações diferentes de cada atendente no meu último pedido Conseguem me orientar?;atendimento;app;treino
REC-00503;o valor cobrado esta diferente do anunciado há alguns dias.;pagamento;site;teste
REC-00504;"Recebi informações diferentes de cada atendente; ao mesmo tempo estou tentando devolver o item.";atendimento;email;treino
REC-00505;oi, solicitei troca e recebi instruções contraditórias há alguns dias preciso de um retorno.;troca_devolucao;site;treino
REC-00506;O atendente informou um procedimento que não funciona há alguns dias;atendimento;app;treino
REC-00507;Estou com uma dúvida, foi incluída uma taxa que não estava prevista e preciso saber o que aconteceu Isso pode ser verificado, por favor?;pagamento;telefone;validacao
REC-00508;Solicito orientação: prometeram retorno e não retornaram, mas ao mesmo tempo a compra chegou depois da data em que eu precisava.;atendimento;chat;treino
REC-00509;Então, a devolução não aparece no sistema. O que mais preciso resolver é que o valor foi cobrado duas vezes.;pagamento;email;treino
REC-00510;Oi, o rastreio está confuso, mas o item chegou com defeito.;produto;app;treino
REC-00511;Solicito orientação: o item chegou com defeito há alguns dias?;produto;chat;teste
REC-00512;"Alguém consegue me ajudar, o produto recebido é diferente do anúncio; além disso, o pedido ainda não chegou. Como resolvo?";entrega;chat;teste
REC-00513;preciso de ajuda, a previsão de chegada passou e nada e o aparelho desliga sozinho;entrega;telefone;treino
REC-00514;Gente, o protocolo foi fechado sem retorno. Também aconteceu o seguinte: estou esperando a encomenda há mais tempo que o informado.;entrega;telefone;treino
REC-00515;Venho informar, o rastreio parou de atualizar. Fico no aguardo!;entrega;email;treino
REC-00516;"pessoal, a parcela veio com valor incorreto; ao mesmo tempo o rastreio está confuso. obrigado.";pagamento;chat;treino
REC-00517;Por favor, também tentei abrir uma troca. O que mais preciso resolver é que o chat me transfere e ninguém assume o caso. Obrigado;atendimento;chat;treino
REC-00518;a entrega também atrasou, mas a cor veio diferente da escolhida. conseguem me orientar?;produto;site;treino
REC-00519;olá, o pacote demorou a chegar, mas não reconheço uma cobrança relacionada ao pedido. obrigada.;pagamento;site;treino
REC-00520;por favor, o pagamento foi recusado mesmo com limite também aconteceu o seguinte: meu chamado está sem atualização conseguem me orientar;atendimento;app;treino
REC-00521;Olá, o produto veio usado há alguns dias;produto;site;teste
REC-00522;Por favor, olá, o pedido ainda não chegou no meu último pedido Fico no aguardo.;entrega;telefone;treino
REC-00523;Ninguém responde ao protocolo. O que mais preciso resolver é que o estorno ainda não apareceu.;pagamento;app;treino
REC-00524;Registro a seguinte situação: boa tarde, o produto veio usado? Preciso de um retorno.;produto;email;treino
REC-00525;Olá, a coleta da devolução não aconteceu. Também aconteceu o seguinte: o pagamento foi recusado mesmo com limite.;pagamento;app;treino
REC-00526;a troca foi aprovada, mas o novo item não foi enviado;troca_devolucao;site;validacao
REC-00527;o pacote sumiu no trajeto no meu último pedido;entrega;app;teste
REC-00528;Boa tarde, o sistema bloqueia a opção de devolução. Também aconteceu o seguinte: o atendimento encerrou o contato sem resolver. Agradeço se puderem olhar isso.;atendimento;app;treino
REC-00529;A caixa veio com uma peça faltando, mas o entregador marcou tentativa sem vir aqui.;entrega;app;validacao
REC-00530;"Já postei a devolução e o status não mudou; além disso, não consigo atendimento humano.";atendimento;telefone;treino
REC-00531;Gostaria de registrar, a troca foi aprovada, mas o novo item não foi enviado há alguns dias. Obrigado.;troca_devolucao;chat;treino
REC-00532;Prometeram retorno e não retornaram há alguns dias.;atendimento;telefone;treino
REC-00533;meu chamado está sem atualização há alguns dias?;atendimento;telefone;treino
REC-00534;Solicito orientação: o pagamento foi recusado mesmo com limite há alguns dias?;pagamento;email;teste
REC-00535;Oi, fui tratado de forma pouco cordial desde ontem Agradeço se puderem olhar isso.;atendimento;app;treino
REC-00536;Queria uma orientação, também tentei abrir uma troca. O que mais preciso resolver é que a peça veio quebrada. Obrigado.;produto;app;treino
REC-00537;estou com uma dúvida, uma parte do kit não veio e o cupom foi aceito e depois o desconto sumiu preciso de um retorno;produto;email;treino
REC-00538;o valor cobrado está diferente do anunciado.;pagamento;app;treino
REC-00539;"Venho informar, o rastreio parou de atualizar; mas o desconto não foi aplicado. Como resolvo?";entrega;telefone;validacao
REC-00540;a descrição do anúncio não bate com o que chegou há alguns dias.;produto;app;treino
REC-00541;"Preciso trocar o tamanho recebido; apesar disso o pacote demorou a chegar.";troca_devolucao;email;treino
REC-00542;preciso de ajuda, uma parte do kit não veio e preciso saber o q aconteceu? preciso de um retorno!;produto;site;teste
REC-00543;A parcela veio com valor incorreto e, além disso, a entrega também atrasou!;pagamento;telefone;treino
REC-00544;"Estou com uma dúvida, a ligação caiu e ninguém retomou o contato; além disso, o pacote sumiu no trajeto. Preciso de um retorno.";entrega;email;treino
REC-00545;Por favor, gente, oi, o entregador marcou tentativa sem vir aqui e preciso saber o que aconteceu. Preciso de um retorno.;entrega;telefone;validacao
REC-00546;o chat me transfere e ninguém assume o caso.;atendimento;site;treino
REC-00547;A caixa veio com uma peça faltando. O que mais preciso resolver é que o sistema bloqueia a opção de devolução.;troca_devolucao;email;treino
REC-00548;O atendimento encerrou o contato sem resolver no meu último pedido?!;atendimento;chat;treino
REC-00549;Foi incluída uma taxa que não estava prevista e preciso saber o que aconteceu?!;pagamento;site;teste
REC-00550;Olá, o tamanho não corresponde ao informado, mas ao mesmo tempo solicitei troca e recebi instruções contraditórias. Podem verificar?;produto;app;treino
REC-00551;"Oi, boa tarde, a solicitação de devolução não avança; ao mesmo tempo o estorno ainda está pendente. Conseguem me orientar?";troca_devolucao;telefone;validacao
REC-00552;faltou um acessório dentro da caixa;produto;site;treino
REC-00553;preciso substituir o item por outro modelo e preciso saber o que aconteceu.;troca_devolucao;chat;treino
REC-00554;estou com uma dúvida, o cupom foi aceito e depois o desconto sumiu. também aconteceu o seguinte: solicitei troca e recebi instruções contraditórias. agradeço se puderem olhar isso.;troca_devolucao;email;treino
REC-00555;"Oi, olá, a compra foi cancelada, mas a cobrança permaneceu; além disso, a entrega foi direcionada para outro endereço. Conseguem me orientar?";entrega;app;treino
REC-00556;fui tratado de forma pouco cordial há alguns dias?;atendimento;app;treino
REC-00557;"Olá, venho informar, a embalagem estava intacta, mas o item não funciona; entretanto a devolução não aparece no sistema. Obrigada.";produto;app;treino
REC-00558;A troca foi aprovada, mas o novo item não foi enviado. Também aconteceu o seguinte: não reconheço uma cobrança relacionada ao pedido.;pagamento;app;validacao
REC-00559;olá, a etiqueta de postagem n foi liberada e, além disso, o desconto n foi aplicado. como resolvo?;troca_devolucao;telefone;treino
REC-00560;Solicito orientação: estou tentando devolver o item, mas o atendimento encerrou o contato sem resolver.;atendimento;telefone;teste
REC-00561;a cor veio diferente da escolhida.;produto;telefone;treino
REC-00562;o atendente informou um procedimento q n funciona desde ontem?;atendimento;site;treino
REC-00563;Não consigo atendimento humano e preciso saber o que aconteceu?;atendimento;app;validacao
REC-00564;O reembolso foi aprovado, porém não caiu e, além disso, houve problema com a transportadora;pagamento;chat;treino
REC-00565;Olá, uma parte do kit não veio;produto;email;treino
REC-00566;Então, a entrega foi direcionada para outro endereço desde ontem.;entrega;telefone;treino
REC-00567;Boa tarde, não sei onde acompanhar minha devoluçao e, além disso, o chat não esclareceu a situação. Podem verificar?;troca_devolucao;email;teste
REC-00568;recebi o modelo errado, mas ao mesmo tempo o pedido ainda não chegou.;produto;site;teste
REC-00569;Preciso de ajuda, foi incluída uma taxa que não estava prevista no meu último pedido Podem verificar?;pagamento;chat;treino
REC-00570;gostaria de registrar, o tamanho não corresponde ao informado no meu último pedido isso pode ser verificado, por favor;produto;telefone;treino
REC-00571;Oi, a transportadora não apareceu no endereço no meu último pedido? Como resolvo?;entrega;email;treino
REC-00572;O estorno ainda está pendente, mas consta como entregue, mas não recebi.;entrega;telefone;validacao
REC-00573;enviei o item de volta e ainda não confirmaram o recebimento e, além disso, o estorno ainda está pendente.;troca_devolucao;chat;teste
REC-00574;a compra chegou depois da data em que eu precisava?;entrega;chat;treino
REC-00575;;atendimento;email;treino
REC-00576;"o tamanho não corresponde ao informado; só que o pacote demorou a chegar.";produto;site;teste
REC-00577;"Gente, queria uma orientação, meu chamado está sem atualização; entretanto o item também veio com uma avaria. Podem verificar?";atendimento;chat;treino
REC-00578;Olá, não consigo localizar onde está a encomenda no meu último pedido?!;entrega;email;treino
REC-00579;"Oi, o protocolo foi fechado sem retorno; porém a devolução não aparece no sistema.";atendimento;email;treino
REC-00580;o atendimento encerrou o contato sem resolver no meu último pedido. 😕;atendimento;email;treino
REC-00581;"Registro a seguinte situação: o rastreio parou de atualizar; e ninguém responde ao protocolo.";entrega;site;validacao
REC-00582;Gente, o material parece danificado;produto;app;teste
REC-00583;A solicitação de devolução não avança no meu último pedido;troca_devolucao;app;teste
REC-00584;Por favor, enviei o item de volta e ainda nao confirmaram o recebimento há alguns dias?;troca_devolucao;site;validacao
REC-00585;o item chegou com defeito desde ontem.;produto;email;treino
REC-00586;O pacote sumiu no trajeto há alguns dias.;entrega;email;treino
REC-00587;recebi informações diferentes de cada atendente e, além disso, a devolução não aparece no sistema.;atendimento;telefone;treino
REC-00588;A coleta da devolução não aconteceu há alguns dias?;troca_devolucao;telefone;treino
REC-00589;o estorno ainda está pendente. o que mais preciso resolver é que estou esperando a encomenda há mais tempo que o informado.;entrega;chat;treino
REC-00590;Alguém consegue me ajudar, o aparelho desliga sozinho e preciso saber o que aconteceu Isso pode ser verificado, por favor?;produto;site;treino
REC-00591;Oi, queria uma orientação, e ainda não consigo retorno no atendimento. O que mais preciso resolver é que o prazo de troca está correndo e não consigo abrir a solicitação. Podem verificar?;troca_devolucao;chat;treino
REC-00592;Alguém consegue me ajudar, enviei o item de volta e ainda não confirmaram o recebimento no meu último pedido? Conseguem me orientar?;troca_devolucao;telefone;treino
REC-00593;Oi, por favor, a ligação caiu e ninguém retomou o contato Obrigado.;atendimento;chat;treino
REC-00594;Gostaria de registrar, o estorno ainda está pendente, mas enviei o item de volta e ainda não confirmaram o recebimento. Agradeço se puderem olhar isso.;troca_devolucao;site;treino
REC-00595;O modelo recebido não era exatamente o esperado. O que mais preciso resolver é que o pacote voltou para o remetente sem explicação.;entrega;site;treino
REC-00596;"A peça veio quebrada; além disso, a coleta da devolução não aconteceu.";troca_devolucao;site;treino
REC-00597;"O produto recebido é diferente do anúncio; além disso, não consigo atendimento humano.";atendimento;site;treino
REC-00598;Oi, o tamanho não corresponde ao informado desde ontem;produto;chat;treino
REC-00599;"O protocolo foi fechado sem retorno; e o modelo recebido não era exatamente o esperado.";atendimento;site;teste
REC-00600;Oi, a entrega foi direcionada para outro endereço no meu último pedido.;entrega;site;treino
REC-00601;Só queria entender, o prazo mudou várias vezes. Também aconteceu o seguinte: o cartão foi debitado, mas o pedido não confirmou.;pagamento;telefone;treino
REC-00602;"O suporte pede as mesmas informações toda vez; ao mesmo tempo também apareceu uma cobrança que não entendi.";atendimento;telefone;treino
REC-00603;A previsão de chegada passou e nada e o valor foi cobrado duas vezes!;entrega;email;treino
REC-00604;Então, gostaria de registrar, estou tentando falar com alguém há dias. Também aconteceu o seguinte: o estorno ainda não apareceu. Obrigado.;pagamento;email;treino
REC-00605;E ainda não consigo retorno no atendimento, mas a peça veio quebrada.;produto;telefone;treino
REC-00606;a transportadora não apareceu no endereço no meu último pedido.;entrega;chat;treino
REC-00607;Bom dia, a devolução não aparece no sistema, mas foi incluída uma taxa que não estava prevista. Obrigado.;pagamento;site;treino
REC-00608;venho informar, o prazo de troca está correndo e n consigo abrir a solicitação há alguns dias. como resolvo?;troca_devolucao;email;teste
REC-00609;O pacote sumiu no trajeto;entrega;telefone;treino
REC-00610;Por favor, gente, o item chegou com defeito desde ontem.;produto;telefone;teste
REC-00611;Por favor, o atendente informou um procedimento que não funciona e preciso saber o que aconteceu? Isso pode ser verificado, por favor?;atendimento;email;teste
REC-00612;olá, a previsão de chegada passou e nada desde ontem obrigada;entrega;email;treino
REC-00613;bom dia, o pacote sumiu no trajeto no meu último pedido conseguem me orientar?;entrega;app;treino
REC-00614;o produto veio usado e a parcela veio com valor incorreto.;produto;site;teste
REC-00615;O rastreio parou de atualizar no meu último peddo.;entrega;app;teste
REC-00616;Oi, não reconheço uma cobrança relacionada ao pedido e preciso saber o que aconteceu?;pagamento;email;treino
REC-00617;A entrega foi direcionada para outro endereço há alguns dias;entrega;chat;teste
REC-00618;Preciso trocar o tamanho recebido há alguns dias;troca_devolucao;site;treino
REC-00619;O item também veio com uma avaria. O que mais preciso resolver é que o entregador marcou tentativa sem vir aqui;entrega;app;validacao
REC-00620;"O suporte pede as mesmas informações toda vez; ao mesmo tempo a devolução nao aparece no sistema.";atendimento;chat;treino
REC-00621;bom dia, o modelo recebido não era exatamente o esperado. o que mais preciso resolver é que o chat me transfere e ninguém assume o caso. conseguem me orientar?;atendimento;telefone;treino
REC-00622;Registro a seguinte situação: gostaria de registrar, e ainda não consigo retorno no atendimnto, mas estou esperando a encomenda há mais tempo que o informado. Como resolvo?;entrega;telefone;treino
REC-00623;o reembolso foi aprovado, porém n caiu no meu último pedido?;pagamento;chat;teste
REC-00624;QUERIA UMA ORIENTAÇÃO, E AINDA NÃO CONSIGO RETORNO NO ATENDIMENTO, MAS O ACABAMENTO VEIO COM MARCAS. COMO RESOLVO?;produto;email;teste
REC-00625;olá, a entrega foi direcionada para outro endereço?!;entrega;app;treino
REC-00626;O suporte pede as mesmas informações toda vez;atendimento;site;treino
REC-00627;Por favor, a embalagem estava intacta, mas o item não funciona no meu último pedido?;produto;chat;treino
REC-00628;Registro a seguinte situação: o entregador marcou tentativa sem vir aqui há alguns dias;entrega;chat;treino
REC-00629;Registro a seguinte situação: a solicitação de devolução não avança no meu último pedido;troca_devolucao;app;teste
REC-00630;Meu chamado está sem atualização e a compra chegou depois da data em que eu precisava.;atendimento;email;treino
REC-00631;Venho informar, a caixa veio com uma peça faltando, mas fui tratado de forma pouco cordial. Conseguem me orientar?;atendimento;email;treino
REC-00632;"Olá, fui tratado de forma pouco cordial; entretanto a caixa veio com uma peça faltando.";atendimento;telefone;teste
REC-00633;Por favor, bom dia, e ainda não consigo retorno no atendimento, mas foi incluída uma taxa que não estava prevista. obrigada.;pagamento;telefone;treino
REC-00634;Venho informar, o peddo ainda não chegou e preciso saber o que aconteceu Fico no aguardo.;entrega;chat;treino
REC-00635;Queria uma orientação, consta como entregue, mas não recebi.;entrega;site;treino
REC-00636;"a solicitação de devolução n avança; além disso, a cor veio diferente da escolhida.";produto;email;treino
REC-00637;Fui tratado de forma pouco cordial e preciso saber o que aconteceu;atendimento;email;teste
REC-00638;Gente, o tamanho não corresponde ao informado há alguns dias;produto;site;treino
REC-00639;o desconto não foi aplicado, mas prometeram retorno e não retornaram.;atendimento;telefone;validacao
REC-00640;"Por favor, estou esperando a encomenda há mais tempo que o informado; além disso, o chat me transfere e ninguém assume o caso!";atendimento;app;treino
REC-00641;também apareceu uma cobrança que não entendi. o que mais preciso resolver é que o pedido ainda não chegou. agradeço se puderem olhar isso.;entrega;app;treino
REC-00642;Preciso de ajuda, não consigo localizar onde está a encomenda desde ontem. Isso pode ser verificado, por favor?;entrega;telefone;treino
REC-00643;o material parece danificado e, além disso, a entrega também atrasou.;produto;app;validacao
REC-00644;"O item apresentou problema no primeiro uso e preciso saber o que aconteceu; situação observada depois da atualização do pedido.";produto;site;treino
REC-00645;Quero devolver a compra e não encontro a opção.;troca_devolucao;chat;treino
REC-00646;O estorno ainda está pendente, mas o chat me transfere e ninguém assume o caso.;atendimento;chat;treino
REC-00647;Já postei a devolução e o status não mudou no meu último pedido;troca_devolucao;site;treino
REC-00648;Depois de alguns dias, recebi só uma parte da compra desde ontem.;entrega;email;treino
REC-00649;"preciso de ajuda, o protocolo foi fechado sem retorno; além disso, a transportadora não apareceu no endereço. agradeço se puderem olhar isso.";entrega;email;teste
REC-00650;Por favor, a ligação caiu e ninguém retomou o contato desde ontem;atendimento;app;teste
REC-00651;pessoal, a transportadora não apareceu no endereço desde ontem;entrega;chat;treino
REC-00652;A compra foi cancelada, mas a cobrança permaneceu desde ontem;pagamento;email;treino
REC-00653;"Oi, boa tarde, não reconheço uma cobrança relacionada ao pedido; só que a caixa veio com uma peça faltando. Obrigada.";pagamento;chat;treino
REC-00654;Gente, alguém consegue me ajudar, a cor veio diferente da escolhida no meu último pedido? Conseguem me orientar?;produto;app;treino
REC-00655;o aparelho desliga sozinho e preciso saber o que aconteceu. Isso aconteceu depois da atualização do pedido.;produto;app;treino
REC-00656;Solicito orientação: o sistema diz pagamento pendente, mas já paguei no meu último pedido.;pagamento;app;treino
REC-00657;Então, alguém consegue me ajudar, recebi só uma parte da compra há alguns dias. Obrigada.;entrega;chat;validacao
REC-00658;Em uma compra recente, o produto recebido é diferente do anúncio desde ontem.;produto;email;treino
REC-00659;OI, O ACABAMENTO VEIO COM MARCAS DESDE ONTEM;produto;site;teste
REC-00660;o rastreio está confuso o que mais preciso resolver é que preciso trocar o tamanho recebido;troca_devolucao;telefone;treino
REC-00661;consta como entregue, mas não recebi desde ontem.;entrega;email;treino
REC-00662;BOA TARDE, A ENTREGA TBM ATRASOU. O QUE MAIS PRECISO RESOLVER É QUE O SUPORTE PEDE AS MESMAS INFORMAÇÕES TODA VEZ. COMO RESOLVO?;atendimento;email;treino
REC-00663;"Por favor, alguém consegue me ajudar, a encomenda está atrasada; ao mesmo tempo o modelo recebido não era exatamente o esperado. Fico no aguardo.";entrega;app;validacao
REC-00664;Pessoal, prometeram retorno e não retornaram no meu último pedido? Podem verificar?;atendimento;app;treino
REC-00665;Então, a cor veio diferente da escolhida e, além disso, ninguém responde ao protocolo.;produto;site;teste
REC-00666;Por favor, a cor veio diferente da escolhida;produto;app;treino
REC-00667;o estorno ainda está pendente. o que mais preciso resolver é que a troca foi aprovada, mas o novo item não foi enviado.;troca_devolucao;site;treino
REC-00668;o reembolso foi aprovado, porém não caiu e preciso saber o q aconteceu ..!;pagamento;chat;validacao
REC-00669;só queria entender, a previsão de chegada passou e nada e preciso saber o que aconteceu podem verificar;entrega;site;treino
REC-00670;Solicito orientação: queria uma orientação, e ainda não consigo retorno no atendimento. O que mais preciso resolver é que preciso substituir o item por outro modelo. Podem verificar?;troca_devolucao;app;treino
REC-00671;O entregador marcou tentativa sem vir aqui e preciso saber o que aconteceu?;entrega;email;teste
REC-00672;Queria uma orientação, a compra chegou depois da data em que eu precisava desde ontem? Isso pode ser verificado, por favor?;entrega;site;teste
REC-00673;Olá, o pacote voltou para o remetente sem explicação há alguns dias;entrega;app;validacao
REC-00674;O material parece danificado e preciso saber o que aconteceu;produto;site;treino
REC-00675;O sistema diz pagamento pendente, mas já paguei desde ontem?;pagamento;app;treino
REC-00676;Queria uma orientação, quero cancelar a compra e devolver o que recebi no meu último pedido? Fico no aguardo.;troca_devolucao;telefone;treino
REC-00677;Estou com uma dúvida, o pacote demorou a chegar, mas o pagamento foi recusado mesmo com limite. Podem verificar?;pagamento;chat;treino
REC-00678;Alguém consegue me ajudar, solicitei troca e recebi instruções contraditórias há alguns dias. Isso pode ser verificado, por favor?;troca_devolucao;app;treino
REC-00679;Por favor, o prazo de troca está correndo e não consigo abrir a solicitação no meu último pedido. Obrigado.;troca_devolucao;site;treino
REC-00680;"O valor cobrado está diferente do anunciado; ao mesmo tempo o rastreio está confuso.";pagamento;site;treino
REC-00681;Solicito orientação: o estorno ainda está pendente, mas consta como entregue, mas não recebi.;entrega;email;validacao
REC-00682;"Olá, o protocolo foi fechado sem retorno; porém o desconto nao foi aplicado. Como resolvo?";atendimento;site;validacao
REC-00683;Gostaria de solicitar apoio: o chat me transfere e ninguém assume o caso;atendimento;app;teste
REC-00684;Olá, venho informar, a compra foi cancelada, mas a cobrança permaneceu há alguns dias Conseguem me orientar?;pagamento;email;treino
REC-00685;o modelo recebido não era exatamente o esperado, mas recebi só uma parte da compra.;entrega;site;treino
REC-00686;Olá, também tentei abrir uma troca, mas o acabamento veio com marcas.;produto;site;treino
REC-00687;Bom dia, a encomenda está atrasada no meu último pedido!;entrega;telefone;treino
REC-00688;No pedido mais recente, a descrição do anúncio não bate com o que chegou.;produto;email;treino
REC-00689;O estorno ainda não apareceu? Isso pode ser verificado, por favor?;pagamento;site;treino
REC-00690;boa tarde, a caixa veio com uma peça faltando. o q mais preciso resolver é q o atendimnto encerrou o contato sem resolver. preciso de um retorno.;atendimento;app;treino
REC-00691;O desconto não foi aplicado, mas faltou um acessório dentro da caixa.;produto;email;treino
REC-00692;A entrega foi direcionada para outro endereço e, além disso, o estorno ainda está pendente.;entrega;app;treino
REC-00693;ninguém responde minhas mensagens e, além disso, o modelo recebido não era exatamente o esperado;atendimento;telefone;validacao
REC-00694;OI, O ATENDENTE INFORMOU UM PROCEDIMENTO QUE NÃO FUNCIONA E PRECISO SABER O QUE ACONTECEU OBRIGADO.;atendimento;chat;treino
REC-00695;Não reconheço uma cobrança relacionada ao pedido e, além disso, ninguém responde ao protocolo.;pagamento;app;treino
REC-00696;O pedido ainda não chegou;entrega;email;treino
REC-00697;O sistema bloqueia a opção de devolução e a peça veio quebrada.;troca_devolucao;chat;treino
REC-00698;o pix saiu da conta e a compra continua pendente e, além disso, o pacote demorou a chegar!;pagamento;telefone;validacao
REC-00699;Oi, o valor cobrado está diferente do anunciado.;pagamento;telefone;teste
REC-00700;Oi, estou esperando a encomenda há mais tempo que o informado no meu último pedido.;entrega;telefone;teste
REC-00701;Gostaria de registrar, a peça veio quebrada? Isso pode ser verificado, por favor?;produto;app;treino
REC-00702;O estorno ainda está pendente, mas o produto veio usado.;produto;email;treino
REC-00703;"a encomenda está atrasada; situação observada na compra feita pelo site.";entrega;chat;treino
REC-00704;Gente, o sistema diz pagamento pendente, mas já paguei desde ontem.;pagamento;chat;treino
REC-00705;Por favor, por favor, o desconto não foi aplicado. O que mais preciso resolver é que o sistema bloqueia a opção de devolução. Fico no aguardo.;troca_devolucao;email;teste
REC-00706;Venho informar, a entrega também atrasou, mas a solicitação de devolução não avança.;troca_devolucao;chat;treino
REC-00707;o sistema diz pagamento pendente, mas já paguei há alguns dias;pagamento;site;teste
REC-00708;Registro a seguinte situação: o pagamento foi recusado mesmo com limite e a entrega foi direcionada para outro endereço.;pagamento;site;treino
REC-00709;O cupom foi aceito e depois o desconto sumiu desde ontem, no pedido que fiz para casa.;pagamento;chat;treino
REC-00710;preciso de ajuda, a solicitação de devolução n avança desde ontem. isso pode ser verificado, por favor?!!!;troca_devolucao;site;treino
REC-00711;Por favor, por favor, a etiqueta de postagem não foi liberada há alguns dias.;troca_devolucao;email;validacao
REC-00712;"O reembolso foi aprovado, porém não caiu; além disso, solicitei troca e recebi instruções contraditórias.";troca_devolucao;site;validacao
REC-00713;Queria uma orientação, faltou um acessório dentro da caixa há alguns dias. Como resolvo?;produto;telefone;treino
REC-00714;Gente, o entregador marcou tentativa sem vir aqui e preciso saber o que aconteceu.;entrega;app;validacao
REC-00715;Por favor, faltou um acessório dentro da caixa, mas ao mesmo tempo o protocolo foi fechado sem retorno. Preciso de um retorno.;produto;chat;treino
REC-00716;Olá, o tamanho não corresponde ao informado, mas ao mesmo tempo enviei o item de volta e ainda não confirmaram o recebimento.;produto;email;treino
REC-00717;Olá, boa tarde, estou tentando devolver o item, mas estou esperando a encomenda há mais tempo que o informado. Obrigada.;entrega;site;validacao
REC-00718;Preciso de ajuda, a resposta recebida não tem relação com a minha dúvida e preciso saber o que aconteceu Fico no aguardo.;atendimento;email;treino
REC-00719;"Por favor, o pacote voltou pra o remetente sem explicação; além disso, a cor veio diferente da escolhida.";produto;app;validacao
REC-00720;"A cor veio diferente da escolhida; porém o pacote demorou a chegar.";produto;chat;validacao
REC-00721;A embalagem estava intacta, mas o item não funciona e, além disso, estou tentando devolver o item. Fico no aguardo.;produto;site;treino
REC-00722;Então, venho informar, o pagamento foi recusado mesmo com limite.;pagamento;chat;treino
REC-00723;Oi, bom dia, o tamanho nao corresponde ao informado no meu último pedido. Agradeço se puderem olhar isso.;produto;email;treino
REC-00724;olá, o chat não esclareceu a situação, mas a troca foi aprovada, mas o novo item não foi enviado isso pode ser verificado, por favor;troca_devolucao;site;treino
REC-00725;Só queria entender, a solicitação de devolução não avança. Fico no aguardo.;troca_devolucao;telefone;validacao
REC-00726;"oi, o reembolso foi aprovado, porém não caiu; entretanto houve problema com a transportadora. agradeço se puderem olhar isso";pagamento;email;teste
REC-00727;"uma parte do kit n veio; além disso, o prazo de troca está correndo e n consigo abrir a solicitação.";troca_devolucao;site;treino
REC-00728;"oi, uma parte do kit não veio; além disso, ninguém responde minhas mensagens. agradeço se puderem olhar isso.";atendimento;chat;teste
REC-00729;"O pedido ainda não chegou; só que estou tentando devolver o item.";entrega;telefone;treino
REC-00730;Recebi o modelo errado, mas ao mesmo tempo o pagamento foi recusado mesmo com limite.;produto;site;treino
REC-00731;a compra chegou depois da data em que eu precisava, mas ao mesmo tempo a coleta da devolução não aconteceu;entrega;telefone;treino
REC-00732;Oi, venho informar, consta como entregue, mas não recbi há alguns dias Fico no aguardo!;entrega;site;teste
REC-00733;a ligação caiu e ninguém retomou o contato há alguns dias?;atendimento;chat;treino
REC-00734;Por favor, faltou um acessório dentro da caixa e preciso saber o que aconteceu;produto;email;validacao
REC-00735;Então, o entregador marcou tentativa sem vir aqui no meu último pedido?;entrega;telefone;treino
REC-00736;olá, solicitei troca e recebi instruções contraditórias, mas ao mesmo tempo o reembolso foi aprovado, porém não caiu. fico no aguardo.;troca_devolucao;site;teste
REC-00737;O produto recebido é diferente do anúncio e preciso saber o que aconteceu? Obrigado.;produto;app;treino
REC-00738;Registro a seguinte situação: o cupom foi aceito e depois o desconto sumiu e preciso saber o que aconteceu.;pagamento;email;treino
REC-00739;Queria uma orientação, a resposta recebida não tem relação com a minha dúvida, mas ao mesmo tempo recebi o modelo errado. Isso pode ser verificado, por favor?!;atendimento;email;treino
REC-00740;A transportadora não apareceu no endereço;entrega;chat;treino
REC-00741;boa tarde, o entregador marcou tentativa sem vir aqui, mas ao mesmo tempo a parcela veio com valor incorreto conseguem me orientar;entrega;email;validacao
REC-00742;Olá, já postei a devolução e o status não mudou, mas ao mesmo tempo o chat me transfere e ninguém assume o caso.;troca_devolucao;email;treino
REC-00743;enviei o item de volta e ainda não confirmaram o recebimento no meu último pedido;troca_devolucao;app;treino
REC-00744;Desde ontem, o pedido ainda não chegou há alguns dias.;entrega;email;treino
REC-00745;"por favor, não consigo localizar onde está a encomenda; apesar disso e ainda não consigo retorno no atendimento conseguem me orientar";entrega;site;treino
REC-00746;Olá, o item apresentou problema no primeiro uso. Também aconteceu o seguinte: o cartão foi debitado, mas o pedido não confirmou.;pagamento;app;treino
REC-00747;"Então, preciso de ajuda, o acabamento veio com marcas; só que a entrega também atrasou.";produto;telefone;treino
REC-00748;O desconto não foi aplicado. O que mais preciso resolver é que o item chegou com defeito.;produto;chat;treino
REC-00749;"a compra foi cancelada, mas a cobrança permaneceu; porém o pacote demorou a chegar";pagamento;chat;treino
REC-00750;Olá, ninguém responde minhas mensagens;atendimento;email;teste
REC-00751;"solicitei troca e recebi instruções contraditórias; além disso, prometeram retorno e não retornaram";atendimento;site;validacao
REC-00752;Então, meu chamado está sem atualização no meu último pedido.;atendimento;site;treino
REC-00753;Gente, olá, enviei o item de volta e ainda não confirmaram o recebimento no meu último pedido? Podem verificar?;troca_devolucao;email;treino
REC-00754;"Quero cancelar a compra e devolver o que recebi; ao mesmo tempo o pacote demorou a chegar!";troca_devolucao;app;validacao
REC-00755;bom dia, o estorno ainda não apareceu obrigada!!!;pagamento;app;treino
REC-00756;Bom dia, o valor cobrado está diferente do anunciado Obrigado.;pagamento;site;treino
REC-00757;O rastreio parou de atualizar no meu último pedido? Agradeço se puderem olhar isso.;entrega;chat;treino
REC-00758;Venho informar, quero devolver a compra e não encontro a opção há alguns dias Podem verificar?;troca_devolucao;chat;treino
REC-00759;Por favor, nao sei onde acompanhar minha devolução e preciso saber o que aconteceu;troca_devolucao;chat;treino
REC-00760;Estou esperando a encomenda há mais tempo que o informado e preciso saber o que aconteceu?;entrega;site;treino
REC-00761;O pacote voltou para o remetente sem explicação desde ontem. Isso aconteceu hoje de manhã.;entrega;chat;treino
REC-00762;Por favor, olá, o suporte pede as mesmas informações toda vez há alguns dias.;atendimento;chat;treino
REC-00763;O tamanho não corresponde ao informado há alguns dias.;produto;chat;validacao
REC-00764;o pix saiu da conta e a compra continua pendente;pagamento;telefone;treino
REC-00765;O estorno ainda está pendente, mas recbi o modelo errado.;produto;app;treino
REC-00766;O PRAZO MUDOU VÁRIAS VEZES, MAS AO MESMO TEMPO O SISTEMA BLOQUEIA A OPÇÃO DE DEVOLUÇÃO.;entrega;email;validacao
REC-00767;"Consta como entregue, mas não recebi; entretanto a devolução não aparece no sistema.";entrega;email;treino
REC-00768;o desconto não foi aplicado. o q mais preciso resolver é q uma parte do kit não veio.;produto;chat;treino
REC-00769;Por favor, a descrição do anúncio não bate com o que chegou no meu último peddo.;produto;telefone;validacao
REC-00770;O rastreio está confuso, mas quero cancelar a compra e devolver o que recebi.;troca_devolucao;site;treino
REC-00771;queria uma orientação, já postei a devolução e o status n mudou, mas ao mesmo tempo o produto veio usado. isso pode ser verificado, por favor?;troca_devolucao;site;treino
REC-00772;Gente, faltou um acessório dentro da caixa e preciso saber o que aconteceu?;produto;email;treino
REC-00773;Gostaria de solicitar apoio: a compra foi cancelada, mas a cobrança permaneceu há alguns dias.;pagamento;chat;treino
REC-00774;por favor, o item chegou com defeito obrigada.;produto;telefone;treino
REC-00775;o item chegou com defeito no meu último pedido.;produto;email;treino
REC-00776;O produto recbido é diferente do anúncio e, além disso, o rastreio está confuso.;produto;telefone;validacao
REC-00777;gostaria de registrar, a devolução não aparece no sistema. o que mais preciso resolver é que a previsão de chegada passou e nada. agradeço se puderem olhar isso;entrega;chat;treino
REC-00778;"Gostaria de solicitar apoio: estou esperando a encomenda há mais tempo que o informado; e estou tentando devolver o item.";entrega;site;validacao
REC-00779;"faltou um acessório dentro da caixa; mas também tentei abrir uma troca.";produto;app;teste
REC-00780;O item chegou com defeito desde ontem;produto;app;teste
REC-00781;venho informar, também apareceu uma cobrança que não entendi. o que mais preciso resolver é que a previsão de chegada passou e nada. agradeço se puderem olhar isso.;entrega;site;treino
REC-00782;Então, a caixa veio com uma peça faltando, mas não consigo localizar onde está a encomenda.;entrega;chat;treino
REC-00783;Gostaria de solicitar apoio: pessoal, também tentei abrir uma troca. O que mais preciso resolver é que o valor cobrado esta diferente do anunciado. Fico no aguardo.;pagamento;telefone;treino
REC-00784;boa tarde, foi incluída uma taxa que não estava prevista no meu último pedido. como resolvo?;pagamento;chat;treino
REC-00785;ESTOU COM UMA DÚVIDA, O MATERIAL PARECE DANIFICADO E, ALÉM DISSO, O PACOTE DEMOROU A CHEGAR COMO RESOLVO;produto;email;treino
REC-00786;Olá, o produto recebido é diferente do anúncio no meu último pedido;produto;email;treino
REC-00787;Gente, o valor foi cobrado duas vezes no meu último pedido.;pagamento;email;validacao
REC-00788;O cartão foi debitado, mas o pedido não confirmou;pagamento;telefone;teste
REC-00789;a parcela veio com valor incorreto;pagamento;app;treino
REC-00790;Registro a seguinte situação: o item chegou com defeito e preciso saber o que aconteceu;produto;site;treino
REC-00791;A transportadora não apareceu no endereço. Também aconteceu o seguinte: o chat me transfere e ninguém assume o caso.;atendimento;app;treino
REC-00792;Olá, oi, meu chamado está sem atualização há alguns dias.;atendimento;telefone;treino
REC-00793;Quero cancelar a compra e devolver o que recebi, mas ao mesmo tempo a ligação caiu e ninguém retomou o contato.;troca_devolucao;chat;treino
REC-00794;Oi, a compra chegou depois da data em que eu precisava há alguns dias?;entrega;app;treino
REC-00795;A coleta da devolução não aconteceu e, além disso, o chat não esclareceu a situação.;troca_devolucao;telefone;validacao
REC-00796;Gostaria de registrar, a compra foi cancelada, mas a cobrança permaneceu desde ontem? Fico no aguardo.;pagamento;email;validacao
REC-00797;o desconto não foi aplicado, mas preciso trocar o tamanho recebido.;troca_devolucao;app;treino
REC-00798;Não consigo atendimento humano;atendimento;email;treino
REC-00799;"Bom dia, a solicitação de devolução não avança; além disso, o reembolso foi aprovado, porém não caiu. Como resolvo?";pagamento;chat;teste
REC-00800;Oi, a transportadora não apareceu no endereço e preciso saber o que aconteceu?;entrega;site;treino
REC-00801;Oi, o item também veio com uma avaria, mas o pacote voltou para o remetente sem explicação.;entrega;email;treino
REC-00802;O entregador marcou tentativa sem vir aqui!;entrega;email;treino
REC-00803;Queria uma orientação, o pacote sumiu no trajeto e preciso saber o que aconteceu. Como resolvo?;entrega;app;treino
REC-00804;não consigo localizar onde está a encomenda no meu último pedido;entrega;app;teste
REC-00805;Oi, só queria entender, o acabamento veio com marcas e, além disso, ninguém responde ao protocolo. Agradeço se puderem olhar isso.;produto;app;treino
REC-00806;O estorno ainda está pendente, mas recebi informações diferentes de cada atendente.;atendimento;app;validacao
REC-00807;Olá, o item também veio com uma avaria. O que mais preciso resolver é que o chat me transfere e ninguém assume o caso.;atendimento;email;treino
REC-00808;o produto veio usado;produto;chat;treino
REC-00809;BOM DIA, FALTOU UM ACESSÓRIO DENTRO DA CAIXA, MAS AO MESMO TEMPO O ESTORNO AINDA NÃO APARECEU. AGRADEÇO SE PUDEREM OLHAR ISSO.;produto;email;treino
REC-00810;Gente, a entrega foi direcionada para outro endereço e, além disso, também apareceu uma cobrança que não entendi;entrega;email;treino
REC-00811;Oi, então, o reembolso foi aprovado, porém não caiu e preciso saber o que aconteceu.;pagamento;site;treino
REC-00812;o acabamento veio com marcas. também aconteceu o seguinte: recebi só uma parte da compra;entrega;telefone;treino
REC-00813;"Foi incluída uma taxa que não estava prevista; situação observada depois de alguns dias.";pagamento;chat;treino
REC-00814;venho informar, o prazo mudou várias vezes? preciso de um retorno.;entrega;site;teste
REC-00815;Por favor, a encomenda está atrasada no meu último pedido?;entrega;app;treino
REC-00816;Não consigo gerar o boleto e ninguém responde minhas mensagens!;pagamento;app;treino
REC-00817;gostaria de registrar, o valor foi cobrado duas vezes e o acabamento veio com marcas podem verificar;pagamento;app;treino
REC-00818;"Boa tarde, o pacote sumiu no trajeto; mas o estorno ainda está pendente. Podem verificar?";entrega;telefone;treino
REC-00819;Foi incluída uma taxa que não estava prevista e preciso saber o que aconteceu Conseguem me orientar?;pagamento;site;teste
REC-00820;Olá, ninguém responde ao protocolo, mas a embalagem estava intacta, mas o item não funciona Podem verificar?;produto;email;treino
REC-00821;Meu chamado está sem atualização, mas ao mesmo tempo o cartão foi debitado, mas o pedido não confirmou.;atendimento;chat;teste
REC-00822;;produto;telefone;treino
REC-00823;Então, preciso trocar o tamanho recebido desde ontem;troca_devolucao;chat;treino
REC-00824;Por favor, e ainda não consigo retorno no atendimento. O que mais preciso resolver é que não consigo localizar onde está a encomenda.;entrega;email;treino
REC-00825;"Gostaria de solicitar apoio: meu chamado está sem atualização; além disso, o aparelho desliga sozinho. Obrigado.";produto;site;treino
REC-00826;Oi, o atendente informou um procedimento que não funciona no meu último pedido? Podem verificar.;atendimento;chat;treino
REC-00827;estou tentando devolver o item. o que mais preciso resolver é que o produto veio usado.;produto;telefone;treino
REC-00828;venho informar, o produto veio usado e preciso saber o que aconteceu. como resolvo? 😕;produto;telefone;validacao
REC-00829;a transportadora n apareceu no endereço e preciso saber o que aconteceu?;entrega;telefone;treino
REC-00830;Alguém consegue me ajudar, o item apresentou problema no primeiro uso no meu último pedido? Como resolvo?;produto;telefone;treino
REC-00831;"O produto veio usado; além disso, não consigo localizar onde está a encomenda.";entrega;email;treino
REC-00832;O cupom foi aceito e depois o desconto sumiu e preciso saber o que aconteceu.;pagamento;app;treino
REC-00833;o sistema diz pagamento pendente, mas já paguei e, além disso, o pacote demorou a chegar.;pagamento;chat;treino
REC-00834;"Consta como entregue, mas não recebi e, além disso, também tentei abrir uma troca; situação observada no pedido que fiz para casa.";entrega;chat;treino
REC-00835;"Por favor, meu chamado está sem atualização; além disso, a entrega foi direcionada para outro endereço!";entrega;email;treino
REC-00836;O chat não esclareceu a situação, mas o item apresentou problema no primeiro uso. Preciso de um retorno.;produto;telefone;treino
REC-00837;Solicitei troca e recbi instruções contraditórias. Como resolvo?;troca_devolucao;telefone;teste
REC-00838;não sei onde acompanhar minha devolução. Isso aconteceu desde a semana passada.;troca_devolucao;app;teste
REC-00839;por favor, também tentei abrir uma troca, mas a encomenda está atrasada. obrigada.;entrega;app;treino
REC-00840;Olá, o valor cobrado está diferente do anunciado desde ontem;pagamento;chat;treino
REC-00841;a entrega foi direcionada para outro endereço.;entrega;email;teste
REC-00842;o produto veio usado no meu último pedido?;produto;chat;treino
REC-00843;Gostaria de solicitar apoio: a encomenda está atrasada e preciso saber o que aconteceu.;entrega;email;treino
REC-00844;O cartão foi debitado, mas o pedido não confirmou há alguns dias?;pagamento;telefone;treino
REC-00845;a compra chegou depois da data em que eu precisava e, além disso, e ainda não consigo retorno no atendimento.;entrega;email;validacao
REC-00846;recebi informações diferentes de cada atendente no meu último pedido.;atendimento;email;treino
REC-00847;estou com uma dúvida, quero cancelar a compra e devolver o que recebi e, além disso, o rastreio está confuso. isso pode ser verificado, por favor?;troca_devolucao;site;treino
REC-00848;"oi, não sei onde acompanhar minha devolução; mas também apareceu uma cobrança que não entendi. preciso de um retorno.";troca_devolucao;telefone;treino
REC-00849;Gostaria de registrar, o suporte pede as mesmas informações toda vez e preciso saber o que aconteceu? Como resolvo?;atendimento;telefone;treino
REC-00850;Alguém consegue me ajudar, o item chegou com defeito há alguns dias? Conseguem me orientar?;produto;email;treino
REC-00851;o chat não esclareceu a situação, mas a parcela veio com valor incorreto.;pagamento;telefone;treino
REC-00852;Solicito orientação: estou com uma dúvida, o material parece danificado e, além disso, o rastreio está confuso. Obrigado.;produto;site;treino
REC-00853;o atendente informou um procedimento que não funciona no meu último pedido;atendimento;chat;teste
REC-00854;Desde a semana passada, a coleta da devolução não aconteceu desde ontem.;troca_devolucao;site;treino
REC-00855;"Oi, por favor, gostaria de registrar, o valor foi cobrado duas vezes; entretanto o modelo recebido não era exatamente o esperado. Preciso de um retorno.";pagamento;site;treino
REC-00856;o prazo de troca está correndo e não consigo abrir a solicitação e preciso saber o que aconteceu?;troca_devolucao;email;teste
REC-00857;Registro a seguinte situação: a encomenda está atrasada e, além disso, a caixa veio com uma peça faltando.;entrega;site;teste
REC-00858;Por favor, estou tentando devolver o item, mas a compra foi cancelada, mas a cobrança permaneceu. Isso pode ser verificado, por favor?;pagamento;chat;treino
REC-00859;preciso de ajuda, fui tratado de forma pouco cordial no meu último pedido obrigado.;atendimento;app;validacao
REC-00860;Desde a semana passada, a previsão de chegada passou e nada.;entrega;chat;treino
REC-00861;o valor cobrado está diferente do anunciado desde ontem. Isso aconteceu depois da atualização do pedido.;pagamento;email;treino
REC-00862;Faltou um acessório dentro da caixa há alguns dias;produto;chat;treino
REC-00863;o prazo de troca está correndo e não consigo abrir a solicitação e, além disso, o item tbm veio com uma avaria.;troca_devolucao;site;treino
REC-00864;;troca_devolucao;chat;treino
REC-00865;Olá, o pacote sumiu no trajeto e preciso saber o que aconteceu. Obrigado.;entrega;telefone;teste
REC-00866;Oi, ninguém responde ao protocolo. O que mais preciso resolver é que preciso substituir o item por outro modelo.;troca_devolucao;app;treino
REC-00867;Estou com uma dúvida, o estorno ainda não apareceu e preciso saber o que aconteceu!;pagamento;telefone;treino
REC-00868;O estorno ainda está pendente, mas enviei o item de volta e ainda nao confirmaram o recebimento.;troca_devolucao;telefone;treino
REC-00869;Solicito orientação: o desconto não foi aplicado. O que mais preciso resolver é que uma parte do kit não veio.;produto;app;treino
REC-00870;O valor cobrado está diferente do anunciado, mas ao mesmo tempo estou esperando a encomenda há mais tempo que o informado.;pagamento;telefone;treino
REC-00871;oi, só queria entender, estou tentando falar com alguém há dias. fico no aguardo.;atendimento;telefone;teste
REC-00872;"O pagamento foi recusado mesmo com limite; além disso, o produto veio usado. Como resolvo?";produto;email;validacao
REC-00873;Boa tarde, o pacote sumiu no trajeto há alguns dias? Fico no aguardo.;entrega;app;teste
REC-00874;a parcela veio com valor incorreto e, além disso, o chat não esclareceu a situação.!!!;pagamento;telefone;treino
REC-00875;ninguém responde ao protocolo o que mais preciso resolver é que o valor cobrado está diferente do anunciado ...;pagamento;app;validacao
REC-00876;"o aparelho desliga sozinho; ao mesmo tempo a entrega também atrasou!";produto;app;treino
REC-00877;preciso de ajuda, o reembolso foi aprovado, porém n caiu e preciso saber o que aconteceu conseguem me orientar;pagamento;app;teste
REC-00878;Por favor, o desconto não foi aplicado, mas o item chegou com defeito.;produto;email;treino
REC-00879;Oi, queria uma orientação, a resposta recebida não tem relação com a minha dúvida há alguns dias?;atendimento;site;treino
REC-00880;"Consta como entregue, mas não recebi; e o desconto não foi aplicado.";entrega;chat;teste
REC-00881;A descrição do anúncio não bate com o que chegou e, além disso, o desconto não foi aplicado.;produto;telefone;treino
REC-00882;recebi só uma parte da compra e, além disso, estou tentando devolver o item. conseguem me orientar? 😕;entrega;chat;treino
REC-00883;Estou com uma dúvida, não sei onde acompanhar minha devolução e preciso saber o que aconteceu. Obrigada.;troca_devolucao;app;validacao
REC-00884;o chat não esclareceu a situação, mas recbi só uma parte da compra;entrega;chat;treino
REC-00885;"Então, o produto veio usado; além disso, recebi informações diferentes de cada atendente.";atendimento;app;treino
REC-00886;gostaria de registrar, o item também veio com uma avaria, mas não reconheço uma cobrança relacionada ao pedido preciso de um retorno;pagamento;app;treino
REC-00887;Estou com uma dúvida, faltou um acessório dentro da caixa e não consigo atendimento humano. Fico no aguardo.;produto;email;treino
REC-00888;Recebi só uma parte da compra desde ontem. Isso aconteceu desde ontem.;entrega;app;treino
REC-00889;a entrega também atrasou, mas o tamanho não corresponde ao informado.;produto;site;validacao
REC-00890;"consta como entregue, mas não recebi; porém a caixa veio com uma peça faltando";entrega;email;treino
REC-00891;Também apareceu uma cobrança que não entendi. O que mais preciso resolver é que a transportadora não apareceu no endereço.;entrega;site;treino
REC-00892;A devolução não aparece no sistema. O que mais preciso resolver é que o produto recebido é diferente do anúncio.;produto;app;treino
REC-00893;por favor, por favor, a ligação caiu e ninguém retomou o contato e, além disso, a caixa veio com uma peça faltando. conseguem me orientar?;atendimento;site;validacao
REC-00894;"Olá, preciso de ajuda, preciso trocar o tamanho recebido; além disso, a previsão de chegada passou e nada. Preciso de um retorno.";entrega;chat;teste
REC-00895;"A parcela veio com valor incorreto desde ontem; situação observada na compra feita pelo site.";pagamento;app;treino
REC-00896;Alguém consegue me ajudar, prometeram retorno e não retornaram Fico no aguardo.;atendimento;telefone;teste
REC-00897;a devolução não aparece no sistema. o que mais preciso resolver é que a descrição do anúncio não bate com o que chegou.;produto;site;treino
REC-00898;Por favor, nao sei onde acompanhar minha devolução no meu último pedido?;troca_devolucao;chat;treino
REC-00899;A entrega foi direcionada para outro endereço e, além disso, ninguém responde ao protocolo!;entrega;app;treino
REC-00900;olá, ninguém responde ao protocolo, mas a parcela veio com valor incorreto. preciso de um retorno.;pagamento;app;treino
REC-00901;Oi, também apareceu uma cobrança que não entendi. O que mais preciso resolver é que a encomenda está atrasada.;entrega;app;treino
REC-00902;gostaria de registrar, o chat não esclareceu a situação, mas o pagamento foi recusado mesmo com limite. conseguem me orientar?;pagamento;app;validacao
REC-00903;Estou esperando a encomenda há mais tempo que o informado desde ontem.;entrega;telefone;treino
REC-00904;Pessoal, a descrição do anúncio não bate com o que chegou há alguns dias? Obrigado.;produto;chat;treino
REC-00905;oi, a entrega foi direcionada para outro endereço no meu último pedido obrigado;entrega;app;treino
REC-00906;Gente, o rastreio parou de atualizar desde ontem?;entrega;app;treino
REC-00907;Então, também apareceu uma cobrança que não entendi, mas a compra chegou depois da data em que eu precisava.;entrega;app;validacao
REC-00908;Olá, não reconheço uma cobrança relacionada ao pedido no meu último pedido!;pagamento;telefone;treino
REC-00909;Gente, o pix saiu da conta e a compra continua pendente.;pagamento;app;treino
REC-00910;oi, o chat não esclareceu a situação, mas a compra chegou depois da data em que eu precisava. preciso de um retorno.;entrega;app;treino
REC-00911;Oi, o acabamento veio com marcas há alguns dias;produto;app;teste
REC-00912;A descrição do anúncio não bate com o que chegou e preciso saber o que aconteceu.;produto;telefone;validacao
REC-00913;o modelo recebido não era exatamente o esperado o que mais preciso resolver é que o cartão foi debitado, mas o pedido não confirmou;pagamento;app;treino
REC-00914;o suporte pede as mesmas informações toda vez e preciso saber o que aconteceu;atendimento;site;validacao
REC-00915;por favor, preciso de ajuda, prometeram retorno e nao retornaram e o produto recebido é diferente do anúncio. podem verificar?;atendimento;app;treino
REC-00916;O chat não esclareceu a situação, mas o material parece danificado.;produto;email;treino
REC-00917;Bom dia, o cupom foi aceito e depois o desconto sumiu no meu último pedido? Preciso de um retorno.;pagamento;email;treino
REC-00918;Olá, o item apresentou problema no primeiro uso e não consigo localizar onde está a encomenda.;produto;site;treino
REC-00919;Gente, recebi o modelo errado e não reconheço uma cobrança relacionada ao pedido.;produto;telefone;teste
REC-00920;Então, a coleta da devolução não aconteceu há alguns dias;troca_devolucao;app;treino
REC-00921;Solicito orientação: também apareceu uma cobrança que não entendi, mas o material parece danificado.;produto;app;treino
REC-00922;Gostaria de solicitar apoio: oi, o modelo recebido não era exatamente o esperado, mas o pix saiu da conta e a compra continua pendente. Como resolvo?;pagamento;site;treino
REC-00923;Solicito orientação: queria uma orientação, o chat não esclareceu a situação. O que mais preciso resolver é que o acabamento veio com marcas. Agradeço se puderem olhar isso.;produto;telefone;treino
REC-00924;venho informar, o pacote voltou para o remetente sem explicação no meu último pedido isso pode ser verificado, por favor;entrega;email;treino
REC-00925;Oi, estou esperando a encomenda há mais tempo que o informado há alguns dias;entrega;chat;treino
REC-00926;Oi, pessoal, a caixa veio com uma peça faltando, mas o pacote voltou para o remetente sem explicação. Fico no aguardo.;entrega;site;treino
REC-00927;Oi, não consigo localizar onde está a encomenda e preciso saber o que aconteceu? Como resolvo?;entrega;app;treino
REC-00928;o pedido ainda não chegou há alguns dias;entrega;email;treino
REC-00929;ninguém responde ao protocolo. o que mais preciso resolver é que recebi o modelo errado.;produto;site;treino
REC-00930;A compra chegou depois da data em que eu precisava há alguns dias;entrega;site;treino
REC-00931;Bom dia, recebi só uma parte da compra e, além disso, o chat não esclareceu a situação. Isso pode ser verificado, por favor?;entrega;telefone;treino
REC-00932;Então, a parcela veio com valor incorreto e, além disso, o pacote demorou a chegar.;pagamento;site;teste
REC-00933;"o prazo de troca está correndo e não consigo abrir a solicitação; ao mesmo tempo a entrega também atrasou.";troca_devolucao;chat;validacao
REC-00934;O protocolo foi fechado sem retorno e a etiqueta de postagem não foi liberada.;atendimento;chat;treino
REC-00935;Solicito orientação: o rastreio parou de atualizar!;entrega;email;treino
REC-00936;Queria uma orientação, o atendente informou um procedimento que não funciona no meu último peddo. Fico no aguardo.;atendimento;site;validacao
REC-00937;a resposta recebida nao tem relação com a minha dúvida e, além disso, também apareceu uma cobrança que nao entendi.;atendimento;site;validacao
REC-00938;Venho informar, recebi só uma parte da compra, mas ao mesmo tempo o item apresentou problema no primeiro uso. Podem verificar?!;entrega;site;treino
REC-00939;O cartão foi debitado, mas o pedido não confirmou e, além disso, também tentei abrir uma troca.;pagamento;email;teste
REC-00940;Registro a seguinte situação: a embalagem estava intacta, mas o item não funciona desde ontem;produto;site;treino
REC-00941;Por favor, não consigo localizar onde está a encomenda.;entrega;app;teste
REC-00942;o item também veio com uma avaria, mas preciso trocar o tamanho recebido.;troca_devolucao;telefone;treino
REC-00943;Por favor, nao reconheço uma cobrança relacionada ao pedido, mas ao mesmo tempo a etiqueta de postagem nao foi liberada!;pagamento;app;teste
REC-00944;Venho informar, não consigo gerar o boleto e preciso saber o que aconteceu Preciso de um retorno.;pagamento;chat;teste
REC-00945;Gostaria de registrar, o valor cobrado está diferente do anunciado desde ontem?;pagamento;email;treino
REC-00946;o pagamento foi recusado mesmo com limite no meu último pedido.;pagamento;telefone;validacao
REC-00947;Oi, então, gostaria de registrar, não consigo atendimento humano. Conseguem me orientar.;atendimento;email;validacao
REC-00948;Gente, o chat não esclareceu a situação. O que mais preciso resolver é que o material parece danificado.;produto;email;treino
REC-00949;Boa tarde, a coleta da devolução não aconteceu no meu último pedido. Podem verificar?;troca_devolucao;email;validacao
REC-00950;Boa tarde, o rastreio parou de atualizar há alguns dias. Como resolvo?;entrega;chat;validacao
REC-00951;Queria uma orientação, o estorno ainda nao apareceu há alguns dias? Preciso de um retorno.;pagamento;site;treino
REC-00952;O item apresentou problema no primeiro uso e preciso saber o que aconteceu;produto;email;treino
REC-00953;"quero devolver a compra e não encontro a opção; mas o desconto não foi aplicado!";troca_devolucao;telefone;treino
REC-00954;Por favor, também apareceu uma cobrança que não entendi, mas estou tentando falar com alguém há dias. Conseguem me orientar?;atendimento;site;treino
REC-00955;Já postei a devolução e o status não mudou. Também aconteceu o seguinte: o reembolso foi aprovado, porém não caiu.;pagamento;chat;treino
REC-00956;Olá, oi, o chat não esclareceu a situação, mas o pedido ainda não chegou. Isso pode ser verificado, por favor?;entrega;chat;validacao
REC-00957;Estou com uma dúvida, solicitei troca e recebi instruções contraditórias e, além disso, e ainda não consigo retorno no atendimento.;troca_devolucao;site;treino
REC-00958;Por favor, o valor cobrado está diferente do anunciado e, além disso, e ainda não consigo retorno no atendimento. Isso pode ser verificado, por favor?;pagamento;app;treino
REC-00959;o estorno ainda não apareceu desde ontem?;pagamento;telefone;treino
REC-00960;"A resposta recebida não tem relação com a minha dúvida e, além disso, o modelo recebido não era exatamente o esperado; situação observada na primeira tentativa.";atendimento;chat;treino
REC-00961;Então, o tamanho não corresponde ao informado e preciso saber o que aconteceu.;produto;email;teste
REC-00962;Oi, a parcela veio com valor incorreto, mas ao mesmo tempo o acabamento veio com marcas. Preciso de um retorno.;pagamento;email;treino
REC-00963;Preciso de ajuda, a troca foi aprovada, mas o novo item não foi enviado há alguns dias. Obrigado.;troca_devolucao;email;treino
REC-00964;Oi, registro a seguinte situação: venho informar, o pacote sumiu no trajeto há alguns dias. Agradeço se puderem olhar isso.;entrega;email;treino
REC-00965;Boa tarde, estou tentando devolver o item, mas não consigo gerar o boleto. Fico no aguardo.;pagamento;chat;treino
REC-00966;Estou tentando falar com alguém há dias desde ontem;atendimento;chat;treino
REC-00967;O atendente informou um procedimento que não funciona e o item chegou com defeito.;atendimento;telefone;teste
REC-00968;o tamanho não corresponde ao informado há alguns dias?;produto;app;treino
REC-00969;o valor cobrado está diferente do anunciado desde ontem;pagamento;telefone;treino
REC-00970;O prazo mudou várias vezes há alguns dias;entrega;app;treino
REC-00971;A solicitação de devolução não avança no meu último pedido, no pedido mais recente.;troca_devolucao;chat;treino
REC-00972;Por favor, gostaria de registrar, consta como entregue, mas não recbi e preciso saber o que aconteceu? Obrigado.;entrega;telefone;treino
REC-00973;não reconheço uma cobrança relacionada ao pedido e preciso saber o que aconteceu;pagamento;chat;validacao
REC-00974;Por favor, o prazo de troca está correndo e não consigo abrir a solicitação desde ontem;troca_devolucao;telefone;teste
REC-00975;Enviei o item de volta e ainda não confirmaram o recebimento há alguns dias.;troca_devolucao;chat;treino
REC-00976;"oi, queria uma orientação, a etiqueta de postagem não foi liberada; só que ninguém responde ao protocolo. obrigado.";troca_devolucao;chat;treino
REC-00977;A parcela veio com valor incorreto desde ontem;pagamento;site;treino
REC-00978;Estou tentando devolver o item. O que mais preciso resolver é que recebi informações diferentes de cada atendente.;atendimento;site;treino
REC-00979;Oi, só queria entender, a embalagem estava intacta, mas o item não funciona e preciso saber o que aconteceu? Como resolvo?;produto;site;treino
REC-00980;Por favor, por favor, prometeram retorno e não retornaram.;atendimento;site;treino
REC-00981;Por favor, o valor cobrado está diferente do anunciado no meu último pedido;pagamento;app;teste
REC-00982;Desde a última atualização do rastreio, a cor veio diferente da escolhida.;produto;app;teste
REC-00983;o pacote voltou para o remetente sem explicação no meu último pedido, desde a semana passada.;entrega;chat;treino
REC-00984;Gostaria de solicitar apoio: a peça veio quebrada e preciso saber o que aconteceu.;produto;app;validacao
REC-00985;"O sistema diz pagamento pendente, mas já paguei; além disso, a transportadora não apareceu no endereço.";entrega;telefone;treino
REC-00986;"Pessoal, uma parte do kit não veio; além disso, a etiqueta de postagem não foi liberada. Preciso de um retorno.";troca_devolucao;telefone;treino
REC-00987;O cartão foi debitado, mas o pedido não confirmou e recebi informações diferentes de cada atendente.;pagamento;email;teste
REC-00988;Boa tarde, a entrega também atrasou, mas não reconheço uma cobrança relacionada ao pedido. Como resolvo?!;pagamento;app;treino
REC-00989;A peça veio quebrada no meu último pedido, desde a última atualização do rastreio.;produto;chat;treino
REC-00990;Também tentei abrir uma troca, mas a ligação caiu e ninguém retomou o contato.;atendimento;site;treino
REC-00991;A peça veio quebrada. Também aconteceu o seguinte: o pix saiu da conta e a compra continua pendente.;pagamento;app;treino
REC-00992;o tamanho não corresponde ao informado há alguns dias. 😕;produto;email;validacao
REC-00993;Enviei o item de volta e ainda não confirmaram o recebimento, mas ao mesmo tempo não consigo gerar o boleto.;troca_devolucao;site;treino
REC-00994;Gente, a encomenda está atrasada e recbi informações diferentes de cada atendente!;entrega;email;treino
REC-00995;O pacote voltou para o remetente sem explicação no meu último pedido?;entrega;email;treino
REC-00996;o desconto não foi aplicado. o que mais preciso resolver é que fui tratado de forma pouco cordial.;atendimento;telefone;treino
REC-00997;enviei o item de volta e ainda não confirmaram o recebimento e, além disso, e ainda não consigo retorno no atendimento;troca_devolucao;email;treino
REC-00998;Registro a seguinte situação: a devolução não aparece no sistema. O que mais preciso resolver é que o produto veio usado.;produto;telefone;treino
REC-00999;ninguém responde ao protocolo. o q mais preciso resolver é q estou esperando a encomenda há mais tempo q o informado. ...;entrega;app;treino
REC-01000;"Uma parte do kit não veio; preciso de retorno.";produto;site;treino
REC-01001;faltou um acessório dentro da caixa há alguns dias;produto;email;validacao
REC-01002;a ligação caiu e ninguém retomou o contato.;atendimento;email;treino
REC-01003;Queria uma orientação, estou esperando a encomenda há mais tempo que o informado desde ontem? Agradeço se puderem olhar isso.;entrega;app;validacao
REC-01004;"O entregador marcou tentativa sem vir aqui e preciso saber o que aconteceu; situação observada na última compra.";entrega;chat;treino
REC-01005;"Gente, gostaria de registrar, enviei o item de volta e ainda não confirmaram o recebimento; ao mesmo tempo o estorno ainda está pendente. Obrigada.";troca_devolucao;app;treino
REC-01006;queria uma orientação, ninguém responde ao protocolo o que mais preciso resolver é que a peça veio quebrada fico no aguardo;produto;chat;treino
REC-01007;Recebi o modelo errado há alguns dias?!;produto;app;treino
REC-01008;"o valor foi cobrado duas vezes; porém o chat nao esclareceu a situação";pagamento;telefone;treino
REC-01009;Oi, alguém consegue me ajudar, também tentei abrir uma troca, mas recbi só uma parte da compra. Isso pode ser verificado, por favor?;entrega;chat;treino
REC-01010;Gente, pessoal, o prazo de troca está correndo e não consigo abrir a solicitação no meu último pedido? Agradeço se puderem olhar isso.;troca_devolucao;chat;validacao
REC-01011;Boa tarde, o estorno ainda não apareceu. Obrigada.;pagamento;chat;teste
REC-01012;Recebi o modelo errado há alguns dias;produto;telefone;treino
REC-01013;Gostaria de solicitar apoio: recebi só uma parte da compra desde ontem;entrega;app;treino
REC-01014;"Ninguém responde minhas mensagens desde ontem; situação observada na primeira tentativa.";atendimento;email;treino
REC-01015;Por favor, o valor cobrado está diferente do anunciado, mas ao mesmo tempo o prazo mudou várias vezes;pagamento;chat;treino
REC-01016;Gostaria de registrar, o protocolo foi fechado sem retorno desde ontem.;atendimento;app;treino
REC-01017;Pessoal, a compra foi cancelada, mas a cobrança permaneceu e, além disso, o pacote demorou a chegar. Como resolvo?;pagamento;app;treino
REC-01018;Venho informar, o pacote sumiu no trajeto? Podem verificar?;entrega;site;validacao
REC-01019;Então, ninguém responde ao protocolo, mas a previsão de chegada passou e nada.;entrega;chat;treino
REC-01020;O aparelho desliga sozinho;produto;app;teste
REC-01021;"Faltou um acessório dentro da caixa; mas e ainda não consigo retorno no atendimento.";produto;site;treino
REC-01022;O cupom foi aceito e depois o desconto sumiu desde ontem;pagamento;email;treino
REC-01023;fui tratado de forma pouco cordial há alguns dias. Isso aconteceu na compra feita pelo aplicativo.;atendimento;email;validacao
REC-01024;"preciso substituir o item por outro modelo; entretanto o item tbm veio com uma avaria.";troca_devolucao;site;treino
REC-01025;pessoal, o material parece danificado e não consigo atendimnto humano. obrigada.;produto;site;treino
REC-01026;A caixa veio com uma peça faltando. O que mais preciso resolver é que não reconheço uma cobrança relacionada ao pedido.;pagamento;app;treino
REC-01027;oi, já postei a devolução e o status não mudou e o item chegou com defeito. como resolvo?;troca_devolucao;email;treino
REC-01028;Registro a seguinte situação: estou com uma dúvida, a compra foi cancelada, mas a cobrança permaneceu há alguns dias Podem verificar?;pagamento;email;treino
REC-01029;então, a ligação caiu e ninguém retomou o contato há alguns dias Podem verificar?;atendimento;email;treino
REC-01030;Oi, por favor, quero cancelar a compra e devolver o que recebi e preciso saber o que aconteceu. Conseguem me orientar?;troca_devolucao;app;treino
REC-01031;o tamanho não corresponde ao informado e o prazo de troca está correndo e não consigo abrir a solicitação.;produto;telefone;treino
REC-01032;Então, venho informar, o item apresentou problema no primeiro uso e preciso saber o que aconteceu.;produto;site;teste
REC-01033;ninguém responde ao protocolo. o que mais preciso resolver é que o pacote sumiu no trajeto.;entrega;email;treino
REC-01034;Olá, uma parte do kit não veio no meu último pedido;produto;telefone;teste
REC-01035;A transportadora não apareceu no endereço, mas ao mesmo tempo não sei onde acompanhar minha devolução.;entrega;chat;teste
REC-01036;Oi, queria uma orientação, não consigo localizar onde está a encomenda desde ontem Fico no aguardo.;entrega;app;treino
REC-01037;Então, meu chamado está sem atualização desde ontem;atendimento;app;treino
REC-01038;o estorno ainda não apareceu desde ontem;pagamento;email;treino
REC-01039;Prometeram retorno e não retornaram há alguns dias;atendimento;telefone;teste
REC-01040;olá, ninguém responde minhas mensagens no meu último peddo? agradeço se puderem olhar isso.;atendimento;site;treino
REC-01041;"O prazo mudou várias vezes; além disso, o item chegou com defeito.";produto;email;treino
REC-01042;também tentei abrir uma troca, mas o suporte pede as mesmas informações toda vez;atendimento;chat;treino
REC-01043;Oi, por favor, a entrega também atrasou, mas o sistema diz pagamento pendente, mas já paguei. Conseguem me orientar.;pagamento;email;treino
REC-01044;A descrição do anúncio não bate com o que chegou e, além disso, e ainda não consigo retorno no atendimento.;produto;chat;validacao
REC-01045;"O atendente informou um procedimento que não funciona; mas a caixa veio com uma peça faltando.";atendimento;app;treino
REC-01046;o atendimento encerrou o contato sem resolver e, além disso, tambem tentei abrir uma troca. 🙂;atendimento;site;treino
REC-01047;preciso trocar o tamanho recebido há alguns dias!;troca_devolucao;site;treino
REC-01048;o desconto não foi aplicado o que mais preciso resolver é que o rastreio parou de atualizar;entrega;chat;treino
REC-01049;Alguém consegue me ajudar, fui tratado de forma pouco cordial e o aparelho desliga sozinho. Podem verificar?;atendimento;email;treino
REC-01050;"A descrição do anúncio não bate com o que chegou; preciso de retorno.";produto;site;validacao
REC-01051;Olá, o sistema diz pagamento pendente, mas já paguei e, além disso, a caixa veio com uma peça faltando. Fico no aguardo.;pagamento;app;validacao
REC-01052;Solicito orientação: o estorno ainda está pendente. O que mais preciso resolver é que o sistema bloqueia a opção de devolução.;troca_devolucao;chat;treino
REC-01053;"O valor cobrado está diferente do anunciado; mas ninguém responde ao protocolo.";pagamento;telefone;treino
REC-01054;Por favor, a resposta recebida não tem relação com a minha dúvida e preciso saber o que aconteceu;atendimento;email;treino
REC-01055;O valor cobrado está diferente do anunciado e, além disso, a devolução não aparece no sistema.;pagamento;email;validacao
REC-01056;fui tratado de forma pouco cordial tbm aconteceu o seguinte: o pagamento foi recusado mesmo com limite;pagamento;site;treino
REC-01057;a entrega foi direcionada pra outro endereço;entrega;email;validacao
REC-01058;O chat não esclareceu a situação, mas quero cancelar a compra e devolver o que recebi.;troca_devolucao;app;treino
REC-01059;Por favor, o pacote voltou para o remetente sem explicação e, além disso, ninguém responde ao protocolo.;entrega;app;treino
REC-01060;olá, o sistema diz pagamento pendente, mas já paguei no meu último pedido. como resolvo?;pagamento;telefone;treino
REC-01061;"Venho informar, a resposta recebida não tem relação com a minha dúvida; ao mesmo tempo estou tentando devolver o item. Preciso de um retorno.";atendimento;telefone;teste
REC-01062;"Olá, preciso de ajuda, o prazo de troca está correndo e não consigo abrir a solicitação; além disso, o tamanho não corresponde ao informado. Obrigada.";produto;email;treino
REC-01063;E ainda não consigo retorno no atendimento. O que mais preciso resolver é que a solicitação de devolução não avança.;troca_devolucao;email;treino
REC-01064;A compra chegou depois da data em que eu precisava desde ontem?;entrega;app;validacao
REC-01065;Solicito orientação: boa tarde, solicitei troca e recebi instruções contraditórias e preciso saber o que aconteceu Fico no aguardo.;troca_devolucao;telefone;validacao
REC-01066;Gente, enviei o item de volta e ainda não confirmaram o recebimento há alguns dias!;troca_devolucao;email;treino
REC-01067;O rastreio está confuso. O que mais preciso resolver é que faltou um acessório dentro da caixa.;produto;email;treino
REC-01068;O estorno ainda está pendente. O que mais preciso resolver é que faltou um acessório dentro da caixa.;produto;chat;validacao
REC-01069;FUI TRATADO DE FORMA POUCO CORDIAL E A SOLICITAÇÃO DE DEVOLUÇÃO NÃO AVANÇA. FICO NO AGUARDO.;atendimento;chat;teste
REC-01070;"o pacote sumiu no trajeto e preciso saber o que aconteceu; situação observada no pedido que fiz para casa.";entrega;telefone;treino
REC-01071;"por favor, o acabamento veio com marcas; além disso, não consigo localizar onde está a encomenda obrigado";entrega;email;treino
REC-01072;Gente, por favor, também tentei abrir uma troca. O que mais preciso resolver é que o aparelho desliga sozinho. Obrigada;produto;app;treino
REC-01073;A devolução não aparece no sistema, mas o cartão foi debitado, mas o pedido não confirmou.;pagamento;chat;treino
REC-01074;a compra foi cancelada, mas a cobrança permaneceu e preciso saber o que aconteceu?;pagamento;site;treino
REC-01075;Oi, o valor cobrado está diferente do anunciado desde ontem. Isso aconteceu depois da atualização do pedido.;pagamento;email;treino
REC-01076;oi, o item apresentou problema no primeiro uso no meu último pedido isso pode ser verificado, por favor?;produto;site;treino
REC-01077;Enviei o item de volta e ainda não confirmaram o recebimento no meu último pedido!;troca_devolucao;telefone;treino
REC-01078;;entrega;chat;treino
REC-01079;a etiqueta de postagem não foi liberada e preciso saber o que aconteceu?;troca_devolucao;telefone;validacao
REC-01080;Então, boa tarde, uma parte do kit não veio no meu último pedido? Obrigado;produto;telefone;validacao
REC-01081;uma parte do kit nao veio há alguns dias.;produto;chat;treino
REC-01082;Oi, por favor, foi incluída uma taxa que não estava prevista no meu último pedido Obrigada.;pagamento;email;treino
REC-01083;Por favor, a parcela veio com valor incorreto há alguns dias.;pagamento;telefone;treino
REC-01084;"pessoal, o produto veio usado; mas o desconto não foi aplicado fico no aguardo";produto;app;treino
REC-01085;O cupom foi aceito e depois o desconto sumiu há alguns dias?;pagamento;email;treino
REC-01086;Olá, queria uma orientação, já postei a devolução e o status não mudou há alguns dias. Fico no aguardo.;troca_devolucao;email;treino
REC-01087;por favor, o pacote demorou a chegar, mas não sei onde acompanhar minha devolução. como resolvo?;troca_devolucao;email;teste
REC-01088;O cupom foi aceito e depois o desconto sumiu no meu último pedido.;pagamento;site;treino
REC-01089;Foi incluída uma taxa que não estava prevista no meu último pedido?;pagamento;telefone;treino
REC-01090;"Oi, o acabamento veio com marcas; além disso, quero devolver a compra e não encontro a opção.";troca_devolucao;site;treino
REC-01091;Estou com uma dúvida, a coleta da devolução nao aconteceu, mas ao mesmo tempo o atendimento encerrou o contato sem resolver. Preciso de um retorno.;troca_devolucao;telefone;treino
REC-01092;O pacote demorou a chegar, mas o atendimento encerrou o contato sem resolver;atendimento;app;treino
REC-01093;a compra chegou depois da data em que eu precisava e preciso saber o que aconteceu?;entrega;email;treino
REC-01094;o sistema bloqueia a opção de devolução?;troca_devolucao;chat;treino
REC-01095;O rastreio parou de atualizar?!;entrega;email;validacao
REC-01096;Por favor, enviei o item de volta e ainda não confirmaram o recebimento e, além disso, a caixa veio com uma peça faltando.;troca_devolucao;email;validacao
REC-01097;O valor cobrado está diferente do anunciado. Também aconteceu o seguinte: a entrega foi direcionada para outro endereço.;entrega;email;treino
REC-01098;Olá, já postei a devolução e o status não mudou e, além disso, o rastreio está confuso.;troca_devolucao;email;treino
REC-01099;Gente, por favor, consta como entregue, mas não recebi desde ontem Isso pode ser verificado, por favor?;entrega;email;validacao
REC-01100;O item também veio com uma avaria. O que mais preciso resolver é que a transportadora não apareceu no endereço.;entrega;telefone;validacao
REC-01101;o estorno ainda está pendente o que mais preciso resolver é que o entregador marcou tentativa sem vir aqui. Isso aconteceu no pedido que fiz para casa.;entrega;site;treino
REC-01102;gostaria de registrar, a encomenda está atrasada e preciso saber o que aconteceu isso pode ser verificado, por favor?;entrega;chat;treino
REC-01103;Oi, gente, o material parece danificado e preciso saber o que aconteceu.;produto;app;teste
REC-01104;Não consigo gerar o boleto e preciso saber o que aconteceu?;pagamento;chat;treino
REC-01105;"Venho informar, o sistema bloqueia a opção de devolução; além disso, o pacote voltou para o remetente sem explicação. Como resolvo?";entrega;telefone;treino
REC-01106;"o aparelho desliga sozinho; além disso, o pedido ainda não chegou.";entrega;site;treino
REC-01107;A peça veio quebrada!;produto;telefone;treino
REC-01108;Ninguém responde ao protocolo. O que mais preciso resolver é que foi incluída uma taxa que não estava prevista.;pagamento;telefone;treino
REC-01109;O modelo recebido não era exatamente o esperado, mas a resposta recebida não tem relação com a minha dúvida.;atendimento;telefone;treino
REC-01110;"O valor foi cobrado duas vezes; só que o chat não esclareceu a situação";pagamento;site;treino
REC-01111;Pessoal, a transportadora não apareceu no endereço desde ontem? Preciso de um retorno.;entrega;site;treino
REC-01112;Fui tratado de forma pouco cordial e o entregador marcou tentativa sem vir aqui.;atendimento;site;validacao
REC-01113;só queria entender, n consigo localizar onde está a encomenda preciso de um retorno;entrega;site;treino
REC-01114;O material parece danificado no meu último pedido. Isso aconteceu na compra feita pelo aplicativo.;produto;app;teste
REC-01115;Bom dia, o prazo de troca está correndo e não consigo abrir a solicitação no meu último pedido? Agradeço se puderem olhar isso.;troca_devolucao;telefone;treino
REC-01116;Olá, o prazo mudou várias vezes, mas ao mesmo tempo uma parte do kit não veio. Isso pode ser verificado, por favor?;entrega;site;teste
REC-01117;prometeram retorno e não retornaram há alguns dias;atendimento;telefone;treino
REC-01118;Gente, a devolução não aparece no sistema. O que mais preciso resolver é que consta como entregue, mas não recebi.;entrega;site;teste
REC-01119;"olá, não consigo gerar o boleto; além disso, o produto veio usado obrigado";produto;app;teste
REC-01120;Oi, o desconto não foi aplicado. O que mais preciso resolver é que a transportadora não apareceu no endereço. Podem verificar?;entrega;telefone;teste
REC-01121;"Bom dia, o produto recebido é diferente do anúncio; apesar disso o pacote demorou a chegar. Podem verificar?";produto;site;treino
REC-01122;Meu chamado esta sem atualização;atendimento;email;treino
REC-01123;a encomenda está atrasada e preciso saber o que aconteceu;entrega;chat;teste
REC-01124;OLÁ, E AINDA NÃO CONSIGO RETORNO NO ATENDIMENTO, MAS ENVIEI O ITEM DE VOLTA E AINDA NÃO CONFIRMARAM O RECEBIMENTO.;troca_devolucao;app;treino
REC-01125;Foi incluída uma taxa que não estava prevista e preciso saber o que aconteceu?;pagamento;email;treino
REC-01126;O pacote voltou para o remetente sem explicação e preciso saber o que aconteceu;entrega;email;treino
REC-01127;bom dia, também tentei abrir uma troca, mas o pacote sumiu no trajeto obrigado;entrega;app;validacao
REC-01128;O atendente informou um procedimento que não funciona desde ontem!;atendimento;app;validacao
REC-01129;Não sei onde acompanhar minha devolução e preciso saber o que aconteceu.;troca_devolucao;chat;treino
REC-01130;Gente, alguém consegue me ajudar, a transportadora nao apareceu no endereço Obrigada.;entrega;site;treino
REC-01131;"Estou esperando a encomenda há mais tempo que o informado; e estou tentando devolver o item.";entrega;email;treino
REC-01132;Gostaria de solicitar apoio: não consigo gerar o boleto desde ontem.;pagamento;site;treino
REC-01133;Gente, o valor cobrado está diferente do anunciado há alguns dias.;pagamento;telefone;treino
REC-01134;Oi, boa tarde, o rastreio está confuso. O que mais preciso resolver é que a embalagem estava intacta, mas o item não funciona. Como resolvo?;produto;site;treino
REC-01135;"Por favor, alguém consegue me ajudar, o item apresentou problema no primeiro uso; ao mesmo tempo o pacote demorou a chegar. Preciso de um retorno.";produto;email;treino
REC-01136;o pedido ainda não chegou e a peça veio quebrada. 🙂!;entrega;app;treino
REC-01137;o pacote sumiu no trajeto e foi incluída uma taxa que n estava prevista 🙂;entrega;chat;treino
REC-01138;nao consigo atendimento humano e preciso saber o que aconteceu. 😤;atendimento;email;treino
REC-01139;FOI INCLUÍDA UMA TAXA QUE NÃO ESTAVA PREVISTA DESDE ONTEM. ...;pagamento;telefone;treino
REC-01140;nao consigo atendimento humano há alguns dias!;atendimento;email;teste
REC-01141;"Registro a seguinte situação: estou esperando a encomenda há mais tempo que o informado; só que também tentei abrir uma troca.";entrega;app;treino
REC-01142;Consta como entregue, mas não recbi?!;entrega;telefone;treino
REC-01143;Quero devolver a compra e não encontro a opção, na compra deste mês.;troca_devolucao;site;teste
REC-01144;"O pix saiu da conta e a compra continua pendente e preciso saber o que aconteceu; situação observada desde o fim de semana.";pagamento;site;treino
REC-01145;a embalagem estava intacta, mas o item não funciona há alguns dias ...;produto;app;teste
REC-01146;"Por favor, o aparelho desliga sozinho; porém houve problema com a transportadora. Preciso de um retorno.";produto;site;treino
REC-01147;Oi, o item também veio com uma avaria. O que mais preciso resolver é que a previsão de chegada passou e nada. Isso pode ser verificado, por favor?;entrega;chat;teste
REC-01148;O rastreio parou de atualizar desde ontem.;entrega;site;validacao
REC-01149;Oi, a troca foi aprovada, mas o novo item não foi enviado desde ontem.;troca_devolucao;telefone;treino
REC-01150;O CARTÃO FOI DEBITADO, MAS O PEDIDO NÃO CONFIRMOU, MAS AO MESMO TEMPO A RESPOSTA RECEBIDA NÃO TEM RELAÇÃO COM A MINHA DÚVIDA.;pagamento;site;treino
REC-01151;"pessoal, quero devolver a compra e não encontro a opção; além disso, recebi o modelo errado. obrigado. 😤";produto;chat;treino
REC-01152;A entrega também atrasou. O que mais preciso resolver é que prometeram retorno e não retornaram.;atendimento;app;treino
REC-01153;A compra chegou depois da data em que eu precisava e, além disso, estou tentando devolver o item.;entrega;telefone;treino
REC-01154;"gostaria de registrar, o pagamento foi recusado mesmo com limite; entretanto ninguém responde ao protocolo. preciso de um retorno.";pagamento;telefone;treino
REC-01155;Consta como entregue, mas não recebi e, além disso, também tentei abrir uma troca.;entrega;email;treino
REC-01156;o aparelho desliga sozinho e, além disso, houve problema com a transportadora.;produto;app;treino
REC-01157;Oi, bom dia, o item também veio com uma avaria, mas enviei o item de volta e ainda não confirmaram o recebimento. Fico no aguardo.;troca_devolucao;chat;teste
REC-01158;alguém consegue me ajudar, e ainda não consigo retorno no atendimento, mas o pix saiu da conta e a compra continua pendente conseguem me orientar;pagamento;telefone;validacao
REC-01159;o rastreio parou de atualizar desde ontem?;entrega;email;treino
REC-01160;"Gostaria de registrar, a resposta recebida não tem relação com a minha dúvida; só que estou tentando devolver o item.";atendimento;site;treino
REC-01161;"bom dia, o sistema bloqueia a opção de devolução; e o modelo recebido não era exatamente o esperado. agradeço se puderem olhar isso.";troca_devolucao;email;treino
REC-01162;"o pacote voltou pra o remetente sem explicação; além disso, a cor veio diferente da escolhida.";produto;chat;validacao
REC-01163;Solicito orientação: alguém consegue me ajudar, o atendente informou um procedimento que não funciona e a entrega foi direcionada para outro endereço. Isso pode ser verificado, por favor?;atendimento;chat;validacao
REC-01164;O chat me transfere e ninguém assume o caso.;atendimento;site;teste
REC-01165;solicitei troca e recebi instruções contraditórias no meu último pedido.;troca_devolucao;telefone;treino
REC-01166;Registro a seguinte situação: o atendimento encerrou o contato sem resolver desde ontem.;atendimento;site;treino
REC-01167;Olá, por favor, o chat me transfere e ninguém assume o caso, mas ao mesmo tempo o pedido ainda não chegou. Podem verificar?;atendimento;telefone;treino
REC-01168;Estou tentando falar com alguém há dias desde ontem?!;atendimento;chat;treino
REC-01169;Foi incluída uma taxa que não estava prevista e preciso saber o que aconteceu.;pagamento;site;treino
REC-01170;Por favor, pessoal, o chat não esclareceu a situação, mas a embalagem estava intacta, mas o item não funciona. Obrigado.;produto;telefone;validacao
REC-01171;A etiqueta de postagem não foi liberada e não consigo atendimento humano. Obrigada.;troca_devolucao;email;treino
REC-01172;Registro a seguinte situação: o atendente informou um procedimento que não funciona?;atendimento;email;treino
REC-01173;O entregador marcou tentativa sem vir aqui desde ontem.;entrega;chat;teste
REC-01174;A descrição do anúncio não bate com o que chegou desde ontem?;produto;email;treino
REC-01175;"Boa tarde, a entrega foi direcionada para outro endereço; além disso, o aparelho desliga sozinho. Agradeço se puderem olhar isso.";produto;chat;treino
REC-01176;"O sistema diz pagamento pendente, mas já paguei; mas o item também veio com uma avaria.";pagamento;email;teste
REC-01177;o pacote voltou para o remetente sem explicação desde ontem?;entrega;site;validacao
REC-01178;Pessoal, também apareceu uma cobrança que não entendi, mas enviei o item de volta e ainda não confirmaram o recebimento. Isso pode ser verificado, por favor?;troca_devolucao;telefone;treino
REC-01179;"Solicito orientação: oi, quero cancelar a compra e devolver o que recebi; entretanto o estorno ainda está pendente. Podem verificar?!";troca_devolucao;chat;teste
REC-01180;oi, quero cancelar a compra e devolver o que recebi 🙂;troca_devolucao;email;validacao
REC-01181;Oi, só queria entender, o prazo de troca está correndo e não consigo abrir a solicitação desde ontem. Obrigado.;troca_devolucao;telefone;treino
REC-01182;também tentei abrir uma troca. o q mais preciso resolver é q a resposta recebida n tem relação com a minha dúvida.;atendimento;email;treino
REC-01183;Olá, recebi só uma parte da compra desde ontem.;entrega;telefone;treino
REC-01184;"A cor veio diferente da escolhida; ao mesmo tempo estou tentando devolver o item.";produto;email;treino
REC-01185;A encomenda está atrasada há alguns dias, desde o fim de semana.;entrega;site;treino
REC-01186;Oi, o cupom foi aceito e depois o desconto sumiu e preciso saber o que aconteceu?!;pagamento;site;treino
REC-01187;Solicito orientação: a devolução não aparece no sistema, mas o sistema diz pagamento pendente, mas já paguei.;pagamento;chat;treino
REC-01188;Gente, venho informar, a entrega também atrasou, mas o pagamento foi recusado mesmo com limite.;pagamento;chat;validacao
REC-01189;"PESSOAL, O VALOR COBRADO ESTÁ DIFERENTE DO ANUNCIADO; MAS ESTOU TENTANDO DEVOLVER O ITEM. AGRADEÇO SE PUDEREM OLHAR ISSO";pagamento;chat;teste
REC-01190;Alguém consegue me ajudar, a previsão de chegada passou e nada. Também aconteceu o seguinte: o sistema bloqueia a opção de devolução. Preciso de um retorno.;troca_devolucao;chat;teste
REC-01191;Boa tarde, também apareceu uma cobrança que não entendi, mas faltou um acessório dentro da caixa. Preciso de um retorno.;produto;email;teste
REC-01192;"O pedido ainda não chegou; ao mesmo tempo o chat não esclareceu a situação.";entrega;chat;validacao
REC-01193;o acabamento veio com marcas, mas ao mesmo tempo estou esperando a encomenda há mais tempo que o informado.;produto;chat;treino
REC-01194;O sistema bloqueia a opção de devolução desde ontem;troca_devolucao;telefone;teste
REC-01195;O item também veio com uma avaria, mas não consigo atendimento humano.;atendimento;app;validacao
REC-01196;A PEÇA VEIO QUEBRADA NO MEU ÚLTIMO PEDIDO?;produto;chat;treino
REC-01197;o prazo de troca está correndo e não consigo abrir a solicitação no meu último pedido;troca_devolucao;chat;treino
REC-01198;A peça veio quebrada e, além disso, a devolução não aparece no sistema.;produto;site;treino
REC-01199;Não reconheço uma cobrança relacionada ao pedido há alguns dias.;pagamento;email;validacao
REC-01200;"Gente, boa tarde, não consigo localizar onde está a encomenda; porém a caixa veio com uma peça faltando. Obrigado.";entrega;app;treino
REC-01201;não reconheço uma cobrança relacionada ao pedido desde ontem;pagamento;telefone;teste
REC-01202;"Estou com uma dúvida, quero devolver a compra e não encontro a opção; apesar disso também apareceu uma cobrança que não entendi. Obrigada.";troca_devolucao;chat;treino
REC-01203;Registro a seguinte situação: o atendimento encerrou o contato sem resolver e, além disso, o desconto não foi aplicado.;atendimento;telefone;treino
REC-01204;Pessoal, o valor cobrado está diferente do anunciado e, além disso, o rastreio está confuso. Agradeço se puderem olhar isso.;pagamento;telefone;validacao
REC-01205;Preciso de ajuda, o pacote voltou para o remetente sem explicação no meu último pedido? Preciso de um retorno.;entrega;chat;validacao
REC-01206;O chat me transfere e ninguém assume o caso desde ontem, desde a última atualização do rastreio.;atendimento;site;treino
REC-01207;a coleta da devolução não aconteceu e preciso saber o q aconteceu?;troca_devolucao;email;treino
REC-01208;Recebi só uma parte da compra e, além disso, também apareceu uma cobrança que não entendi.;entrega;email;treino
REC-01209;Solicito orientação: pessoal, o pacote voltou para o remetente sem explicação e preciso saber o que aconteceu? Fico no aguardo.;entrega;email;treino
REC-01210;Olá, preciso de ajuda, quero cancelar a compra e devolver o que recebi e a entrega foi direcionada para outro endereço. Como resolvo?;troca_devolucao;telefone;teste
REC-01211;Gente, a parcela veio com valor incorreto. Também aconteceu o seguinte: o entregador marcou tentativa sem vir aqui.;entrega;telefone;treino
REC-01212;a compra chegou depois da data em que eu precisava e, além disso, e ainda não consigo retorno no atendimento. Isso aconteceu na primeira tentativa.;entrega;app;treino
REC-01213;"Gostaria de solicitar apoio: o pacote sumiu no trajeto; além disso, o pagamento foi recusado mesmo com limite.";pagamento;app;treino
REC-01214;Alguém consegue me ajudar, consta como entregue, mas não recebi e preciso saber o que aconteceu. Como resolvo?;entrega;app;treino
REC-01215;"Então, a entrega foi direcionada para outro endereço; porém o chat não esclareceu a situação!";entrega;chat;treino
REC-01216;então, a ligação caiu e ninguém retomou o contato há alguns dias?;atendimento;chat;treino
REC-01217;Olá, a troca foi aprovada, mas o novo item não foi enviado?;troca_devolucao;telefone;treino
REC-01218;gostaria de solicitar apoio: ninguém responde minhas mensagens desde ontem.;atendimento;chat;treino
REC-01219;O acabamento veio com marcas há alguns dias;produto;app;treino
REC-01220;"O material parece danificado; situação observada desde ontem.";produto;chat;treino
REC-01221;gostaria de registrar, ninguém responde ao protocolo o que mais preciso resolver é que o reembolso foi aprovado, porém não caiu preciso de um retorno;pagamento;chat;validacao
REC-01222;Por favor, consta como entregue, mas não recebi desde ontem;entrega;email;treino
REC-01223;boa tarde, a etiqueta de postagem não foi liberada. também aconteceu o seguinte: o valor foi cobrado duas vezes. preciso de um retorno.;pagamento;chat;treino
REC-01224;"o prazo de troca está correndo e não consigo abrir a solicitação; além disso, a compra foi cancelada, mas a cobrança permaneceu";pagamento;chat;treino
REC-01225;recebi só uma parte da compra e o pix saiu da conta e a compra continua pendente.;entrega;site;treino
REC-01226;Por favor, o chat não esclareceu a situação. O que mais preciso resolver é que não sei onde acompanhar minha devolução. Podem verificar?;troca_devolucao;site;treino
REC-01227;A CAIXA VEIO COM UMA PEÇA FALTANDO. O QUE MAIS PRECISO RESOLVER É QUE A TRANSPORTADORA NÃO APARECEU NO ENDEREÇO.;entrega;site;treino
REC-01228;"Gostaria de solicitar apoio: pessoal, o suporte pede as mesmas informações toda vez; e a entrega também atrasou. Conseguem me orientar?";atendimento;email;treino
REC-01229;o aparelho desliga sozinho desde ontem.;produto;site;treino
REC-01230;TAMBÉM TENTEI ABRIR UMA TROCA, MAS RECEBI SÓ UMA PARTE DA COMPRA.;entrega;email;treino
REC-01231;bom dia, houve problema com a transportadora, mas a parcela veio com valor incorreto. obrigado.;pagamento;app;validacao
REC-01232;"Olá, o cupom foi aceito e depois o desconto sumiu no meu último pedido Agradeço se puderem olhar isso; preciso de retorno.";pagamento;chat;teste
REC-01233;prometeram retorno e não retornaram e preciso saber o que aconteceu?;atendimento;telefone;teste
REC-01234;Preciso trocar o tamanho recebido e, além disso, o pacote demorou a chegar!;troca_devolucao;app;treino
REC-01235;Estou tentando devolver o item. O que mais preciso resolver é que consta como entregue, mas não recebi. Agradeço se puderem olhar isso.;entrega;chat;teste
REC-01236;O cartão foi debitado, mas o pedido não confirmou e, além disso, o item também veio com uma avaria.;pagamento;app;teste
REC-01237;Oi, e ainda não consigo retorno no atendimento, mas o cupom foi aceito e depois o desconto sumiu.;pagamento;email;teste
REC-01238;Então, já postei a devolução e o status não mudou e a transportadora não apareceu no endereço.;troca_devolucao;telefone;teste
REC-01239;gostaria de registrar, o chat me transfere e ninguém assume o caso há alguns dias;atendimento;site;treino
REC-01240;Olá, não consigo localizar onde está a encomenda Preciso de um retorno.;entrega;chat;treino
REC-01241;Por favor, o pacote voltou para o remetente sem explicação Preciso de um retorno.;entrega;chat;treino
REC-01242;O valor cobrado está diferente do anunciado no meu último pedido. Isso aconteceu na compra feita pelo site.;pagamento;telefone;validacao
REC-01243;Quero devolver a compra e não encontro a opção. Também aconteceu o seguinte: o aparelho desliga sozinho.;produto;chat;treino
REC-01244;por favor, também apareceu uma cobrança que não entendi, mas fui tratado de forma pouco cordial. podem verificar?;atendimento;telefone;teste
REC-01245;o cupom foi aceito e depois o desconto sumiu e preciso saber o q aconteceu?!;pagamento;email;treino
REC-01246;o suporte pede as mesmas informações toda vez e, além disso, a entrega tambem atrasou.;atendimento;site;treino
REC-01247;Recebi informações diferentes de cada atendente há alguns dias?;atendimento;telefone;treino
REC-01248;foi incluída uma taxa que não estava prevista e, além disso, ninguém responde ao protocolo;pagamento;chat;teste
REC-01249;o estorno ainda está pendente o que mais preciso resolver é que o acabamento veio com marcas;produto;email;treino
REC-01250;;produto;site;treino
REC-01251;A peça veio quebrada, em uma compra recente.;produto;chat;treino
REC-01252;"Gente, não reconheço uma cobrança relacionada ao pedido; porém a entrega também atrasou.";pagamento;telefone;treino
REC-01253;"Quero cancelar a compra e devolver o que recebi; situação observada na compra feita pelo aplicativo.";troca_devolucao;chat;treino
REC-01254;Olá, preciso de ajuda, o rastreio está confuso. O que mais preciso resolver é que a cor veio diferente da escolhida. Obrigado.;produto;app;treino
REC-01255;o cupom foi aceito e depois o desconto sumiu desde ontem, hoje de manhã.;pagamento;chat;treino
REC-01256;Boa tarde, o item também veio com uma avaria. O que mais preciso resolver é que o estorno ainda não apareceu. Obrigado.;pagamento;site;treino
REC-01257;"Oi, venho informar, consta como entregue, mas não recebi; porém a caixa veio com uma peça faltando. Agradeço se puderem olhar isso.";entrega;app;treino
REC-01258;Oi, olá, a previsão de chegada passou e nada. Também aconteceu o seguinte: o cupom foi aceito e depois o desconto sumiu. Como resolvo.;pagamento;email;treino
REC-01259;Então, estou esperando a encomenda há mais tempo que o informado e preciso saber o que aconteceu?;entrega;app;treino
REC-01260;Por favor, o chat não esclareceu a situação, mas o valor foi cobrado duas vezes.;pagamento;telefone;treino
REC-01261;Consta como entregue, mas não recebi desde ontem;entrega;email;validacao
REC-01262;Uma parte do kit não veio e o valor cobrado está diferente do anunciado.;produto;chat;teste
REC-01263;Preciso de ajuda, ninguém responde ao protocolo. O que mais preciso resolver é que o cartão foi debitado, mas o pedido não confirmou. Podem verificar?;pagamento;app;treino
REC-01264;olá, o acabamento veio com marcas e recebi só uma parte da compra. preciso de um retorno.;produto;app;treino
REC-01265;"Registro a seguinte situação: o reembolso foi aprovado, porém não caiu; e a caixa veio com uma peça faltando.";pagamento;email;treino
REC-01266;"A coleta da devoluçao não aconteceu; além disso, o rastreio parou de atualizar; preciso de retorno.";entrega;site;treino
REC-01267;O acabamento veio com marcas e preciso saber o que aconteceu;produto;email;validacao
REC-01268;quero cancelar a compra e devolver o que recebi no meu último pedido;troca_devolucao;email;treino
REC-01269;O pacote voltou para o remetente sem explicação e, além disso, ninguém responde ao protocolo.;entrega;site;validacao
REC-01270;Por favor, estou tentando falar com alguém há dias no meu último pedido?;atendimento;telefone;teste
REC-01271;"venho informar, a embalagem estava intacta, mas o item não funciona; ao mesmo tempo e ainda não consigo retorno no atendimento preciso de um retorno 🙂";produto;email;treino
REC-01272;bom dia, a transportadora não apareceu no endereço e, além disso, o modelo recbido não era exatamente o esperado. obrigado.;entrega;app;teste
REC-01273;A cor veio diferente da escolhida e a resposta recebida não tem relação com a minha dúvida.;produto;chat;validacao
REC-01274;"Bom dia, a encomenda está atrasada; porém também tentei abrir uma troca. Fico no aguardo.";entrega;chat;teste
REC-01275;A ENTREGA TAMBÉM ATRASOU, MAS MEU CHAMADO ESTÁ SEM ATUALIZAÇÃO!;atendimento;email;treino
REC-01276;"a peça veio quebrada; apesar disso houve problema com a transportadora; preciso de retorno.";produto;telefone;treino
REC-01277;O ESTORNO AINDA ESTÁ PENDENTE, MAS O PACOTE VOLTOU PARA O REMETENTE SEM EXPLICAÇÃO.;entrega;telefone;treino
REC-01278;Queria uma orientação, o atendente informou um procedimento que não funciona no meu último pedido? Como resolvo?;atendimento;email;teste
REC-01279;A peça veio quebrada desde ontem;produto;app;treino
REC-01280;Estou com uma dúvida, a entrega foi direcionada para outro endereço desde ontem? Fico no aguardo.;entrega;app;treino
REC-01281;Alguém consegue me ajudar, a caixa veio com uma peça faltando, mas a resposta recebida não tem relação com a minha dúvida. Como resolvo?;atendimento;chat;validacao
REC-01282;recebi só uma parte da compra, mas ao mesmo tempo prometeram retorno e n retornaram.;entrega;app;treino
REC-01283;"Solicito orientação: a troca foi aprovada, mas o novo item não foi enviado; além disso, a descrição do anúncio não bate com o que chegou.";produto;chat;treino
REC-01284;O chat não esclareceu a situação, mas o pix saiu da conta e a compra continua pendente.;pagamento;app;treino
REC-01285;Por favor, o material parece danificado.;produto;app;teste
REC-01286;Gostaria de solicitar apoio: olá, o chat me transfere e ninguém assume o caso no meu último pedido Podem verificar?;atendimento;email;treino
REC-01287;Não consigo localizar onde está a encomenda e preciso saber o que aconteceu!;entrega;site;treino
REC-01288;Olá, a etiqueta de postagem não foi liberada? Preciso de um retorno.;troca_devolucao;telefone;treino
REC-01289;Solicito orientação: alguém consegue me ajudar, o chat não esclareceu a situação. O que mais preciso resolver é que o entregador marcou tentativa sem vir aqui. Fico no aguardo!;entrega;app;treino
REC-01290;estou com uma dúvida, fui tratado de forma pouco cordial há alguns dias. isso pode ser verificado, por favor?;atendimento;app;teste
REC-01291;A entrega foi direcionada para outro endereço. Conseguem me orientar?;entrega;app;treino
REC-01292;A entrega também atrasou. O que mais preciso resolver é que ninguém responde minhas mensagens.;atendimento;app;teste
REC-01293;a transportadora não apareceu no endereço no meu último pedido Podem verificar?;entrega;chat;treino
REC-01294;NÃO CONSIGO GERAR O BOLETO E RECEBI O MODELO ERRADO.;pagamento;email;validacao
REC-01295;O acabamento veio com marcas, mas ao mesmo tempo a previsão de chegada passou e nada.;produto;site;treino
REC-01296;Recebi só uma parte da compra desde ontem;entrega;app;treino
REC-01297;Venho informar, o entregador marcou tentativa sem vir aqui, mas ao mesmo tempo o suporte pede as mesmas informações toda vez. Agradeço se puderem olhar isso.;entrega;app;teste
REC-01298;Gente, também tentei abrir uma troca, mas a previsão de chegada passou e nada.;entrega;site;treino
REC-01299;Gente, estou com uma dúvida, o cartão foi debitado, mas o pedido não confirmou. Também aconteceu o seguinte: a embalagem estava intacta, mas o item não funciona.;produto;app;treino
REC-01300;"o pix saiu da conta e a compra continua pendente; além disso, o material parece danificado.";produto;chat;treino
REC-01301;recebi só uma parte da compra e preciso saber o que aconteceu? ...;entrega;email;treino
REC-01302;GOSTARIA DE REGISTRAR, NINGUÉM RESPONDE AO PROTOCOLO, MAS NÃO CONSIGO LOCALIZAR ONDE ESTÁ A ENCOMENDA.;entrega;telefone;treino
REC-01303;"Então, por favor, o prazo de troca está correndo e não consigo abrir a solicitação; ao mesmo tempo o rastreio está confuso. Isso pode ser verificado, por favor?";troca_devolucao;email;treino
REC-01304;"Então, não consigo atendimento humano; além disso, o produto recebido é diferente do anúncio.";produto;app;treino
REC-01305;Olá, o chat me transfere e ninguém assume o caso? Obrigada.;atendimento;app;treino
REC-01306;pessoal, a caixa veio com uma peça faltando, mas o atendimento encerrou o contato sem resolver. isso pode ser verificado, por favor?;atendimento;chat;treino
REC-01307;Por favor, prometeram retorno e não retornaram no meu último pedido.;atendimento;site;treino
REC-01308;Estou com uma dúvida, ninguém responde ao protocolo, mas o tamanho não corresponde ao informado. Obrigado.;produto;email;treino
REC-01309;O item apresentou problema no primeiro uso desde ontem;produto;telefone;treino
REC-01310;"A descrição do anúncio não bate com o que chegou; porém também tentei abrir uma troca.";produto;email;treino
REC-01311;Recebi o modelo errado e, além disso, o desconto não foi aplicado!;produto;app;treino
REC-01312;O aparelho desliga sozinho há alguns dias!;produto;email;treino
REC-01313;Ninguém responde ao protocolo. O que mais preciso resolver é que a peça veio quebrada.;produto;email;treino
REC-01314;O pix saiu da conta e a compra continua pendente e o chat me transfere e ninguém assume o caso.;pagamento;email;treino
REC-01315;Olá, o protocolo foi fechado sem retorno e preciso saber o que aconteceu.;atendimento;app;treino
REC-01316;Por favor, o item também veio com uma avaria. O que mais preciso resolver é que o atendimnto encerrou o contato sem resolver.;atendimento;site;treino
REC-01317;Gente, prometeram retorno e não retornaram há alguns dias;atendimento;chat;treino
REC-01318;recebi o modelo errado no meu último pedido;produto;chat;treino
REC-01319;Queria uma orientação, também tentei abrir uma troca, mas o entregador marcou tentativa sem vir aqui. Preciso de um retorno!;entrega;app;treino
REC-01320;Também apareceu uma cobrança que não entendi. O que mais preciso resolver é que o produto recebido é diferente do anúncio.;produto;telefone;teste
REC-01321;também apareceu uma cobrança que não entendi, mas a entrega foi direcionada para outro endereço!;entrega;app;validacao
REC-01322;Gostaria de solicitar apoio: ninguém responde minhas mensagens;atendimento;chat;treino
REC-01323;o reembolso foi aprovado, porém não caiu há alguns dias?;pagamento;email;treino
REC-01324;o cupom foi aceito e depois o desconto sumiu?;pagamento;chat;teste
REC-01325;Gente, foi incluída uma taxa que não estava prevista no meu último pedido;pagamento;app;treino
REC-01326;o chat me transfere e ninguém assume o caso há alguns dias!;atendimento;site;treino
REC-01327;Faltou um acessório dentro da caixa?;produto;telefone;treino
REC-01328;A descrição do anúncio não bate com o que chegou;produto;chat;treino
REC-01329;"ENTÃO, SÓ QUERIA ENTENDER, O ITEM APRESENTOU PROBLEMA NO PRIMEIRO USO; APESAR DISSO E AINDA NÃO CONSIGO RETORNO NO ATENDIMENTO. AGRADEÇO SE PUDEREM OLHAR ISSO.";produto;chat;teste
REC-01330;O reembolso foi aprovado, porém não caiu, mas ao mesmo tempo o protocolo foi fechado sem retorno.;pagamento;site;teste
REC-01331;não reconheço uma cobrança relacionada ao pedido há alguns dias.;pagamento;site;validacao
REC-01332;alguém consegue me ajudar, o item apresentou problema no primeiro uso desde ontem obrigado.;produto;chat;treino
REC-01333;Faltou um acessório dentro da caixa no meu último pedido.;produto;email;treino
REC-01334;TAMBÉM TENTEI ABRIR UMA TROCA. O QUE MAIS PRECISO RESOLVER É QUE O ITEM APRESENTOU PROBLEMA NO PRIMEIRO USO. PRECISO DE UM RETORNO.;produto;chat;treino
REC-01335;E ainda não consigo retorno no atendimento. O que mais preciso resolver é que recebi só uma parte da compra!;entrega;email;validacao
REC-01336;o tamanho não corresponde ao informado e preciso saber o que aconteceu;produto;chat;treino
REC-01337;Oi, preciso de ajuda, e ainda não consigo retorno no atendimento. O que mais preciso resolver é que solicitei troca e recebi instruções contraditórias. Como resolvo?;troca_devolucao;site;teste
REC-01338;Olá, uma parte do kit não veio e, além disso, ninguém responde ao protocolo.;produto;site;treino
REC-01339;"Gostaria de solicitar apoio: o estorno ainda não apareceu; apesar disso o pacote demorou a chegar.";pagamento;site;validacao
REC-01340;o sistema diz pagamento pendente, mas já paguei e preciso saber o que aconteceu!!!;pagamento;email;treino
REC-01341;E AINDA NAO CONSIGO RETORNO NO ATENDIMENTO, MAS SOLICITEI TROCA E RECEBI INSTRUÇÕES CONTRADITÓRIAS.;troca_devolucao;app;treino
REC-01342;Gostaria de registrar, o entregador marcou tentativa sem vir aqui e, além disso, o desconto não foi aplicado. Agradeço se puderem olhar isso.;entrega;telefone;treino
REC-01343;Estou com uma dúvida, a encomenda está atrasada, mas ao mesmo tempo foi incluída uma taxa que não estava prevista. Conseguem me orientar?;entrega;chat;treino
REC-01344;O rastreio parou de atualizar e preciso saber o que aconteceu!;entrega;site;treino
REC-01345;o estorno ainda n apareceu e a transportadora n apareceu no endereço.;pagamento;chat;treino
REC-01346;"uma parte do kit não veio; porém e ainda não consigo retorno no atendimento.";produto;app;treino
REC-01347;"A descrição do anúncio não bate com o que chegou desde ontem; situação observada desde o fim de semana.";produto;app;treino
REC-01348;uma parte do kit não veio, mas ao mesmo tempo a troca foi aprovada, mas o novo item não foi enviado;produto;telefone;validacao
REC-01349;Pessoal, recebi o modelo errado e preciso saber o que aconteceu Obrigada.;produto;site;treino
REC-01350;Olá, o acabamento veio com marcas há alguns dias.;produto;telefone;treino
REC-01351;O chat me transfere e ninguém assume o caso há alguns dias?;atendimento;telefone;treino
REC-01352;bom dia, consta como entregue, mas n recebi e, além disso, também tentei abrir uma troca. fico no aguardo.;entrega;chat;treino
REC-01353;o desconto não foi aplicado. o que mais preciso resolver é que recebi informações diferentes de cada atendente.;atendimento;app;treino
REC-01354;Solicito orientação: o sistema bloqueia a opção de devolução e preciso saber o que aconteceu;troca_devolucao;site;treino
REC-01355;A peça veio quebrada e, além disso, houve problema com a transportadora.;produto;app;treino
REC-01356;Prometeram retorno e não retornaram e, além disso, estou tentando devolver o item.;atendimento;app;treino
REC-01357;A entrega também atrasou. O que mais preciso resolver é que o item chegou com defeito.;produto;telefone;treino
REC-01358;não consigo gerar o boleto e, além disso, ninguém responde ao protocolo 🙂;pagamento;app;treino
REC-01359;Por favor, preciso trocar o tamanho recebido e o material parece danificado.;troca_devolucao;telefone;treino
REC-01360;Olá, oi, o material parece danificado há alguns dias? Podem verificar?;produto;email;treino
REC-01361;Registro a seguinte situação: bom dia, a descrição do anúncio não bate com o que chegou e, além disso, estou tentando devolver o item. Obrigado;produto;site;treino
REC-01362;Então, não consigo gerar o boleto, mas ao mesmo tempo a cor veio diferente da escolhida.;pagamento;site;validacao
REC-01363;Boa tarde, e ainda não consigo retorno no atendimento, mas uma parte do kit não veio. Obrigado.;produto;site;validacao
REC-01364;"recebi o modelo errado; situação observada no pedido que fiz para casa.";produto;email;validacao
REC-01365;queria uma orientação, o valor foi cobrado duas vezes e preciso saber o q aconteceu isso pode ser verificado, por favor;pagamento;app;validacao
REC-01366;Então, o reembolso foi aprovado, porém não caiu e, além disso, o pacote demorou a chegar.;pagamento;email;teste
REC-01367;Olá, o entregador marcou tentativa sem vir aqui e preciso saber o que aconteceu?;entrega;site;teste
REC-01368;"Por favor, a embalagem estava intacta, mas o item não funciona; mas também tentei abrir uma troca.";produto;chat;teste
REC-01369;pessoal, quero devolver a compra e não encontro a opção desde ontem. conseguem me orientar?;troca_devolucao;telefone;treino
REC-01370;o prazo de troca está correndo e não consigo abrir a solicitação. também aconteceu o seguinte: o atendente informou um procedimento que não funciona;atendimento;app;treino
REC-01371;o pacote voltou para o remetente sem explicação no meu último pedido.;entrega;chat;teste
REC-01372;A devolução não aparece no sistema, mas prometeram retorno e não retornaram.;atendimento;telefone;teste
REC-01373;A cor veio diferente da escolhida e preciso saber o que aconteceu;produto;chat;treino
REC-01374;"O cartão foi debitado, mas o pedido não confirmou desde ontem; situação observada desde o fim de semana.";pagamento;email;validacao
REC-01375;Alguém consegue me ajudar, o chat não esclareceu a situação, mas o tamanho não corresponde ao informado. Agradeço se puderem olhar isso!;produto;email;validacao
REC-01376;A peça veio quebrada e solicitei troca e recebi instruções contraditórias.;produto;site;treino
REC-01377;Também apareceu uma cobrança que não entendi. O que mais preciso resolver é que a transportadora não apareceu no endereço, desde a última atualização do rastreio.;entrega;telefone;validacao
REC-01378;Por favor, o produto veio usado.;produto;app;validacao
REC-01379;faltou um acessório dentro da caixa no meu último pedido, no pedido que fiz para casa.;produto;app;treino
REC-01380;"Gostaria de solicitar apoio: o protocolo foi fechado sem retorno; além disso, o produto recebido é diferente do anúncio.";produto;email;treino
REC-01381;Gente, a entrega também atrasou. O que mais preciso resolver é que enviei o item de volta e ainda não confirmaram o recebimento.;troca_devolucao;telefone;treino
REC-01382;Alguém consegue me ajudar, a peça veio quebrada há alguns dias Como resolvo?;produto;site;treino
REC-01383;Só queria entender, o pacote sumiu no trajeto e preciso saber o que aconteceu. Agradeço se puderem olhar isso;entrega;telefone;treino
REC-01384;Venho informar, o cupom foi aceito e depois o desconto sumiu e a encomenda está atrasada. Isso pode ser verificado, por favor?;pagamento;site;treino
REC-01385;Alguém consegue me ajudar, o pacote demorou a chegar. O que mais preciso resolver é que não consigo atendimento humano. Obrigada.;atendimento;telefone;teste
REC-01386;Oi, o produto veio usado no meu último pedido;produto;email;treino
REC-01387;Quero cancelar a compra e devolver o que recebi no meu último pedido;troca_devolucao;chat;treino
REC-01388;Olá, preciso de ajuda, o item também veio com uma avaria. O que mais preciso resolver é que a coleta da devolução não aconteceu. Fico no aguardo.;troca_devolucao;chat;treino
REC-01389;não sei onde acompanhar minha devolução no meu último pedido?;troca_devolucao;email;teste
REC-01390;Solicito orientação: pessoal, o cartão foi debitado, mas o pedido não confirmou no meu último pedido Obrigada;pagamento;chat;validacao
REC-01391;Também tentei abrir uma troca. O que mais preciso resolver é que o atendimento encerrou o contato sem resolver.;atendimento;site;treino
REC-01392;não consigo atendimento humano.;atendimento;chat;treino
REC-01393;Solicito orientação: o produto recebido é diferente do anúncio no meu último pedido?;produto;site;treino
REC-01394;Gente, pessoal, faltou um acessório dentro da caixa, mas ao mesmo tempo o suporte pede as mesmas informações toda vez. Isso pode ser verificado, por favor?;produto;site;treino
REC-01395;"a parcela veio com valor incorreto; além disso, o tamanho n corresponde ao informado.";produto;site;treino
REC-01396;"Pessoal, recebi informações diferentes de cada atendente Agradeço se puderem olhar isso; preciso de retorno.";atendimento;chat;validacao
REC-01397;Gostaria de registrar, a entrega foi direcionada para outro endereço há alguns dias?;entrega;chat;treino
REC-01398;O estorno ainda está pendente. O que mais preciso resolver é que estou esperando a encomenda há mais tempo que o informado.;entrega;app;treino
REC-01399;Gente, alguém consegue me ajudar, e ainda não consigo retorno no atendimento. O que mais preciso resolver é que o item chegou com defeito. Conseguem me orientar?!;produto;chat;treino
REC-01400;Registro a seguinte situação: o rastreio está confuso. O que mais preciso resolver é que a solicitação de devolução não avança.;troca_devolucao;chat;treino
REC-01401;a resposta recebida não tem relação com a minha dúvida. também aconteceu o seguinte: a transportadora não apareceu no endereço.;entrega;site;treino
REC-01402;Só queria entender, a cor veio diferente da escolhida há alguns dias? Obrigado.;produto;telefone;treino
REC-01403;Gostaria de registrar, a cor veio diferente da escolhida? Obrigado.;produto;site;validacao
REC-01404;Solicito orientação: a peça veio quebrada no meu último pedido?;produto;telefone;treino
REC-01405;O pedido ainda não chegou e preciso saber o que aconteceu.;entrega;telefone;validacao
REC-01406;Oi, o modelo recebido não era exatamente o esperado. O que mais preciso resolver é que consta como entregue, mas não recebi.;entrega;email;teste
REC-01407;Boa tarde, estou tentando devolver o item, mas o pagamento foi recusado mesmo com limite. Agradeço se puderem olhar isso.;pagamento;email;treino
REC-01408;Por favor, o desconto não foi aplicado, mas estou esperando a encomenda há mais tempo que o informado.;entrega;chat;treino
REC-01409;"Oi, a cor veio diferente da escolhida; além disso, o pacote voltou para o remetente sem explicação. Obrigado.";entrega;app;treino
REC-01410;Então, a compra foi cancelada, mas a cobrança permaneceu e, além disso, o rastreio está confuso.;pagamento;app;treino
REC-01411;Por favor, o valor cobrado está diferente do anunciado. Também aconteceu o seguinte: o pedido ainda nao chegou.;entrega;chat;treino
REC-01412;"Oi, alguém consegue me ajudar, o prazo de troca está correndo e não consigo abrir a solicitação; porém o chat não esclareceu a situação. Conseguem me orientar?";troca_devolucao;telefone;treino
REC-01413;E ainda não consigo retorno no atendimento. O que mais preciso resolver é que o item apresentou problema no primeiro uso.;produto;chat;treino
REC-01414;Bom dia, a compra chegou depois da data em que eu precisava e preciso saber o que aconteceu. Podem verificar?;entrega;chat;treino
REC-01415;estou com uma dúvida, tbm apareceu uma cobrança que não entendi. o que mais preciso resolver é que a ligação caiu e ninguém retomou o contato. preciso de um retorno.;atendimento;app;treino
REC-01416;por favor, não consigo gerar o boleto há alguns dias? podem verificar?;pagamento;site;treino
REC-01417;gostaria de solicitar apoio: por favor, preciso trocar o tamanho recebido no meu último pedido?;troca_devolucao;email;treino
REC-01418;Queria uma orientação, já postei a devolução e o status não mudou e, além disso, o desconto não foi aplicado. Agradeço se puderem olhar isso.;troca_devolucao;site;treino
REC-01419;A devolução não aparece no sistema. O que mais preciso resolver é que a entrega foi direcionada para outro endereço.;entrega;app;treino
REC-01420;o pacote demorou a chegar, mas o produto veio usado!!!;produto;email;validacao
REC-01421;Por favor, boa tarde, não consigo atendimnto humano e preciso saber o que aconteceu Fico no aguardo;atendimento;chat;treino
REC-01422;Recebi o modelo errado, mas ao mesmo tempo o prazo mudou várias vezes.;produto;app;treino
REC-01423;Gente, gostaria de registrar, o pacote sumiu no trajeto desde ontem. Fico no aguardo.;entrega;chat;validacao
REC-01424;"BOA TARDE, UMA PARTE DO KIT NÃO VEIO; APESAR DISSO ESTOU TENTANDO DEVOLVER O ITEM. COMO RESOLVO?";produto;email;validacao
REC-01425;o rastreio parou de atualizar desde ontem.;entrega;email;teste
REC-01426;olá, o pix saiu da conta e a compra continua pendente no meu último pedido? fico no aguardo.;pagamento;chat;treino
REC-01427;Não consigo atendimento humano e, além disso, o item também veio com uma avaria.;atendimento;telefone;treino
REC-01428;"A previsão de chegada passou e nada; situação observada no pedido mais recente.";entrega;site;teste
REC-01429;Então, solicitei troca e recebi instruções contraditórias. Também aconteceu o seguinte: o reembolso foi aprovado, porém não caiu.;pagamento;app;treino
REC-01430;O sistema diz pagamento pendente, mas já paguei. Isso aconteceu desde a última atualização do rastreio.;pagamento;chat;teste
REC-01431;"Pessoal, o item apresentou problema no primeiro uso; além disso, a encomenda esta atrasada. Obrigada.";entrega;telefone;treino
REC-01432;o reembolso foi aprovado, porém n caiu desde ontem?!;pagamento;site;treino
REC-01433;Gostaria de registrar, a parcela veio com valor incorreto, mas ao mesmo tempo o tamanho não corresponde ao informado. Obrigado.;pagamento;telefone;validacao
REC-01434;gente, o produto recebido é diferente do anúncio desde ontem;produto;app;teste
REC-01435;"O cupom foi aceito e depois o desconto sumiu; além disso, o pacote voltou para o remetente sem explicação.";entrega;telefone;teste
REC-01436;"Então, a embalagem estava intacta, mas o item não funçiona; entretanto também apareceu uma cobrança que não entendi.";produto;site;treino
REC-01437;Oi, o suporte pede as mesmas informações toda vez e o valor cobrado está diferente do anunciado.;atendimento;email;teste
REC-01438;O prodto veio usado desde ontem?;produto;chat;treino
REC-01439;Gente, também tentei abrir uma troca, mas o tamanho não corresponde ao informado.;produto;site;treino
REC-01440;Estou com uma dúvida, o item apresentou problema no primeiro uso. Também aconteceu o seguinte: não consigo gerar o boleto. Isso pode ser verificado, por favor?;pagamento;email;teste
REC-01441;Por favor, a cor veio diferente da escolhida Obrigado.;produto;site;treino
REC-01442;Queria uma orientação, a troca foi aprovada, mas o novo item não foi enviado, mas ao mesmo tempo a cor veio diferente da escolhida. Obrigada!;troca_devolucao;email;treino
REC-01443;preciso de ajuda, o chat me transfere e ninguém assume o caso. conseguem me orientar?!!!;atendimento;site;treino
REC-01444;A caixa veio com uma peça faltando, mas a parcela veio com valor incorreto.;pagamento;chat;validacao
REC-01445;O aparelho desliga sozinho e, além disso, ninguém responde ao protocolo.;produto;site;validacao
REC-01446;"o pix saiu da conta e a compra continua pendente; e a caixa veio com uma peça faltando";pagamento;email;teste
REC-01447;Olá, o valor cobrado está diferente do anunciado no meu último pedido!;pagamento;email;validacao
REC-01448;Por favor, estou tentando devolver o item, mas o pagamento foi recusado mesmo com limite. Obrigada;pagamento;telefone;teste
REC-01449;recebi o modelo errado, mas ao mesmo tempo o cupom foi aceito e depois o desconto sumiu;produto;app;treino
REC-01450;Gostaria de solicitar apoio: o protocolo foi fechado sem retorno desde ontem.;atendimento;email;treino
REC-01451;Pessoal, a compra chegou depois da data em que eu precisava no meu último pedido Como resolvo?;entrega;site;treino
REC-01452;Estou com uma dúvida, estou tentando falar com alguém há dias no meu último pedido. Fico no aguardo.;atendimento;site;treino
REC-01453;Queria uma orientação, a entrega foi direcionada para outro endereço e, além disso, o item também veio com uma avaria. Preciso de um retorno.;entrega;email;treino
REC-01454;olá, a cor veio diferente da escolhida.;produto;site;teste
REC-01455;"ninguém responde minhas mensagens; além disso, recebi só uma parte da compra.";entrega;email;teste
REC-01456;Então, recebi o modelo errado e preciso saber o que aconteceu.;produto;telefone;teste
REC-01457;Oi, o rastreio parou de atualizar desde ontem;entrega;site;treino
REC-01458;O cupom foi aceito e depois o desconto sumiu há alguns dias;pagamento;site;treino
REC-01459;preciso trocar o tamanho recebido ...;troca_devolucao;chat;treino
REC-01460;O estorno ainda não apareceu há alguns dias Preciso de um retorno.;pagamento;email;treino
REC-01461;O rastreio parou de atualizar há alguns dias.;entrega;site;treino
REC-01462;o sistema diz pagamento pendente, mas já paguei?;pagamento;telefone;treino
REC-01463;Por favor, olá, a cor veio diferente da escolhida desde ontem? Como resolvo?;produto;email;treino
REC-01464;o valor foi cobrado duas vezes no meu último pedido?;pagamento;email;treino
REC-01465;"pessoal, a compra chegou depois da data em q eu precisava; ao mesmo tempo o item também veio com uma avaria. agradeço se puderem olhar isso.";entrega;app;teste
REC-01466;Olá, o prazo de troca está correndo e não consigo abrir a solicitação no meu último pedido Conseguem me orientar?;troca_devolucao;site;teste
REC-01467;Oi, a descrição do anúncio não bate com o que chegou. Também aconteceu o seguinte: o prazo de troca está correndo e não consigo abrir a solicitação.;troca_devolucao;telefone;treino
REC-01468;O pacote sumiu no trajeto há alguns dias;entrega;chat;teste
REC-01469;Ninguém responde minhas mensagens há alguns dias?;atendimento;telefone;treino
REC-01470;O sistema bloqueia a opção de devolução desde ontem!;troca_devolucao;email;treino
REC-01471;o aparelho desliga sozinho e preciso saber o que aconteceu;produto;site;treino
REC-01472;Então, o valor cobrado está diferente do anunciado há alguns dias;pagamento;app;treino
REC-01473;O item chegou com defeito no meu último pedido?;produto;email;teste
REC-01474;Oi, não sei onde acompanhar minha devoluçao há alguns dias;troca_devolucao;email;treino
REC-01475;Oi, o desconto não foi aplicado, mas o pacote sumiu no trajeto.;entrega;email;treino
REC-01476;"gostaria de registrar, consta como entregue, mas não recebi; só q o item também veio com uma avaria.";entrega;telefone;treino
REC-01477;"A compra foi cancelada, mas a cobrança permaneceu; mas ninguém responde ao protocolo.";pagamento;chat;treino
REC-01478;A compra foi cancelada, mas a cobrança permaneceu no meu último pedido?;pagamento;chat;treino
REC-01479;Oi, enviei o item de volta e ainda não confirmaram o recebimento desde ontem.;troca_devolucao;telefone;teste
REC-01480;o entregador marcou tentativa sem vir aqui no meu último pedido. obrigada.;entrega;site;treino
REC-01481;"meu chamado está sem atualização; além disso, o acabamento veio com marcas.";produto;chat;treino
REC-01482;a descrição do anúncio não bate com o que chegou no meu último pedido?;produto;chat;validacao
REC-01483;Gostaria de registrar, houve problema com a transportadora. O que mais preciso resolver é que a resposta recebida não tem relação com a minha dúvida. Obrigado.;atendimento;site;treino
REC-01484;"Recebi informações diferentes de cada atendente; entretanto a devolução não aparece no sistema.";atendimento;site;treino
REC-01485;o atendente informou um procedimento que não funciona?;atendimento;chat;treino
REC-01486;Pessoal, o item apresentou problema no primeiro uso?;produto;app;teste
REC-01487;Gostaria de solicitar apoio: o chat me transfere e ninguém assume o caso e, além disso, também tentei abrir uma troca.;atendimento;app;treino
REC-01488;O produto veio usado no meu último pedido;produto;telefone;validacao
REC-01489;Gostaria de solicitar apoio: a compra foi cancelada, mas a cobrança permaneceu.;pagamento;telefone;treino
REC-01490;Então, o pacote demorou a chegar, mas não sei onde acompanhar minha devolução.;troca_devolucao;app;treino
REC-01491;Por favor, alguém consegue me ajudar, o sistema diz pagamento pendente, mas já paguei no meu último pedido Conseguem me orientar?;pagamento;email;treino
REC-01492;Oi, o cupom foi aceito e depois o desconto sumiu desde ontem? Conseguem me orientar?;pagamento;chat;treino
REC-01493;Também tentei abrir uma troca. O que mais preciso resolver é que a cor veio diferente da escolhida.;produto;site;treino
REC-01494;Registro a seguinte situação: também apareceu uma cobrança que não entendi. O que mais preciso resolver é que prometeram retorno e não retornaram.;atendimento;chat;treino
REC-01495;a troca foi aprovada, mas o novo item não foi enviado e preciso saber o que aconteceu.;troca_devolucao;telefone;treino
REC-01496;O modelo recbido nao era exatamente o esperado, mas quero cancelar a compra e devolver o que recbi.;troca_devolucao;site;teste
REC-01497;Venho informar, e ainda não consigo retorno no atendimento. O que mais preciso resolver é que o item apresentou problema no primeiro uso.;produto;site;treino
REC-01498;Por favor, a ligação caiu e ninguém retomou o contato, mas ao mesmo tempo não sei onde acompanhar minha devolução.;atendimento;email;treino
REC-01499;O estorno ainda está pendente. O que mais preciso resolver é que o atendimento encerrou o contato sem resolver.;atendimento;app;treino
REC-01500;o pedido ainda não chegou desde ontem;entrega;telefone;teste
REC-01501;o pacote sumiu no trajeto;entrega;app;validacao
REC-01502;;troca_devolucao;email;treino
REC-01503;o prazo mudou várias vezes no meu último pedido;entrega;site;teste
REC-01504;"Por favor, olá, o atendente informou um procedimento que não funciona; ao mesmo tempo também tentei abrir uma troca. Podem verificar?";atendimento;app;treino
REC-01505;O atendente informou um procedimento que não funciona no meu último pedido? Podem verificar?;atendimento;email;treino
REC-01506;Venho informar, o prazo mudou várias vezes há alguns dias? Fico no aguardo.;entrega;telefone;treino
REC-01507;recbi o modelo errado há alguns dias;produto;chat;treino
REC-01508;Gente, já postei a devolução e o status não mudou no meu último pedido?;troca_devolucao;site;validacao
REC-01509;Alguém consegue me ajudar, a cor veio diferente da escolhida desde ontem Isso pode ser verificado, por favor?;produto;telefone;treino
REC-01510;"Olá, o produto veio usado; ao mesmo tempo estou tentando devolver o item.";produto;telefone;treino
REC-01511;Por favor, o chat não esclareceu a situação. O que mais preciso resolver é que preciso substituir o item por outro modelo.;troca_devolucao;app;treino
REC-01512;o acabamento veio com marcas e, além disso, o pacote demorou a chegar.;produto;chat;treino
REC-01513;só queria entender, a devolução n aparece no sistema. o que mais preciso resolver é que a transportadora n apareceu no endereço. agradeço se puderem olhar isso.;entrega;chat;treino
REC-01514;Olá, o pix saiu da conta e a compra continua pendente há alguns dias? Preciso de um retorno.;pagamento;telefone;treino
REC-01515;o valor cobrado está diferente do anunciado e o prazo de troca está correndo e n consigo abrir a solicitação.;pagamento;telefone;treino
REC-01516;Queria uma orientação, a embalagem estava intacta, mas o item não funciona há alguns dias Conseguem me orientar?;produto;email;treino
REC-01517;Estou tentando falar com alguém há dias. Também aconteceu o seguinte: quero devolver a compra e não encontro a opção. Conseguem me orientar?;troca_devolucao;site;validacao
REC-01518;"o prazo mudou várias vezes; além disso, o cupom foi aceito e depois o desconto sumiu.";pagamento;site;treino
REC-01519;o cupom foi aceito e depois o desconto sumiu, mas ao mesmo tempo o pacote voltou para o remetente sem explicação!;pagamento;chat;validacao
REC-01520;O item apresentou problema no primeiro uso e preciso saber o que aconteceu.;produto;app;treino
REC-01521;Só queria entender, nao reconheço uma cobrança relacionada ao pedido e preciso saber o que aconteceu. Obrigada;pagamento;app;treino
REC-01522;"Por favor, preciso de ajuda, consta como entregue, mas não recebi; além disso, enviei o item de volta e ainda não confirmaram o recebimento. Isso pode ser verificado, por favor?";troca_devolucao;email;treino
REC-01523;A devolução não aparece no sistema. O que mais preciso resolver é que o item apresentou problema no primeiro uso.;produto;email;treino
REC-01524;Olá, a etiqueta de postagem não foi liberada há alguns dias Obrigada.;troca_devolucao;telefone;treino
REC-01525;Alguém consegue me ajudar, o pagamento foi recusado mesmo com limite? Obrigada.;pagamento;email;treino
REC-01526;a ligação caiu e ninguém retomou o contato há alguns dias 😤;atendimento;chat;teste
REC-01527;"Pessoal, ninguém responde minhas mensagens; entretanto o modelo recebido não era exatamente o esperado. Como resolvo?";atendimento;telefone;treino
REC-01528;Estou com uma dúvida, meu chamado está sem atualização e preciso saber o que aconteceu. Fico no aguardo.;atendimento;app;treino
REC-01529;Oi, fui tratado de forma pouco cordial no meu último pedido. Como resolvo?;atendimento;app;validacao
REC-01530;"A transportadora não apareceu no endereço; só que também tentei abrir uma troca";entrega;telefone;teste
REC-01531;"Bom dia, a compra chegou depois da data em que eu precisava; além disso, ninguém responde minhas mensagens. Obrigada.";atendimento;chat;treino
REC-01532;pessoal, o valor cobrado está diferente do anunciado no meu último pedido. isso pode ser verificado, por favor?;pagamento;email;treino
REC-01533;o pagamento foi recusado mesmo com limite e, além disso, o item também veio com uma avaria. ...;pagamento;email;treino
REC-01534;Já postei a devolução e o status não mudou no meu último pedido!;troca_devolucao;chat;validacao
REC-01535;Gente, olá, o entregador marcou tentativa sem vir aqui;entrega;chat;validacao
REC-01536;Houve problema com a transportadora, mas o material parece danificado.;produto;site;treino
REC-01537;O estorno ainda não apareceu desde ontem?;pagamento;app;validacao
REC-01538;"A coleta da devolução não aconteceu; porém o chat não esclareceu a situação.";troca_devolucao;site;treino
REC-01539;;pagamento;telefone;treino
REC-01540;"o acabamento veio com marcas; mas também tentei abrir uma troca.";produto;email;treino
REC-01541;Olá, o pix saiu da conta e a compra continua pendente?;pagamento;telefone;teste
REC-01542;preciso trocar o tamanho recebido e preciso saber o q aconteceu.;troca_devolucao;site;teste
REC-01543;recebi o modelo errado desde ontem. 😤;produto;app;treino
REC-01544;Gostaria de solicitar apoio: o atendimento encerrou o contato sem resolver desde ontem.;atendimento;chat;treino
REC-01545;Recebi o modelo errado há alguns dias.;produto;site;teste
REC-01546;O protocolo foi fechado sem retorno?;atendimento;chat;validacao
REC-01547;Recebi o modelo errado e o atendente informou um procedimento que não funciona.;produto;email;teste
REC-01548;Alguém consegue me ajudar, o atendimento encerrou o contato sem resolver há alguns dias?;atendimento;email;treino
REC-01549;Gente, o prazo mudou várias vezes há alguns dias;entrega;site;treino
REC-01550;A compra foi cancelada, mas a cobrança permaneceu no meu último pedido.;pagamento;app;treino
REC-01551;Prometeram retorno e não retornaram desde ontem!;atendimento;app;treino
REC-01552;Registro a seguinte situação: bom dia, o protocolo foi fechado sem retorno e não consigo localizar onde está a encomenda. Fico no aguardo!;atendimento;email;treino
REC-01553;queria uma orientação, o item apresentou problema no primeiro uso há alguns dias? obrigada.;produto;telefone;treino
REC-01554;O sistema diz pagamento pendente, mas ja paguei há alguns dias.;pagamento;app;treino
REC-01555;O modelo recbido não era exatamente o esperado. O que mais preciso resolver é que o valor foi cobrado duas vezes.;pagamento;chat;treino
REC-01556;Queria uma orientação, faltou um acessório dentro da caixa Preciso de um retorno.;produto;telefone;teste
REC-01557;a compra chegou depois da data em q eu precisava no meu último pedido;entrega;site;treino
REC-01558;A descrição do anúncio não bate com o que chegou desde ontem;produto;telefone;treino
REC-01559;Gente, alguém consegue me ajudar, a embalagem estava intacta, mas o item não funciona e preciso saber o que aconteceu Obrigado.;produto;email;treino
REC-01560;só queria entender, uma parte do kit não veio no meu último pedido conseguem me orientar?;produto;email;teste
REC-01561;Olá, pessoal, o pagamento foi recusado mesmo com limite e o suporte pede as mesmas informações toda vez. Conseguem me orientar?;pagamento;app;teste
REC-01562;"Quero cancelar a compra e devolver o que recebi; mas a entrega também atrasou.";troca_devolucao;app;validacao
REC-01563;Oi, só queria entender, o item chegou com defeito há alguns dias Obrigada.;produto;email;treino
REC-01564;Então, prometeram retorno e não retornaram desde ontem?;atendimento;email;treino
REC-01565;Olá, quero cancelar a compra e devolver o que recebi e, além disso, o modelo recebido nao era exatamente o esperado. Obrigado.;troca_devolucao;telefone;treino
REC-01566;Recebi só uma parte da compra desde ontem, no pedido mais recente.;entrega;email;treino
REC-01567;recebi o modelo errado;produto;site;treino
REC-01568;Uma parte do kit não veio e, além disso, o pacote demorou a chegar.;produto;app;treino
REC-01569;Olá, não consigo gerar o boleto no meu último pedido;pagamento;chat;treino
REC-01570;A solicitação de devolução nao avança?;troca_devolucao;chat;treino
REC-01571;Então, queria uma orientação, a encomenda está atrasada e o cupom foi aceito e depois o desconto sumiu. Agradeço se puderem olhar isso.;entrega;chat;treino
REC-01572;Desde o fim de semana, faltou um acessório dentro da caixa há alguns dias.;produto;telefone;treino
REC-01573;Enviei o item de volta e ainda não confirmaram o recebimento desde ontem;troca_devolucao;chat;teste
REC-01574;Então, bom dia, o produto veio usado e preciso saber o que aconteceu? Podem verificar?;produto;site;treino
REC-01575;Então, a embalagem estava intacta, mas o item não funciona e preciso saber o que aconteceu;produto;site;treino
REC-01576;O item chegou com defeito e preciso saber o que aconteceu?;produto;email;treino
REC-01577;o acabamento veio com marcas?;produto;app;teste
REC-01578;"foi incluída uma taxa que não estava prevista; porém estou tentando devolver o item.";pagamento;site;treino
REC-01579;Boa tarde, o item chegou com defeito no meu último pedido Conseguem me orientar?;produto;chat;treino
REC-01580;"Só queria entender, o sistema diz pagamento pendente, mas ja paguei; além disso, o produto recebido é diferente do anúncio. Preciso de um retorno.";produto;chat;treino
REC-01581;O estorno ainda está pendente, mas a ligação caiu e ninguém retomou o contato.;atendimento;email;treino
REC-01582;Só queria entender, a compra foi cancelada, mas a cobrança permaneceu e, além disso, e ainda não consigo retorno no atendimento. Isso pode ser verificado, por favor?;pagamento;app;treino
REC-01583;Hoje de manhã, olá, o acabamento veio com marcas.;produto;site;teste
REC-01584;Recebi só uma parte da compra no meu último pedido?;entrega;app;treino
REC-01585;A descrição do anúncio não bate com o que chegou?;produto;email;validacao
REC-01586;"O pacote demorou a chegar, mas a peça veio quebrada; preciso de retorno.";produto;site;treino
REC-01587;"O cupom foi aceito e depois o desconto sumiu; e ninguém responde ao protocolo.";pagamento;email;treino
REC-01588;Oi, a compra chegou depois da data em que eu precisava;entrega;app;treino
REC-01589;GENTE, NÃO SEI ONDE ACOMPANHAR MINHA DEVOLUÇÃO.;troca_devolucao;email;validacao
REC-01590;Gostaria de solicitar apoio: o estorno ainda está pendente. O que mais preciso resolver é que fui tratado de forma pouco cordial!;atendimento;email;treino
REC-01591;Oi, a transportadora não apareceu no endereço e preciso saber o que aconteceu.;entrega;chat;treino
REC-01592;gostaria de registrar, ninguém responde ao protocolo. o que mais preciso resolver é que a etiqueta de postagem não foi liberada. isso pode ser verificado, por favor?;troca_devolucao;email;treino
REC-01593;A transportadora não apareceu no endereço e, além disso, o item também veio com uma avaria.;entrega;site;validacao
REC-01594;A entrega foi direcionada para outro endereço há alguns dias?;entrega;app;validacao
REC-01595;Oi, estou tentando devolver o item, mas o material parece danificado.;produto;email;treino
REC-01596;"O material parece danificado; mas o estorno ainda esta pendente.";produto;telefone;treino
REC-01597;Não reconheço uma cobrança relacionada ao pedido e preciso saber o que aconteceu.;pagamento;site;treino
REC-01598;O item também veio com uma avaria. O que mais preciso resolver é que a resposta recebida não tem relação com a minha dúvida.;atendimento;telefone;treino
REC-01599;A resposta recebida não tem relação com a minha dúvida há alguns dias;atendimento;email;treino
REC-01600;bom dia, e ainda não consigo retorno no atendimento, mas foi incluída uma taxa que não estava prevista. obrigada.;pagamento;site;treino
REC-01601;A entrega também atrasou, mas o produto recebido é diferente do anúncio;produto;app;treino
REC-01602;E ainda não consigo retorno no atendimento. O que mais preciso resolver é que o pix saiu da conta e a compra continua pendente!;pagamento;email;treino
REC-01603;O rastreio parou de atualizar e preciso saber o que aconteceu?;entrega;telefone;treino
REC-01604;O prazo mudou várias vezes há alguns dias?;entrega;telefone;treino
REC-01605;Já postei a devolução e o status não mudou e preciso saber o que aconteceu;troca_devolucao;telefone;treino
REC-01606;o pedido ainda não chegou e, além disso, o chat não esclareceu a situação.;entrega;telefone;treino
REC-01607;Então, alguém consegue me ajudar, a descrição do anúncio não bate com o que chegou e, além disso, também apareceu uma cobrança que não entendi. Obrigado.;produto;email;treino
REC-01608;venho informar, meu chamado está sem atualização. também aconteceu o seguinte: o cartão foi debitado, mas o pedido n confirmou. obrigado.;pagamento;app;validacao
REC-01609;Gostaria de solicitar apoio: recebi o modelo errado há alguns dias;produto;app;validacao
REC-01610;Faltou um acessório dentro da caixa e, além disso, estou tentando devolver o item.;produto;app;treino
REC-01611;O pacote voltou para o remetente sem explicação.;entrega;email;treino
REC-01612;Solicito orientação: o estorno ainda não apareceu, mas ao mesmo tempo estou tentando falar com alguém há dias.;pagamento;email;treino
REC-01613;O rastreio parou de atualizar no meu último peddo?;entrega;site;teste
REC-01614;boa tarde, a cor veio diferente da escolhida há alguns dias? podem verificar?;produto;email;treino
REC-01615;Solicito orientação: o prazo mudou várias vezes.;entrega;app;treino
REC-01616;"Gostaria de registrar, o produto veio usado; além disso, quero devolver a compra e não encontro a opção. Como resolvo?";troca_devolucao;chat;teste
REC-01617;O tamanho não corresponde ao informado e preciso saber o que aconteceu?;produto;site;validacao
REC-01618;Registro a seguinte situação: estou com uma dúvida, também apareceu uma cobrança que não entendi. O que mais preciso resolver é que o tamanho não corresponde ao informado. Podem verificar?;produto;app;treino
REC-01619;quero cancelar a compra e devolver o q recebi há alguns dias.;troca_devolucao;app;treino
REC-01620;Por favor, recebi o modelo errado no meu último pedido? Agradeço se puderem olhar isso.;produto;app;treino
REC-01621;O tamanho não corresponde ao informado e, além disso, o desconto não foi aplicado.;produto;email;validacao
REC-01622;"Preciso de ajuda, solicitei troca e recebi instruções contraditórias; entretanto também apareceu uma cobrança que não entendi. Preciso de um retorno.";troca_devolucao;telefone;treino
REC-01623;Olá, consta como entregue, mas não recebi há alguns dias.;entrega;chat;treino
REC-01624;só queria entender, a compra foi cancelada, mas a cobrança permaneceu e preciso saber o que aconteceu. fico no aguardo.;pagamento;site;treino
REC-01625;"Olá, por favor, o produto recebido é diferente do anúncio; apesar disso a devolução não aparece no sistema. Obrigado.";produto;telefone;teste
REC-01626;ENTÃO, O PRODUTO RECEBIDO É DIFERENTE DO ANÚNCIO HÁ ALGUNS DIAS?;produto;app;treino
REC-01627;Olá, o tamanho não corresponde ao informado desde ontem?;produto;site;treino
REC-01628;"Venho informar, a resposta recebida não tem relação com a minha dúvida; além disso, a etiqueta de postagem não foi liberada. Agradeço se puderem olhar isso!";troca_devolucao;chat;treino
REC-01629;O desconto não foi aplicado, mas a embalagem estava intacta, mas o item não funciona. Como resolvo?;produto;email;treino
REC-01630;Oi, ninguém responde minhas mensagens no meu último peddo.;atendimento;site;treino
REC-01631;"A parcela veio com valor incorreto desde ontem; situação observada na última compra.";pagamento;app;treino
REC-01632;o item apresentou problema no primeiro uso e preciso saber o q aconteceu.;produto;site;treino
REC-01633;Por favor, não sei onde acompanhar minha devolução e, além disso, o estorno ainda está pendente.;troca_devolucao;telefone;treino
REC-01634;A embalagem estava intacta, mas o item não funciona, mas ao mesmo tempo o pedido ainda não chegou.;produto;email;treino
REC-01635;Depois de alguns dias, o suporte pede as mesmas informações toda vez e preciso saber o que aconteceu.;atendimento;site;treino
REC-01636;O APARELHO DESLIGA SOZINHO E, ALÉM DISSO, NINGUÉM RESPONDE AO PROTOCOLO;produto;email;treino
REC-01637;A parcela veio com valor incorreto e preciso saber o que aconteceu.;pagamento;telefone;treino
REC-01638;gostaria de registrar, ninguém responde ao protocolo, mas o prazo mudou várias vezes fico no aguardo;entrega;email;teste
REC-01639;"Só queria entender, a resposta recebida não tem relação com a minha dúvida; só que também apareceu uma cobrança que não entendi. Obrigado.";atendimento;chat;teste
REC-01640;Gostaria de solicitar apoio: também apareceu uma cobrança que não entendi, mas a compra chegou depois da data em que eu precisava.;entrega;app;treino
REC-01641;A compra foi cancelada, mas a cobrança permaneceu há alguns dias;pagamento;app;treino
REC-01642;A cor veio diferente da escolhida no meu último peddo;produto;email;treino
REC-01643;Gostaria de solicitar apoio: o prazo mudou várias vezes e, além disso, a caixa veio com uma peça faltando.;entrega;chat;treino
REC-01644;Registro a seguinte situação: o pedido ainda não chegou há alguns dias.;entrega;telefone;treino
REC-01645;"queria uma orientação, a transportadora não apareceu no endereço; apesar disso o desconto não foi aplicado. podem verificar?";entrega;chat;treino
REC-01646;Por favor, a entrega também atrasou. O que mais preciso resolver é que recebi o modelo errado!;produto;email;treino
REC-01647;A ENTREGA FOI DIRECIONADA PARA OUTRO ENDEREÇO E PRECISO SABER O QUE ACONTECEU!;entrega;email;treino
REC-01648;Oi, a transportadora nao apareceu no endereço?;entrega;telefone;treino
REC-01649;Queria uma orientação, meu chamado está sem atualização. Também aconteceu o seguinte: o prazo mudou várias vezes. Fico no aguardo.;entrega;email;treino
REC-01650;A entrega também atrasou. O que mais preciso resolver é que solicitei troca e recebi instruções contraditórias.;troca_devolucao;site;teste
REC-01651;Gente, prometeram retorno e não retornaram. Também aconteceu o seguinte: o pacote voltou para o remetente sem explicação.;entrega;chat;treino
REC-01652;Olá, também tentei abrir uma troca, mas a embalagem estava intacta, mas o item não funciona. Conseguem me orientar?;produto;telefone;treino
REC-01653;Por favor, a entrega também atrasou, mas o sistema diz pagamento pendente, mas já paguei. Conseguem me orientar?;pagamento;app;treino
REC-01654;gostaria de registrar, estou tentando devolver o item, mas a embalagem estava intacta, mas o item não funciona. obrigado.;produto;site;treino
REC-01655;Gente, pessoal, o item chegou com defeito no meu último pedido? Podem verificar?;produto;site;treino
REC-01656;Então, olá, ninguém responde minhas mensagens no meu último pedido? Isso pode ser verificado, por favor?;atendimento;app;validacao
REC-01657;Oi, recebi só uma parte da compra no meu último pedido?;entrega;telefone;treino
REC-01658;Gostaria de solicitar apoio: e ainda não consigo retorno no atendimento. O que mais preciso resolver é que o valor foi cobrado duas vezes.;pagamento;app;treino
REC-01659;Solicito orientação: pessoal, o valor foi cobrado duas vezes e, além disso, o item também veio com uma avaria. Como resolvo?;pagamento;app;validacao
REC-01660;ninguém responde ao protocolo. o que mais preciso resolver é que recebi o modelo errado.;produto;email;treino
REC-01661;"A entrega foi direcionada para outro endereço há alguns dias; preciso de retorno.";entrega;telefone;validacao
REC-01662;o estorno ainda está pendente, mas uma parte do kit não veio.;produto;chat;validacao
REC-01663;Ninguém responde minhas mensagens no meu último pedido;atendimento;site;teste
REC-01664;"Olá, a solicitação de devolução não avança; e o rastreio está confuso. Podem verificar?";troca_devolucao;telefone;treino
REC-01665;Oi, a caixa veio com uma peça faltando. O que mais preciso resolver é que o protocolo foi fechado sem retorno.;atendimento;app;treino
REC-01666;Solicito orientação: preciso de ajuda, o valor cobrado está diferente do anunciado. Também aconteceu o seguinte: solicitei troca e recebi instruções contraditórias. Conseguem me orientar?;troca_devolucao;app;treino
REC-01667;Por favor, alguém consegue me ajudar, o acabamento veio com marcas. Obrigada.;produto;email;treino
REC-01668;"O prazo de troca está correndo e não consigo abrir a solicitação e preciso saber o que aconteceu; situação observada desde a última atualização do rastreio.";troca_devolucao;chat;treino
REC-01669;o valor cobrado está diferente do anunciado desde ontem.;pagamento;site;teste
REC-01670;O valor foi cobrado duas vezes e, além disso, o item também veio com uma avaria.;pagamento;chat;treino
REC-01671;"Oi, recebi só uma parte da compra; além disso, o pix saiu da conta e a compra continua pendente.";pagamento;site;validacao
REC-01672;bom dia, uma parte do kit nao veio e prometeram retorno e nao retornaram. podem verificar?!;produto;telefone;teste
REC-01673;MEU CHAMADO ESTÁ SEM ATUALIZAÇÃO. TAMBÉM ACONTECEU O SEGUINTE: O PRAZO DE TROCA ESTÁ CORRENDO E NÃO CONSIGO ABRIR A SOLICITAÇÃO. 🙂;troca_devolucao;chat;treino
REC-01674;A parcela veio com valor incorreto no meu último pedido?;pagamento;site;treino
REC-01675;O acabamento veio com marcas desde ontem?;produto;telefone;treino
REC-01676;oi, o material parece danificado. também aconteceu o seguinte: n consigo localizar onde está a encomenda. obrigado. ...;entrega;chat;validacao
REC-01677;A devolução não aparece no sistema, mas o reembolso foi aprovado, porém não caiu.;pagamento;chat;treino
REC-01678;Solicito orientação: só queria entender, a solicitação de devolução não avança e preciso saber o que aconteceu Fico no aguardo.;troca_devolucao;chat;validacao
REC-01679;foi incluída uma taxa que n estava prevista, mas ao mesmo tempo n consigo atendimento humano.;pagamento;app;teste
REC-01680;"A transportadora não apareceu no endereço; além disso, o estorno ainda não apareceu.";pagamento;app;treino
REC-01681;Alguém consegue me ajudar, ninguém responde minhas mensagens e preciso saber o que aconteceu. Isso pode ser verificado, por favor?;atendimento;chat;treino
REC-01682;O item chegou com defeito no meu último pedido;produto;email;treino
REC-01683;PESSOAL, O MATERIAL PARECE DANIFICADO E NÃO RECONHEÇO UMA COBRANÇA RELACIONADA AO PEDIDO. PRECISO DE UM RETORNO.;produto;chat;treino
REC-01684;Gente, a embalagem estava intacta, mas o item não funciona e preciso saber o que aconteceu;produto;chat;treino
REC-01685;olá, o produto recebido é diferente do anúncio e, além disso, a devolução não aparece no sistema. preciso de um retorno.;produto;chat;treino
REC-01686;"Gostaria de solicitar apoio: o atendente informou um procedimento que não funciona; apesar disso o rastreio está confuso.";atendimento;email;validacao
REC-01687;O pacote sumiu no trajeto no meu último pedido?;entrega;email;validacao
REC-01688;O desconto não foi aplicado, mas estou esperando a encomenda há mais tempo que o informado.;entrega;telefone;treino
REC-01689;Estou tentando devolver o item, mas prometeram retorno e não retornaram.;atendimento;email;treino
REC-01690;O prazo de troca está correndo e não consigo abrir a solicitação no meu último pedido.;troca_devolucao;chat;teste
REC-01691;Gostaria de solicitar apoio: estou tentando devolver o item. O que mais preciso resolver é que o valor foi cobrado duas vezes.;pagamento;app;validacao
REC-01692;Por favor, consta como entregue, mas não recebi. Agradeço se puderem olhar isso.;entrega;chat;teste
REC-01693;o pix saiu da conta e a compra continua pendente. Isso aconteceu desde ontem.;pagamento;site;treino
REC-01694;Registro a seguinte situação: o pacote demorou a chegar, mas o produto veio usado.;produto;app;treino
REC-01695;Estou com uma dúvida, a previsão de chegada passou e nada e, além disso, o item também veio com uma avaria. Isso pode ser verificado, por favor?;entrega;chat;teste
REC-01696;a cor veio diferente da escolhida desde ontem;produto;telefone;treino
REC-01697;o pacote sumiu no trajeto e preciso saber o que aconteceu;entrega;chat;treino
REC-01698;O chat me transfere e ninguém assume o caso desde ontem?;atendimento;chat;treino
REC-01699;solicitei troca e recebi instruções contraditórias e, além disso, a caixa veio com uma peça faltando!!!;troca_devolucao;app;teste
REC-01700;Não consigo atendimento humano?;atendimento;app;validacao
REC-01701;venho informar, o prazo mudou várias vezes e o protocolo foi fechado sem retorno. preciso de um retorno.;entrega;email;treino
REC-01702;"O item chegou com defeito; apesar disso o estorno ainda está pendente!";produto;telefone;treino
REC-01703;O suporte pede as mesmas informações toda vez e preciso saber o que aconteceu.;atendimento;app;treino
REC-01704;a parcela veio com valor incorreto e preciso saber o que aconteceu;pagamento;chat;teste
REC-01705;"Não sei onde acompanhar minha devolução; porém o modelo recebido não era exatamente o esperado.";troca_devolucao;site;treino
REC-01706;"recebi o modelo errado; além disso, solicitei troca e recebi instruções contraditórias.";troca_devolucao;telefone;validacao
REC-01707;Olá, estou tentando devolver o item. O que mais preciso resolver é que o aparelho desliga sozinho. Podem verificar?;produto;site;treino
REC-01708;"Queria uma orientação, não consigo localizar onde está a encomenda; e ninguém responde ao protocolo. Como resolvo?";entrega;telefone;treino
REC-01709;"O sistema bloqueia a opção de devolução; além disso, o pix saiu da conta e a compra continua pendente.";pagamento;chat;treino
REC-01710;Olá, o estorno ainda está pendente. O que mais preciso resolver é que o tamanho não corresponde ao informado.;produto;email;validacao
REC-01711;Gente, o cartão foi debitado, mas o pedido não confirmou. Também aconteceu o seguinte: estou tentando falar com alguém há dias.;atendimento;chat;teste
REC-01712;Então, estou tentando devolver o item, mas não reconheço uma cobrança relacionada ao pedido!;pagamento;email;teste
REC-01713;Olá, a previsão de chegada passou e nada. Também aconteceu o seguinte: o cupom foi aceito e depois o desconto sumiu. Como resolvo?;pagamento;app;treino
REC-01714;Por favor, bom dia, o pacote voltou para o remetente sem explicação e, além disso, o modelo recebido não era exatamente o esperado. Como resolvo?;entrega;site;treino
REC-01715;Oi, o prazo mudou várias vezes há alguns dias?;entrega;telefone;treino
REC-01716;uma parte do kit não veio e preciso saber o que aconteceu;produto;telefone;treino
REC-01717;ninguém responde minhas mensagens há alguns dias;atendimento;app;validacao
REC-01718;Por favor, a embalagem estava intacta, mas o item não funciona há alguns dias Obrigada.;produto;site;validacao
REC-01719;Oi, não reconheço uma cobrança relacionada ao pedido e, além disso, estou tentando devolver o item.;pagamento;chat;treino
REC-01720;A transportadora não apareceu no endereço e preciso saber o que aconteceu;entrega;chat;treino
REC-01721;"O protocolo foi fechado sem retorno; mas o desconto não foi aplicado.";atendimento;app;treino
REC-01722;pessoal, a compra chegou depois da data em que eu precisava há alguns dias? obrigada. 🙂;entrega;email;treino
REC-01723;A caixa veio com uma peça faltando. O que mais preciso resolver é que ninguém responde minhas mensagens;atendimento;email;treino
REC-01724;"pessoal, o entregador marcou tentativa sem vir aqui; ao mesmo tempo o estorno ainda está pendente. isso pode ser verificado, por favor? 😤";entrega;site;treino
REC-01725;por favor, a caixa veio com uma peça faltando, mas preciso substituir o item por outro modelo obrigado;troca_devolucao;chat;treino
REC-01726;Por favor, a entrega também atrasou. O que mais preciso resolver é que o produto veio usado.;produto;chat;validacao
REC-01727;Bom dia, o item apresentou problema no primeiro uso há alguns dias. Obrigada.;produto;site;treino
REC-01728;Registro a seguinte situação: gostaria de registrar, a ligação caiu e ninguém retomou o contato desde ontem Isso pode ser verificado, por favor?;atendimento;chat;treino
REC-01729;"Uma parte do kit não veio; mas ninguém responde ao protocolo.";produto;site;treino
REC-01730;"O pedido ainda não chegou; porém ninguém responde ao protocolo.";entrega;email;treino
REC-01731;o cartão foi debitado, mas o pedido não confirmou no meu último pedido.;pagamento;app;treino
REC-01732;Oi, preciso de ajuda, preciso substituir o item por outro modelo e, além disso, houve problema com a transportadora. isso pode ser verificado, por favor.;troca_devolucao;telefone;treino
REC-01733;Oi, a descrição do anúncio não bate com o que chegou, mas ao mesmo tempo o prazo mudou várias vezes. Fico no aguardo.;produto;chat;treino
REC-01734;Olá, também tentei abrir uma troca. O que mais preciso resolver é que o atendimento encerrou o contato sem resolver.;atendimento;site;treino
REC-01735;o cupom foi aceito e depois o desconto sumiu no meu último pedido?;pagamento;app;treino
REC-01736;Bom dia, a transportadora não apareceu no endereço no meu último pedido? Agradeço se puderem olhar isso Podem verificar?;entrega;chat;treino
REC-01737;O prazo mudou várias vezes desde ontem.;entrega;app;teste
REC-01738;o chat não esclareceu a situação. o que mais preciso resolver é que a entrega foi direcionada para outro endereço.;entrega;app;teste
REC-01739;O item apresentou problema no primeiro uso.;produto;app;treino
REC-01740;queria uma orientação, o cartão foi debitado, mas o pedido não confirmou desde ontem. agradeço se puderem olhar isso.;pagamento;telefone;treino
REC-01741;Alguém consegue me ajudar, estou esperando a encomenda há mais tempo que o informado desde ontem Conseguem me orientar?;entrega;chat;treino
REC-01742;Em uma compra recente, o pacote sumiu no trajeto há alguns dias.;entrega;telefone;treino
REC-01743;gente, a coleta da devolução não aconteceu?;troca_devolucao;telefone;treino
REC-01744;Olá, a encomenda está atrasada e, além disso, o estorno ainda está pendente.;entrega;app;treino
REC-01745;E AINDA NÃO CONSIGO RETORNO NO ATENDIMENTO, MAS O PEDIDO AINDA NÃO CHEGOU.;entrega;app;teste
REC-01746;Olá, oi, o pedido ainda não chegou. Isso pode ser verificado, por favor?;entrega;app;teste
REC-01747;Gostaria de solicitar apoio: o estorno ainda está pendente. O que mais preciso resolver é que estou tentando falar com alguém há dias.;atendimento;telefone;treino
REC-01748;O produto veio usado. Também aconteceu o seguinte: fui tratado de forma pouco cordial.;atendimento;email;treino
REC-01749;Gostaria de registrar, o valor cobrado está diferente do anunciado Agradeço se puderem olhar isso.;pagamento;app;treino
REC-01750;Venho informar, a resposta recebida não tem relação com a minha dúvida desde ontem. Conseguem me orientar?;atendimento;chat;treino
REC-01751;Estou tentando devolver o item. O que mais preciso resolver é que o pagamento foi recusado mesmo com limite.;pagamento;site;treino
REC-01752;olá, o valor foi cobrado duas vezes e solicitei troca e recebi instruções contraditórias. preciso de um retorno.;pagamento;site;treino
REC-01753;O cupom foi aceito e depois o desconto sumiu no meu último peddo?;pagamento;chat;treino
REC-01754;"Por favor, enviei o item de volta e ainda não confirmaram o recebimento; porém o estorno ainda está pendente.";troca_devolucao;chat;validacao
REC-01755;Estou com uma dúvida, a compra chegou depois da data em que eu precisava e preciso saber o que aconteceu;entrega;app;treino
REC-01756;enviei o item de volta e ainda não confirmaram o recebimento desde ontem;troca_devolucao;app;treino
REC-01757;Fui tratado de forma pouco cordial?;atendimento;telefone;treino
REC-01758;Então, só queria entender, o prazo mudou várias vezes e preciso saber o que aconteceu Obrigado.;entrega;email;treino
REC-01759;Por favor, o item apresentou problema no primeiro uso no meu último pedido.;produto;chat;treino
REC-01760;Bom dia, não reconheço uma cobrança relacionada ao pedido há alguns dias? Fico no aguardo.;pagamento;telefone;treino
REC-01761;boa tarde, o item chegou com defeito e, além disso, o estorno ainda está pendente. fico no aguardo.;produto;app;treino
REC-01762;Gente, enviei o item de volta e ainda não confirmaram o recebimento;troca_devolucao;chat;teste
REC-01763;A encomenda está atrasada e preciso saber o que aconteceu;entrega;app;treino
REC-01764;Queria uma orientação, já postei a devolução e o status não mudou e preciso saber o que aconteceu. Conseguem me orientar?;troca_devolucao;site;teste
REC-01765;gostaria de registrar, o desconto não foi aplicado, mas recebi informações diferentes de cada atendente. conseguem me orientar?;atendimento;site;treino
REC-01766;a compra chegou depois da data em que eu precisava e preciso saber o que aconteceu? 😕;entrega;app;treino
REC-01767;Alguém consegue me ajudar, o produto veio usado no meu último pedido Podem verificar?;produto;telefone;validacao
REC-01768;O item chegou com defeito e preciso saber o que aconteceu!;produto;site;validacao
REC-01769;Olá, pessoal, estou esperando a encomenda há mais tempo que o informado no meu último pedido. Como resolvo?;entrega;site;validacao
REC-01770;preciso substituir o item por outro modelo e, além disso, ninguém responde ao protocolo.;troca_devolucao;site;treino
REC-01771;a compra chegou depois da data em que eu precisava desde ontem;entrega;email;teste
REC-01772;Olá, bom dia, o suporte pede as mesmas informações toda vez há alguns dias? Isso pode ser verificado, por favor?;atendimento;site;treino
REC-01773;Por favor, o prazo de troca está correndo e não consigo abrir a solicitação.;troca_devolucao;site;treino
REC-01774;Preciso de ajuda, a compra chegou depois da data em que eu precisava há alguns dias Isso pode ser verificado, por favor?!;entrega;site;treino
REC-01775;Bom dia, o pacote demorou a chegar. O que mais preciso resolver é que não consigo gerar o boleto. Isso pode ser verificado, por favor?!;pagamento;telefone;treino
REC-01776;Boa tarde, a entrega foi direcionada para outro endereço desde ontem? Obrigado.;entrega;chat;treino
REC-01777;O item também veio com uma avaria, mas estou tentando falar com alguém há dias.;atendimento;telefone;treino
REC-01778;Então, o chat não esclareceu a situação. O que mais preciso resolver é que a compra foi cancelada, mas a cobrança permaneceu;pagamento;app;treino
REC-01779;Foi incluída uma taxa que não estava prevista e o pacote voltou para o remetente sem explicação.;pagamento;telefone;validacao
REC-01780;Então, a solicitação de devolução não avança e, além disso, o rastreio está confuso.;troca_devolucao;app;treino
REC-01781;Oi, foi incluída uma taxa que não estava prevista.;pagamento;site;teste
REC-01782;O pedido ainda não chegou, mas ao mesmo tempo o acabamento veio com marcas.;entrega;app;treino
REC-01783;"Por favor, ninguém responde minhas mensagens; porém o estorno ainda esta pendente. Fico no aguardo!";atendimento;telefone;treino
REC-01784;Olá, o estorno ainda não apareceu há alguns dias? Preciso de um retorno.;pagamento;chat;treino
REC-01785;O pagamento foi recusado mesmo com limite no meu último pedido;pagamento;email;treino
REC-01786;"Olá, o prazo de troca está correndo e não consigo abrir a solicitação; ao mesmo tempo o pacote demorou a chegar. Obrigado.";troca_devolucao;telefone;treino
REC-01787;ALGUÉM CONSEGUE ME AJUDAR, ENVIEI O ITEM DE VOLTA E AINDA NÃO CONFIRMARAM O RECEBIMENTO HÁ ALGUNS DIAS? CONSEGUEM ME ORIENTAR?;troca_devolucao;telefone;treino
REC-01788;Então, também tentei abrir uma troca, mas a transportadora nao apareceu no endereço.;entrega;site;teste
REC-01789;Registro a seguinte situação: o prazo de troca está correndo e não consigo abrir a solicitação e, além disso, houve problema com a transportadora.;troca_devolucao;site;treino
REC-01790;Solicito orientação: estou com uma dúvida, a parcela veio com valor incorreto há alguns dias;pagamento;telefone;teste
REC-01791;o pacote demorou a chegar, mas o aparelho desliga sozinho;produto;email;validacao
REC-01792;"Olá, recebi só uma parte da compra; apesar disso o estorno ainda está pendente. Obrigada.";entrega;chat;treino
REC-01793;a encomenda está atrasada desde ontem?;entrega;telefone;treino
REC-01794;e ainda não consigo retorno no atendimento. o que mais preciso resolver é que o valor foi cobrado duas vezes;pagamento;app;treino
REC-01795;QUERIA UMA ORIENTAÇÃO, NÃO CONSIGO LOCALIZAR ONDE ESTÁ A ENCOMENDA HÁ ALGUNS DIAS FICO NO AGUARDO.;entrega;email;treino
REC-01796;A compra chegou depois da data em que eu precisava desde ontem.;entrega;telefone;treino
REC-01797;GENTE, QUERIA UMA ORIENTAÇÃO, NÃO CONSIGO ATENDIMENTO HUMANO PODEM VERIFICAR?;atendimento;email;teste
REC-01798;Bom dia, a transportadora não apareceu no endereço no meu último pedido. Agradeço se puderem olhar isso.;entrega;chat;treino
REC-01799;"Gostaria de solicitar apoio: preciso de ajuda, o valor cobrado está diferente do anunciado; além disso, estou tentando falar com alguém há dias. Podem verificar?";atendimento;site;treino
REC-01800;recebi o modelo errado e, além disso, e ainda não consigo retorno no atendimento.;produto;chat;treino
REC-01801;Oi, o estorno ainda está pendente. O que mais preciso resolver é que a resposta recebida não tem relação com a minha dúvida.;atendimento;email;treino
REC-01802;"prometeram retorno e não retornaram; mas também tentei abrir uma troca.";atendimento;app;treino
REC-01803;foi incluída uma taxa que não estava prevista no meu último pedido?;pagamento;chat;teste
REC-01804;Então, estou tentando devolver o item. O que mais preciso resolver é que o protocolo foi fechado sem retorno!;atendimento;chat;teste
REC-01805;Preciso de ajuda, a cor veio diferente da escolhida há alguns dias? Podem verificar?;produto;chat;teste
REC-01806;Gente, só queria entender, o sistema bloqueia a opção de devoluçao e preciso saber o que aconteceu? Conseguem me orientar?;troca_devolucao;chat;treino
REC-01807;Boa tarde, o rastreio está confuso. O que mais preciso resolver é que o suporte pede as mesmas informações toda vez. Obrigado.;atendimento;email;treino
REC-01808;Oi, venho informar, o valor cobrado está diferente do anunciado no meu último pedido. Obrigado.;pagamento;chat;treino
REC-01809;"Olá, o atendente informou um procedimento que não funciona; apesar disso a devolução não aparece no sistema.";atendimento;telefone;treino
REC-01810;Estou com uma dúvida, a etiqueta de postagem não foi liberada. Também aconteceu o seguinte: consta como entregue, mas não recebi!;entrega;email;treino
REC-01811;A entrega também atrasou, mas a solicitação de devolução não avança.;troca_devolucao;email;treino
REC-01812;Solicitei troca e recebi instruções contraditórias desde ontem?;troca_devolucao;app;treino
REC-01813;A peça veio quebrada no meu último pedido?;produto;email;validacao
REC-01814;OI, O MODELO RECEBIDO NÃO ERA EXATAMENTE O ESPERADO. O Q MAIS PRECISO RESOLVER É Q O ATENDIMENTO ENCERROU O CONTATO SEM RESOLVER. PRECISO DE UM RETORNO.;atendimento;app;treino
REC-01815;O prazo mudou várias vezes, mas ao mesmo tempo a coleta da devolução não aconteceu.;entrega;telefone;treino
REC-01816;"Gente, o prazo mudou várias vezes; porém a devolução não aparece no sistema.";entrega;email;validacao
REC-01817;já postei a devolução e o status não mudou há alguns dias;troca_devolucao;email;treino
REC-01818;Estou tentando devolver o item, mas o item chegou com defeito.;produto;site;treino
REC-01819;Pessoal, não sei onde acompanhar minha devolução e, além disso, o item também veio com uma avaria. Isso pode ser verificado, por favor?;troca_devolucao;email;treino
REC-01820;O sistema diz pagamento pendente, mas já paguei no meu último pedido;pagamento;email;validacao
REC-01821;nao consigo atendimento humano e, além disso, o item também veio com uma avaria.;atendimento;chat;treino
REC-01822;Queria uma orientação, o tamanho não corresponde ao informado e a encomenda está atrasada. Obrigada.;produto;email;teste
REC-01823;Só queria entender, o item também veio com uma avaria. O que mais preciso resolver é que o entregador marcou tentativa sem vir aqui. Obrigado.;entrega;site;treino
REC-01824;O sistema diz pagamento pendente, mas já paguei há alguns dias, desde o fim de semana.;pagamento;app;treino
REC-01825;estou com uma dúvida, o atendente informou um procedimento q não funciona e, além disso, tbm apareceu uma cobrança q não entendi. como resolvo?;atendimento;site;treino
REC-01826;A cor veio diferente da escolhida, mas ao mesmo tempo o pix saiu da conta e a compra continua pendente.;produto;app;treino
REC-01827;"Olá, estou com uma dúvida, quero cancelar a compra e devolver o que recebi; e a caixa veio com uma peça faltando. Como resolvo?!";troca_devolucao;site;teste
REC-01828;Olá, o pacote sumiu no trajeto no meu último pedido?;entrega;site;treino
REC-01829;"o item chegou com defeito; porém ninguém responde ao protocolo.";produto;chat;treino
REC-01830;Oi, o cartão foi debitado, mas o pedido não confirmou no meu último pedido.;pagamento;chat;treino
REC-01831;Solicito orientação: a coleta da devolução não aconteceu.;troca_devolucao;chat;teste
REC-01832;"Queria uma orientação, preciso substituir o item por outro modelo; porém também apareceu uma cobrança que não entendi. Obrigado";troca_devolucao;app;treino
REC-01833;"pessoal, o suporte pede as mesmas informações toda vez; além disso, o produto veio usado. isso pode ser verificado, por favor?";produto;email;treino
REC-01834;o produto recebido é diferente do anúncio? ..!;produto;email;treino
REC-01835;Gente, não reconheço uma cobrança relacionada ao pedido.;pagamento;telefone;treino
REC-01836;Preciso de ajuda, a encomenda está atrasada desde ontem;entrega;email;treino
REC-01837;A embalagem estava intacta, mas o item não funciona no meu último pedido?;produto;chat;treino
REC-01838;Ninguém responde minhas mensagens desde ontem.;atendimento;telefone;validacao
REC-01839;Olá, o cupom foi aceito e depois o desconto sumiu no meu último pedido Agradeço se puderem olhar isso.;pagamento;chat;teste
REC-01840;Oi, recbi informações diferentes de cada atendente. Também aconteceu o seguinte: o pacote voltou para o remetente sem explicação.;entrega;telefone;treino
REC-01841;O chat não esclareceu a situação, mas a transportadora não apareceu no endereço.;entrega;app;treino
REC-01842;Então, e ainda nao consigo retorno no atendimento, mas a embalagem estava intacta, mas o item nao funciona.;produto;site;validacao
REC-01843;A caixa veio com uma peça faltando, mas o pedido ainda não chegou. Fico no aguardo.;entrega;chat;treino
REC-01844;Gostaria de solicitar apoio: alguém consegue me ajudar, a transportadora não apareceu no endereço e, além disso, o item também veio com uma avaria.;entrega;site;treino
REC-01845;Por favor, recebi o modelo errado e preciso saber o que aconteceu Preciso de um retorno.;produto;site;validacao
REC-01846;Estou tentando devolver o item, mas o item apresentou problema no primeiro uso!;produto;site;teste
REC-01847;Não consigo localizar onde está a encomenda;entrega;telefone;treino
REC-01848;meu chamado está sem atualização desde ontem!;atendimento;chat;validacao
REC-01849;Não consigo localizar onde está a encomenda no meu último pedido.;entrega;chat;teste
REC-01850;Olá, gostaria de registrar, o rastreio parou de atualizar? Preciso de um retorno.;entrega;chat;treino
REC-01851;Por favor, também tentei abrir uma troca, mas meu chamado está sem atualização.;atendimento;email;treino
REC-01852;O produto recebido é diferente do anúncio?;produto;email;validacao
REC-01853;Uma parte do kit não veio há alguns dias?;produto;site;treino
REC-01854;A cor veio diferente da escolhida e preciso saber o que aconteceu. Isso aconteceu desde o fim de semana.;produto;app;treino
REC-01855;Registro a seguinte situação: a troca foi aprovada, mas o novo item não foi enviado desde ontem!;troca_devolucao;telefone;teste
REC-01856;O entregador marcou tentativa sem vir aqui no meu último pedido.;entrega;app;validacao
REC-01857;A devolução não aparece no sistema, mas o valor foi cobrado duas vezes.;pagamento;email;validacao
REC-01858;Oi, por favor, pessoal, preciso trocar o tamanho recebido no meu último pedido Podem verificar.;troca_devolucao;email;treino
REC-01859;Fui tratado de forma pouco cordial e, além disso, o item também veio com uma avaria.;atendimento;chat;treino
REC-01860;Estou com uma dúvida, a troca foi aprovada, mas o novo item não foi enviado e, além disso, e ainda não consigo retorno no atendimento. Como resolvo?!;troca_devolucao;email;treino
REC-01861;Por favor, a solicitação de devolução não avança e preciso saber o que aconteceu;troca_devolucao;site;treino
REC-01862;Oi, a troca foi aprovada, mas o novo item não foi enviado desde ontem;troca_devolucao;site;treino
REC-01863;"gostaria de registrar, o atendente informou um procedimento que não funciona; ao mesmo tempo o pacote demorou a chegar. podem verificar?";atendimento;telefone;teste
REC-01864;a resposta recebida não tem relação com a minha dúvida;atendimento;app;treino
REC-01865;"O valor foi cobrado duas vezes; ao mesmo tempo a devolução não aparece no sistema.";pagamento;email;validacao
REC-01866;Houve problema com a transportadora, mas o valor foi cobrado duas vezes;pagamento;site;validacao
REC-01867;"Recebi só uma parte da compra; situação observada desde o fim de semana.";entrega;email;validacao
REC-01868;A parcela veio com valor incorreto há alguns dias.;pagamento;app;treino
REC-01869;Faltou um acessório dentro da caixa.;produto;telefone;teste
REC-01870;"o produto veio usado; entretanto e ainda n consigo retorno no atendimento.";produto;site;validacao
REC-01871;o sistema diz pagamento pendente, mas já paguei também aconteceu o seguinte: a embalagem estava intacta, mas o item não funciona;produto;site;treino
REC-01872;o protocolo foi fechado sem retorno. também aconteceu o seguinte: o item apresentou problema no primeiro uso. 🙂;produto;app;treino
REC-01873;o chat nao esclareceu a situação. o que mais preciso resolver é que enviei o item de volta e ainda nao confirmaram o recebimento.;troca_devolucao;telefone;treino
REC-01874;Gente, boa tarde, o atendimento encerrou o contato sem resolver e, além disso, o estorno ainda está pendente. Preciso de um retorno.;atendimento;telefone;treino
REC-01875;Por favor, a devolução não aparece no sistema. O que mais preciso resolver é que foi incluída uma taxa que não estava prevista. Podem verificar?;pagamento;telefone;treino
REC-01876;Então, estou tentando devolver o item. O que mais preciso resolver é que o valor foi cobrado duas vezes.;pagamento;app;treino
REC-01877;Gente, venho informar, o chat me transfere e ninguém assume o caso há alguns dias.;atendimento;site;validacao
REC-01878;"O chat me transfere e ninguém assume o caso; entretanto estou tentando devolver o item, hoje de manhã.";atendimento;app;treino
REC-01879;só queria entender, o cartão foi debitado, mas o peddo não confirmou no meu último peddo obrigado;pagamento;app;validacao
REC-01880;"Gostaria de solicitar apoio: uma parte do kit não veio; ao mesmo tempo também tentei abrir uma troca.";produto;app;treino
REC-01881;"Estou com uma dúvida, o prazo de troca está correndo e não consigo abrir a solicitação; além disso, fui tratado de forma pouco cordial. Como resolvo?!";atendimento;app;treino
REC-01882;Solicito orientação: preciso trocar o tamanho recebido e preciso saber o que aconteceu.;troca_devolucao;site;treino
REC-01883;Só queria entender, a previsão de chegada passou e nada e preciso saber o que aconteceu Podem verificar?;entrega;chat;treino
REC-01884;estou com uma dúvida, recebi o modelo errado e preciso saber o que aconteceu. conseguem me orientar?;produto;site;teste
REC-01885;Gostaria de solicitar apoio: meu chamado está sem atualização e preciso saber o que aconteceu.;atendimento;email;validacao
REC-01886;Hoje de manhã, o pagamento foi recusado mesmo com limite.;pagamento;email;treino
REC-01887;Gente, bom dia, recebi o modelo errado? Isso pode ser verificado, por favor?;produto;chat;treino
REC-01888;O SISTEMA DIZ PAGAMENTO PENDENTE, MAS JÁ PAGUEI NO MEU ÚLTIMO PEDIDO?;pagamento;telefone;treino
REC-01889;alguém consegue me ajudar, recebi só uma parte da compra no meu último pedido? como resolvo?;entrega;email;treino
REC-01890;Bom dia, o cupom foi aceito e depois o desconto sumiu no meu último pedido? Preciso de um retorno.;pagamento;telefone;treino
REC-01891;"Não consigo gerar o boleto; entretanto o rastreio está confuso.";pagamento;chat;treino
REC-01892;O item também veio com uma avaria. O que mais preciso resolver é que o pedido ainda não chegou.;entrega;chat;treino
REC-01893;Faltou um acessório dentro da caixa. Isso aconteceu desde a semana passada.;produto;app;treino
REC-01894;queria uma orientação, a cor veio diferente da escolhida há alguns dias agradeço se puderem olhar isso.;produto;chat;teste
REC-01895;a cor veio diferente da escolhida há alguns dias;produto;chat;validacao
REC-01896;o desconto n foi aplicado, mas n consigo localizar onde está a encomenda.;entrega;app;validacao
REC-01897;Por favor, queria uma orientação, estou tentando falar com alguém há dias e, além disso, a devolução não aparece no sistema. Fico no aguardo.;atendimento;telefone;treino
REC-01898;"Gente, oi, não consigo atendimento humano; além disso, recebi só uma parte da compra. Isso pode ser verificado, por favor?";entrega;email;treino
REC-01899;Queria uma orientação, a caixa veio com uma peça faltando. O que mais preciso resolver é que o valor foi cobrado duas vezes. Fico no aguardo!;pagamento;telefone;treino
REC-01900;Solicito orientação: só queria entender, a resposta recbida não tem relação com a minha dúvida há alguns dias? Preciso de um retorno.;atendimento;site;treino
REC-01901;Solicitei troca e recebi instruções contraditórias. Também aconteceu o seguinte: consta como entregue, mas nao recebi.;entrega;email;treino
REC-01902;olá, a embalagem estava intacta, mas o item não funciona podem verificar?;produto;app;treino
REC-01903;Então, pessoal, ninguém responde ao protocolo. O que mais preciso resolver é que o sistema bloqueia a opção de devolução. Obrigado;troca_devolucao;site;teste
REC-01904;Então, fui tratado de forma pouco cordial há alguns dias.;atendimento;telefone;treino
REC-01905;Estou com uma dúvida, faltou um acessório dentro da caixa e o sistema bloqueia a opção de devolução. Isso pode ser verificado, por favor?;produto;email;treino
REC-01906;Então, o pacote demorou a chegar, mas o sistema diz pagamento pendente, mas já paguei.;pagamento;email;treino
REC-01907;Então, o protocolo foi fechado sem retorno há alguns dias.;atendimento;chat;treino
REC-01908;"O chat me transfere e ninguém assume o caso; porém o estorno ainda está pendente.";atendimento;app;treino
REC-01909;Também apareceu uma cobrança que nao entendi. O que mais preciso resolver é que a previsão de chegada passou e nada.;entrega;site;teste
REC-01910;Por favor, a embalagem estava intacta, mas o item não funciona há alguns dias?;produto;email;treino
REC-01911;Gostaria de solicitar apoio: a parcela veio com valor incorreto;pagamento;telefone;treino
REC-01912;o valor cobrado está diferente do anunciado no meu último pedido;pagamento;telefone;validacao
REC-01913;A etiqueta de postagem não foi liberada;troca_devolucao;email;treino
REC-01914;a embalagem estava intacta, mas o item não funciona e o prazo de troca está correndo e não consigo abrir a solicitação.;produto;email;treino
REC-01915;Na compra feita pelo aplicativo, o pacote voltou para o remetente sem explicação no meu último pedido.;entrega;telefone;teste
REC-01916;Oi, só queria entender, o estorno ainda está pendente. O que mais preciso resolver é que a etiqueta de postagem não foi liberada. Fico no aguardo.;troca_devolucao;app;treino
REC-01917;Oi, a cor veio diferente da escolhida no meu último peddo. Isso pode ser verificado, por favor?;produto;app;treino
REC-01918;Por favor, o prazo mudou várias vezes e preciso saber o que aconteceu?;entrega;chat;treino
REC-01919;"enviei o item de volta e ainda não confirmaram o recebimento; ao mesmo tempo a entrega também atrasou.";troca_devolucao;email;validacao
REC-01920;Olá, ninguém responde ao protocolo, mas a embalagem estava intacta, mas o item não funciona.;produto;site;treino
REC-01921;Boa tarde, recebi o modelo errado? Obrigada.;produto;chat;validacao
REC-01922;Preciso de ajuda, o acabamento veio com marcas no meu último pedido? Isso pode ser verificado, por favor?;produto;telefone;treino
REC-01923;"Por favor, o acabamento veio com marcas; só que a devolução nao aparece no sistema!";produto;chat;treino
REC-01924;O desconto não foi aplicado. O que mais preciso resolver é que o acabamento veio com marcas.;produto;app;teste
REC-01925;"Ninguém responde minhas mensagens; além disso, a descrição do anúncio não bate com o que chegou.";produto;app;treino
REC-01926;o pacote demorou a chegar. o que mais preciso resolver é que o acabamento veio com marcas!;produto;chat;treino
REC-01927;Bom dia, também apareceu uma cobrança que não entendi. O que mais preciso resolver é que o aparelho desliga sozinho. Fico no aguardo;produto;site;treino
REC-01928;A solicitação de devolução não avança?;troca_devolucao;site;treino
REC-01929;"Pessoal, a etiqueta de postagem não foi liberada; e o pacote demorou a chegar. Conseguem me orientar?";troca_devolucao;chat;treino
REC-01930;O pacote sumiu no trajeto no meu último pedido;entrega;chat;treino
REC-01931;Por favor, alguém consegue me ajudar, o estorno ainda não apareceu desde ontem Como resolvo?;pagamento;app;treino
REC-01932;Olá, a descrição do anúncio não bate com o que chegou desde ontem.;produto;app;treino
REC-01933;E ainda não consigo retorno no atendimento. O que mais preciso resolver é que não reconheço uma cobrança relacionada ao pedido!;pagamento;email;teste
REC-01934;Queria uma orientação, quero devolver a compra e não encontro a opção há alguns dias? Podem verificar?;troca_devolucao;chat;teste
REC-01935;Oi, por favor, o produto recebido é diferente do anúncio desde ontem.;produto;app;treino
REC-01936;Por favor, também apareceu uma cobrança que não entendi, mas estou tentando falar com alguém há dias. Conseguem me orientar?;atendimento;app;treino
REC-01937;Por favor, então, o estorno ainda não apareceu.;pagamento;email;treino
REC-01938;Registro a seguinte situação: não sei onde acompanhar minha devolução e preciso saber o que aconteceu.;troca_devolucao;site;teste
REC-01939;houve problema com a transportadora, mas meu chamado está sem atualização. 🙂;atendimento;app;treino
REC-01940;SOLICITEI TROCA E RECEBI INSTRUÇÕES CONTRADITÓRIAS?;troca_devolucao;app;treino
REC-01941;não reconheço uma cobrança relacionada ao pedido no meu último pedido;pagamento;app;treino
REC-01942;"O protocolo foi fechado sem retorno; situação observada na última compra.";atendimento;email;teste
REC-01943;venho informar, quero devolver a compra e n encontro a opção no meu último pedido fico no aguardo!;troca_devolucao;app;treino
REC-01944;"Fui tratado de forma pouco cordial; mas a entrega também atrasou.";atendimento;site;treino
REC-01945;Solicito orientação: só queria entender, o desconto não foi aplicado, mas recebi o modelo errado. Isso pode ser verificado, por favor?;produto;site;treino
REC-01946;O sistema diz pagamento pendente, mas já paguei, mas ao mesmo tempo o sistema bloqueia a opção de devolução.;pagamento;site;treino
REC-01947;meu chamado está sem atualização.;atendimento;site;treino
REC-01948;"oi, o item chegou com defeito; além disso, o cupom foi aceito e depois o desconto sumiu. obrigado.";pagamento;email;treino
REC-01949;O item apresentou problema no primeiro uso e ninguém responde minhas mensagens.;produto;site;validacao
REC-01950;"Recebi informações diferentes de cada atendente há alguns dias; situação observada na compra feita pelo site.";atendimento;chat;treino
REC-01951;O pacote sumiu no trajeto e preciso saber o que aconteceu!;entrega;email;treino
REC-01952;Solicito orientação: o prazo mudou várias vezes. Isso aconteceu desde ontem.;entrega;app;treino
REC-01953;o pedido ainda não chegou e, além disso, também tentei abrir uma troca;entrega;chat;treino
REC-01954;então, o valor foi cobrado duas vezes e, além disso, e ainda não consigo retorno no atendimento.;pagamento;site;validacao
REC-01955;Oi, o suporte pede as mesmas informações toda vez e, além disso, o desconto não foi aplicado. Isso pode ser verificado, por favor?;atendimento;app;validacao
REC-01956;"n consigo atendimento humano; ao mesmo tempo também tentei abrir uma troca.";atendimento;app;treino
REC-01957;Registro a seguinte situação: também apareceu uma cobrança que nao entendi, mas faltou um acessório dentro da caixa.;produto;site;treino
REC-01958;Então, a compra chegou depois da data em que eu precisava e, além disso, o desconto não foi aplicado!;entrega;app;validacao
REC-01959;Por favor, venho informar, o desconto não foi aplicado, mas quero devolver a compra e não encontro a opção. Isso pode ser verificado, por favor?;troca_devolucao;telefone;treino
REC-01960;preciso de ajuda, o aparelho desliga sozinho e, além disso, o pacote demorou a chegar. podem verificar?;produto;chat;validacao
REC-01961;Por favor, bom dia, estou esperando a encomenda há mais tempo que o informado e, além disso, a caixa veio com uma peça faltando. Agradeço se puderem olhar isso!;entrega;app;treino
REC-01962;O tamanho não corresponde ao informado no meu último peddo?;produto;telefone;treino
REC-01963;recebi só uma parte da compra desde ontem?;entrega;email;treino
REC-01964;"o entregador marcou tentativa sem vir aqui; além disso, o produto recebido é diferente do anúncio.";produto;chat;treino
REC-01965;Não consigo localizar onde está a encomenda e, além disso, o modelo recebido não era exatamente o esperado.;entrega;site;treino
REC-01966;boa tarde, o modelo recbido não era exatamente o esperado. o q mais preciso resolver é q o valor foi cobrado duas vezes. como resolvo?;pagamento;chat;validacao
REC-01967;Olá, não sei onde acompanhar minha devolução. Também aconteceu o seguinte: a peça veio quebrada.;produto;email;treino
REC-01968;o protocolo foi fechado sem retorno desde ontem;atendimento;email;treino
REC-01969;Gente, o item chegou com defeito. Também aconteceu o seguinte: o rastreio parou de atualizar.;entrega;app;validacao
REC-01970;Por favor, alguém consegue me ajudar, o estorno ainda não apareceu desde ontem Como resolvo?;pagamento;chat;treino
REC-01971;Por favor, também tentei abrir uma troca, mas fui tratado de forma pouco cordial.;atendimento;app;treino
REC-01972;"recebi o modelo errado; só que o chat não esclareceu a situação.";produto;app;treino
REC-01973;A previsão de chegada passou e nada, mas ao mesmo tempo o cartão foi debitado, mas o pedido não confirmou.;entrega;telefone;treino
REC-01974;bom dia, não consigo gerar o boleto. como resolvo?;pagamento;app;treino
REC-01975;O reembolso foi aprovado, porém não caiu há alguns dias.;pagamento;email;validacao
REC-01976;o acabamento veio com marcas desde ontem;produto;app;treino
REC-01977;;troca_devolucao;email;treino
REC-01978;;entrega;chat;treino
REC-01979;Bom dia, faltou um acessório dentro da caixa;produto;chat;validacao
REC-01980;"A parcela veio com valor incorreto; além disso, quero cancelar a compra e devolver o que recebi!";troca_devolucao;app;treino
REC-01981;Oi, venho informar, o prazo de troca está correndo e não consigo abrir a solicitação? Podem verificar?;troca_devolucao;chat;validacao
REC-01982;Recebi o modelo errado desde ontem?;produto;app;teste
REC-01983;Olá, a etiqueta de postagem não foi liberada e preciso saber o que aconteceu Conseguem me orientar?;troca_devolucao;app;treino
REC-01984;queria uma orientação, o pacote voltou para o remetente sem explicação e preciso saber o que aconteceu agradeço se puderem olhar isso.;entrega;email;treino
REC-01985;Venho informar, a previsão de chegada passou e nada? Isso pode ser verificado, por favor?;entrega;chat;treino
REC-01986;o chat não esclareceu a situação, mas faltou um acessório dentro da caixa.;produto;telefone;treino
REC-01987;E ainda não consigo retorno no atendimento, mas faltou um acessório dentro da caixa.;produto;chat;treino
REC-01988;"Registro a seguinte situação: o suporte pede as mesmas informações toda vez; além disso, o aparelho desliga sozinho.";produto;telefone;treino
REC-01989;O pedido ainda não chegou e o material parece danificado.;entrega;chat;treino
REC-01990;E ainda não consigo retorno no atendimento, mas o pacote sumiu no trajeto.;entrega;site;treino
REC-01991;Gente, recebi só uma parte da compra?;entrega;email;treino
REC-01992;Oi, o desconto não foi aplicado, mas o atendimento encerrou o contato sem resolver.;atendimento;telefone;teste
REC-01993;O protocolo foi fechado sem retorno no meu último pedido. Isso aconteceu na compra feita pelo site.;atendimento;chat;validacao
REC-01994;"O pacote sumiu no trajeto; além disso, o material parece danificado.";produto;chat;treino
REC-01995;por favor, a compra chegou depois da data em q eu precisava também aconteceu o seguinte: o estorno ainda não apareceu como resolvo;pagamento;app;treino
REC-01996;Estou com uma dúvida, o material parece danificado desde ontem. Podem verificar?;produto;site;treino
REC-01997;o modelo recebido não era exatamente o esperado, mas o cartão foi debitado, mas o pedido não confirmou.;pagamento;app;treino
REC-01998;"a previsão de chegada passou e nada; e a caixa veio com uma peça faltando.";entrega;site;treino
REC-01999;"Queria uma orientação, a embalagem estava intacta, mas o item não funciona; entretanto o chat não esclareceu a situação";produto;telefone;treino
REC-02000;Por favor, o pacote demorou a chegar, mas recebi o modelo errado.;produto;site;treino
REC-02001;Depois da atualização do pedido, o aparelho desliga sozinho e preciso saber o que aconteceu.;produto;site;treino
REC-02002;Gente, oi, o entregador marcou tentativa sem vir aqui e preciso saber o que aconteceu. Preciso de um retorno.;entrega;email;validacao
REC-02003;Registro a seguinte situação: enviei o item de volta e ainda não confirmaram o recebimento e o pedido ainda não chegou.;troca_devolucao;chat;treino
REC-02004;Então, o sistema bloqueia a opção de devolução no meu último pedido;troca_devolucao;site;treino
REC-02005;Por favor, enviei o item de volta e ainda não confirmaram o recbimento e a compra chegou depois da data em que eu precisava. Obrigado.;troca_devolucao;app;treino
REC-02006;Por favor, faltou um acessório dentro da caixa há alguns dias. Como resolvo?;produto;email;treino
REC-02007;o estorno ainda não apareceu e a entrega foi direcionada pra outro endereço.;pagamento;telefone;treino
REC-02008;ALGUÉM CONSEGUE ME AJUDAR, O ESTORNO AINDA ESTÁ PENDENTE, MAS A PEÇA VEIO QUEBRADA. FICO NO AGUARDO.;produto;site;validacao
REC-02009;;produto;telefone;treino
REC-02010;O sistema diz pagamento pendente, mas já paguei desde ontem.;pagamento;chat;treino
REC-02011;O entregador marcou tentativa sem vir aqui e o produto veio usado.;entrega;telefone;treino
REC-02012;Gostaria de solicitar apoio: o modelo recebido não era exatamente o esperado. O que mais preciso resolver é que foi incluída uma taxa que não estava prevista.;pagamento;app;treino
REC-02013;O produto recebido é diferente do anúncio há alguns dias.;produto;email;treino
REC-02014;Oi, não consigo gerar o boleto e a previsão de chegada passou e nada.;pagamento;email;treino
REC-02015;Pessoal, recebi informações diferentes de cada atendente Agradeço se puderem olhar isso.;atendimento;site;validacao
REC-02016;Então, quero devolver a compra e não encontro a opção e preciso saber o que aconteceu.;troca_devolucao;email;validacao
REC-02017;quero devolver a compra e n encontro a opção desde ontem 😤;troca_devolucao;site;teste
REC-02018;Então, recebi o modelo errado e, além disso, o rastreio está confuso;produto;app;teste
REC-02019;Olá, a entrega também atrasou, mas recebi informações diferentes de cada atendente. Conseguem me orientar?;atendimento;telefone;validacao
REC-02020;O protocolo foi fechado sem retorno;atendimento;email;treino
REC-02021;faltou um acessório dentro da caixa no meu último pedido;produto;chat;treino
REC-02022;"o material parece danificado; ao mesmo tempo o pacote demorou a chegar.";produto;app;treino
REC-02023;Gente, a entrega também atrasou. O que mais preciso resolver é que enviei o item de volta e ainda não confirmaram o recebimento.;troca_devolucao;site;treino
REC-02024;o pix saiu da conta e a compra continua pendente há alguns dias.;pagamento;chat;treino
REC-02025;o tamanho não corresponde ao informado no meu último pedido;produto;site;teste
REC-02026;Olá, faltou um acessório dentro da caixa há alguns dias;produto;email;treino
REC-02027;venho informar, solicitei troca e recebi instruções contraditórias desde ontem fico no aguardo;troca_devolucao;app;teste
REC-02028;Gostaria de solicitar apoio: só queria entender, a compra chegou depois da data em que eu precisava.;entrega;email;treino
REC-02029;O aparelho desliga sozinho desde ontem.;produto;email;treino
REC-02030;Olá, ninguém responde ao protocolo, mas foi incluída uma taxa que não estava prevista.;pagamento;site;validacao
REC-02031;Oi, a parcela veio com valor incorreto no meu último pedido?;pagamento;site;teste
REC-02032;GOSTARIA DE REGISTRAR, O TAMANHO NÃO CORRESPONDE AO INFORMADO E, ALÉM DISSO, O DESCONTO NÃO FOI APLICADO AGRADEÇO SE PUDEREM OLHAR ISSO;produto;app;treino
REC-02033;Estou com uma dúvida, o acabamento veio com marcas. Podem verificar?;produto;email;treino
REC-02034;;troca_devolucao;app;treino
REC-02035;O desconto não foi aplicado. O que mais preciso resolver é que ninguém responde minhas mensagens.;atendimento;telefone;validacao
REC-02036;o pedido ainda não chegou no meu último pedido, na compra deste mês.;entrega;telefone;teste
REC-02037;O PAGAMENTO FOI RECUSADO MESMO COM LIMITE E O PRODUTO VEIO USADO.;pagamento;site;teste
REC-02038;Preciso de ajuda, preciso substituir o item por outro modelo há alguns dias Preciso de um retorno.;troca_devolucao;chat;treino
REC-02039;venho informar, a parcela veio com valor incorreto no meu último pedido. preciso de um retorno.;pagamento;chat;treino
REC-02040;"Oi, preciso de ajuda, uma parte do kit não veio; porém estou tentando devolver o item. Preciso de um retorno";produto;telefone;teste
REC-02041;Gente, recebi o modelo errado desde ontem;produto;email;teste
REC-02042;Ninguém responde minhas mensagens desde ontem?;atendimento;telefone;treino
REC-02043;pessoal, uma parte do kit não veio? conseguem me orientar?;produto;app;treino
REC-02044;Gente, o chat me transfere e ninguém assume o caso e preciso saber o que aconteceu;atendimento;app;treino
REC-02045;A compra chegou depois da data em que eu precisava;entrega;site;treino
REC-02046;Gostaria de registrar, ninguém responde ao protocolo. O que mais preciso resolver é que a parcela veio com valor incorreto.;pagamento;app;treino
REC-02047;Registro a seguinte situação: recbi o modelo errado desde ontem.;produto;site;treino
REC-02048;não reconheço uma cobrança relacionada ao pedido desde ontem, na compra deste mês.;pagamento;telefone;treino
REC-02049;"Gente, a ligação caiu e ninguém retomou o contato; além disso, o produto recebido é diferente do anúncio.";produto;site;treino
REC-02050;"Por favor, faltou um acessório dentro da caixa; além disso, o cupom foi aceito e depois o desconto sumiu.";pagamento;email;treino
REC-02051;Só queria entender, foi incluída uma taxa que não estava prevista, mas ao mesmo tempo quero devolver a compra e não encontro a opção. Podem verificar?;pagamento;site;validacao
REC-02052;Por favor, solicitei troca e recebi instruções contraditórias no meu último pedido;troca_devolucao;chat;treino
REC-02053;E ainda não consigo retorno no atendimento, mas o prazo mudou várias vezes.;entrega;site;teste
REC-02054;Também apareceu uma cobrança que não entendi, mas a solicitação de devolução não avança.;troca_devolucao;email;teste
REC-02055;"A embalagem estava intacta, mas o item não funçiona; além disso, quero devolver a compra e não encontro a opção.";troca_devolucao;telefone;teste
REC-02056;Recebi informações diferentes de cada atendente e preciso saber o que aconteceu;atendimento;telefone;treino
REC-02057;Preciso trocar o tamanho recebido no meu último pedido;troca_devolucao;app;treino
REC-02058;Oi, olá, o pedido ainda não chegou desde ontem Fico no aguardo.;entrega;app;treino
REC-02059;"A transportadora não apareceu no endereço; situação observada na compra deste mês.";entrega;telefone;treino
REC-02060;Gostaria de solicitar apoio: oi, a previsão de chegada passou e nada e, além disso, estou tentando devolver o item. Obrigada.;entrega;email;treino
REC-02061;Oi, preciso de ajuda, o estorno ainda está pendente, mas o prazo mudou várias vezes. Como resolvo?;entrega;site;treino
REC-02062;Oi, registro a seguinte situação: estou com uma dúvida, também apareceu uma cobrança que não entendi. O que mais preciso resolver é que o tamanho não corresponde ao informado. Podem verificar.;produto;email;treino
REC-02063;"Por favor, estou tentando falar com alguém há dias; além disso, o acabamento veio com marcas. Podem verificar?";produto;chat;treino
REC-02064;preciso de ajuda, ninguém responde ao protocolo o que mais preciso resolver é que a transportadora não apareceu no endereço preciso de um retorno;entrega;app;treino
REC-02065;venho informar, o pedido ainda não chegou isso pode ser verificado, por favor;entrega;app;validacao
REC-02066;Então, alguém consegue me ajudar, consta como entregue, mas não recbi desde ontem? Conseguem me orientar?;entrega;email;treino
REC-02067;Gente, o chat me transfere e ninguém assume o caso e, além disso, estou tentando devolver o item.;atendimento;site;treino
REC-02068;oi, a cor veio diferente da escolhida há alguns dias? obrigada.;produto;telefone;treino
REC-02069;Então, já postei a devolução e o status não mudou e, além disso, ninguém responde ao protocolo.;troca_devolucao;app;teste
REC-02070;olá, a ligação caiu e ninguém retomou o contato desde ontem? obrigada.;atendimento;telefone;validacao
REC-02071;Gostaria de registrar, a peça veio quebrada desde ontem? Preciso de um retorno.;produto;email;treino
REC-02072;Por favor, uma parte do kit não veio no meu último pedido? Conseguem me orientar?;produto;site;teste
REC-02073;Oi, bom dia, o atendimento encerrou o contato sem resolver há alguns dias Como resolvo?;atendimento;email;treino
REC-02074;"A peça veio quebrada; além disso, o pacote voltou para o remetente sem explicação.";entrega;telefone;treino
REC-02075;Solicito orientação: preciso de ajuda, o cartão foi debitado, mas o pedido não confirmou e, além disso, e ainda não consigo retorno no atendimento. Conseguem me orientar?;pagamento;email;treino
REC-02076;o rastreio parou de atualizar;entrega;app;treino
REC-02077;A entrega também atrasou. O que mais preciso resolver é que o produto veio usado.;produto;chat;validacao
REC-02078;"Uma parte do kit não veio; só que estou tentando devolver o item.";produto;site;treino
REC-02079;Na compra feita pelo site, uma parte do kit não veio há alguns dias.;produto;site;treino
REC-02080;Olá, o suporte pede as mesmas informações toda vez há alguns dias.;atendimento;telefone;treino
REC-02081;O material parece danificado desde ontem;produto;email;validacao
REC-02082;Enviei o item de volta e ainda não confirmaram o recebimento e preciso saber o que aconteceu.;troca_devolucao;telefone;treino
REC-02083;Por favor, venho informar, o atendimnto encerrou o contato sem resolver há alguns dias. Agradeço se puderem olhar isso.;atendimento;app;teste
REC-02084;"Por favor, o pedido ainda não chegou; apesar disso estou tentando devolver o item. Agradeço se puderem olhar isso.";entrega;email;treino
REC-02085;Gostaria de solicitar apoio: o item também veio com uma avaria. O que mais preciso resolver é que não consigo localizar onde está a encomenda.;entrega;site;treino
REC-02086;O protocolo foi fechado sem retorno desde ontem?;atendimento;app;treino
REC-02087;Só queria entender, o pacote sumiu no trajeto e, além disso, estou tentando devolver o item. Obrigada.;entrega;chat;treino
REC-02088;olá, o valor cobrado está diferente do anunciado há alguns dias como resolvo;pagamento;app;teste
REC-02089;Solicito orientação: gostaria de registrar, o estorno ainda não apareceu. Também aconteceu o seguinte: a coleta da devolução não aconteceu. Obrigado.;troca_devolucao;telefone;treino
REC-02090;Gente, boa tarde, o reembolso foi aprovado, porém não caiu desde ontem;pagamento;email;treino
REC-02091;Por favor, a devoluçao não aparece no sistema. O que mais preciso resolver é que a parcela veio com valor incorreto.;pagamento;site;treino
REC-02092;Olá, a embalagem estava intacta, mas o item não funciona há alguns dias;produto;app;treino
REC-02093;"Então, a entrega foi direcionada para outro endereço desde ontem; situação observada no pedido mais recente.";entrega;site;treino
REC-02094;a compra foi cancelada, mas a cobrança permaneceu desde ontem?;pagamento;telefone;teste
REC-02095;estou tentando devolver o item. o que mais preciso resolver é que fui tratado de forma pouco cordial.;atendimento;chat;treino
REC-02096;oi, pessoal, o atendente informou um procedimento que não funciona? como resolvo?;atendimento;site;teste
REC-02097;boa tarde, o cartão foi debitado, mas o pedido não confirmou? conseguem me orientar?;pagamento;app;teste
REC-02098;Venho informar, não sei onde acompanhar minha devolução? Fico no aguardo.;troca_devolucao;site;treino
REC-02099;O pagamento foi recusado mesmo com limite?;pagamento;email;validacao
REC-02100;"Bom dia, não consigo localizar onde está a encomenda; mas e ainda não consigo retorno no atendimnto. Isso pode ser verificado, por favor?";entrega;chat;teste
REC-02101;A entrega foi direcionada para outro endereço e preciso saber o que aconteceu;entrega;app;treino
REC-02102;alguém consegue me ajudar, o cupom foi aceito e depois o desconto sumiu no meu último pedido. conseguem me orientar?;pagamento;email;treino
REC-02103;"O produto recebido é diferente do anúncio; entretanto houve problema com a transportadora.";produto;telefone;treino
REC-02104;Então, fui tratado de forma pouco cordial;atendimento;site;treino
REC-02105;Solicito orientação: foi incluída uma taxa que não estava prevista no meu último pedido?;pagamento;email;validacao
REC-02106;Por favor, o valor foi cobrado duas vezes e, além disso, o rastreio está confuso. Fico no aguardo.;pagamento;site;treino
REC-02107;Oi, por favor, e ainda não consigo retorno no atendimento, mas quero cancelar a compra e devolver o que recebi. Preciso de um retorno.;troca_devolucao;app;validacao
REC-02108;gente, por favor, o tamanho não corresponde ao informado. também aconteceu o seguinte: a solicitação de devolução não avança.;troca_devolucao;app;treino
REC-02109;o chat me transfere e ninguém assume o caso, mas ao mesmo tempo a compra foi cancelada, mas a cobrança permaneceu. obrigado.;atendimento;site;validacao
REC-02110;Meu chamado está sem atualização no meu último pedido.;atendimento;telefone;treino
REC-02111;Registro a seguinte situação: venho informar, o pacote sumiu no trajeto há alguns dias. Agradeço se puderem olhar isso.;entrega;chat;treino
REC-02112;"O rastreio parou de atualizar; porém a devolução não aparece no sistema.";entrega;telefone;treino
REC-02113;a encomenda está atrasada e preciso saber o que aconteceu ...;entrega;chat;treino
REC-02114;enviei o item de volta e ainda n confirmaram o recebimento. também aconteceu o seguinte: fui tratado de forma pouco cordial.;atendimento;telefone;teste
REC-02115;o atendente informou um procedimento que não funciona há alguns dias?;atendimento;site;treino
REC-02116;Oi, estou com uma dúvida, o atendimento encerrou o contato sem resolver? Conseguem me orientar?;atendimento;chat;treino
REC-02117;Registro a seguinte situação: o estorno ainda não apareceu e consta como entregue, mas não recebi.;pagamento;chat;treino
REC-02118;bom dia, fui tratado de forma pouco cordial. obrigado.;atendimento;email;validacao
REC-02119;o material parece danificado, mas ao mesmo tempo a coleta da devolução não aconteceu;produto;email;treino
REC-02120;Por favor, bom dia, uma parte do kit não veio. Fico no aguardo.;produto;chat;treino
REC-02121;o atendimento encerrou o contato sem resolver há alguns dias!!!;atendimento;telefone;treino
REC-02122;O pix saiu da conta e a compra continua pendente no meu último pedido.;pagamento;site;treino
REC-02123;Alguém consegue me ajudar, o desconto não foi aplicado. O que mais preciso resolver é que o pacote voltou para o remetente sem explicação. Conseguem me orientar?;entrega;site;validacao
REC-02124;Venho informar, o pedido ainda não chegou e preciso saber o que aconteceu Fico no aguardo.;entrega;email;treino
REC-02125;preciso substituir o item por outro modelo no meu último pedido.;troca_devolucao;chat;validacao
REC-02126;"Registro a seguinte situação: o tamanho não corresponde ao informado; além disso, a ligação caiu e ninguém retomou o contato.";atendimento;chat;validacao
REC-02127;olá, a entrega também atrasou. o que mais preciso resolver é que meu chamado está sem atualização.;atendimento;telefone;treino
REC-02128;Registro a seguinte situação: a devolução não aparece no sistema, mas o item apresentou problema no primeiro uso. Obrigada.;produto;email;teste
REC-02129;O produto recebido é diferente do anúncio desde ontem. Isso aconteceu no pedido que fiz para casa.;produto;telefone;treino
REC-02130;Preciso trocar o tamanho recebido e faltou um acessório dentro da caixa.;troca_devolucao;telefone;treino
REC-02131;venho informar, estou esperando a encomenda há mais tempo que o informado no meu último pedido? agradeço se puderem olhar isso.;entrega;chat;treino
REC-02132;Gostaria de solicitar apoio: o prazo de troca está correndo e não consigo abrir a solicitação desde ontem?;troca_devolucao;site;treino
REC-02133;Preciso de ajuda, a cor veio diferente da escolhida e, além disso, e ainda não consigo retorno no atendimento. Como resolvo?;produto;app;validacao
REC-02134;gente, o desconto não foi aplicado, mas o rastreio parou de atualizar.;entrega;app;treino
REC-02135;Olá, o acabamento veio com marcas?;produto;email;teste
REC-02136;O pedido ainda não chegou há alguns dias.;entrega;email;validacao
REC-02137;O rastreio parou de atualizar há alguns dias?;entrega;site;validacao
REC-02138;pessoal, a peça veio quebrada no meu último pedido preciso de um retorno.;produto;telefone;treino
REC-02139;"Recebi informações diferentes de cada atendente; porém também apareceu uma cobrança que não entendi!";atendimento;email;validacao
REC-02140;o rastreio está confuso. o q mais preciso resolver é q a cor veio diferente da escolhida.;produto;email;treino
REC-02141;n sei onde acompanhar minha devolução e preciso saber o que aconteceu;troca_devolucao;chat;treino
REC-02142;só queria entender, a previsão de chegada passou e nada podem verificar;entrega;app;treino
REC-02143;Por favor, o item chegou com defeito, mas ao mesmo tempo o sistema diz pagamento pendente, mas já paguei. Isso pode ser verificado, por favor?;produto;email;treino
REC-02144;O sistema diz pagamento pendente, mas já paguei há alguns dias?;pagamento;site;validacao
REC-02145;Registro a seguinte situação: a previsão de chegada passou e nada desde ontem?;entrega;app;treino
REC-02146;"Preciso substituir o item por outro modelo; além disso, o item apresentou problema no primeiro uso.";produto;email;teste
REC-02147;Gente, só queria entender, o produto recebido é diferente do anúncio e, além disso, e ainda não consigo retorno no atendimento. Podem verificar?;produto;chat;treino
REC-02148;não consigo localizar onde está a encomenda e, além disso, o chat não esclareceu a situação!;entrega;app;treino
REC-02149;Gente, gostaria de registrar, a embalagem estava intacta, mas o item não funciona desde ontem. Obrigada.;produto;site;treino
REC-02150;preciso trocar o tamanho recebido. tbm aconteceu o seguinte: faltou um acessório dentro da caixa.!!!;produto;chat;treino
REC-02151;Só queria entender, o reembolso foi aprovado, porém não caiu. Também aconteceu o seguinte: preciso trocar o tamanho recebido. Como resolvo?;troca_devolucao;email;validacao
REC-02152;Queria uma orientação, ninguém responde ao protocolo, mas o sistema diz pagamento pendente, mas já paguei. Preciso de um retorno.;pagamento;app;treino
REC-02153;"O prazo mudou várias vezes; além disso, estou tentando falar com alguém há dias.";atendimento;email;teste
REC-02154;Então, a coleta da devolução não aconteceu e preciso saber o que aconteceu;troca_devolucao;app;validacao
REC-02155;Gente, também tentei abrir uma troca, mas o pedido ainda não chegou!;entrega;email;treino
REC-02156;Gente, o protocolo foi fechado sem retorno. Também aconteceu o seguinte: o sistema diz pagamento pendente, mas já paguei.;pagamento;email;validacao
REC-02157;Solicito orientação: boa tarde, a caixa veio com uma peça faltando. O que mais preciso resolver é que o atendente informou um procedimento que não funciona. Podem verificar?;atendimento;site;treino
REC-02158;Foi incluída uma taxa que nao estava prevista no meu último peddo;pagamento;chat;treino
REC-02159;GENTE, A COLETA DA DEVOLUÇÃO NÃO ACONTECEU E PRECISO SABER O QUE ACONTECEU.;troca_devolucao;site;treino
REC-02160;Bom dia, o valor cobrado está diferente do anunciado. Também aconteceu o seguinte: enviei o item de volta e ainda não confirmaram o recbimento.;troca_devolucao;site;treino
REC-02161;"O aparelho desliga sozinho e preciso saber o que aconteceu; situação observada na última compra.";produto;telefone;treino
REC-02162;Solicito orientação: alguém consegue me ajudar, também tentei abrir uma troca. O que mais preciso resolver é que a transportadora não apareceu no endereço.;entrega;app;treino
REC-02163;O produto recebido é diferente do anúncio e preciso saber o que aconteceu.;produto;email;treino
REC-02164;venho informar, a caixa veio com uma peça faltando, mas a transportadora não apareceu no endereço conseguem me orientar;entrega;chat;teste
REC-02165;Alguém consegue me ajudar, o pacote voltou para o remetente sem explicação desde ontem. Conseguem me orientar?;entrega;chat;treino
REC-02166;Gostaria de registrar, não reconheço uma cobrança relacionada ao pedido. Também aconteceu o seguinte: não sei onde acompanhar minha devolução. Agradeço se puderem olhar isso.;troca_devolucao;app;treino
REC-02167;Oi, o cupom foi aceito e depois o desconto sumiu há alguns dias.;pagamento;chat;treino
REC-02168;Venho informar, faltou um acessório dentro da caixa há alguns dias Obrigada.;produto;app;treino
REC-02169;Gente, só queria entender, o chat me transfere e ninguém assume o caso desde ontem? Podem verificar?;atendimento;telefone;teste
REC-02170;Só queria entender, o pedido ainda não chegou e, além disso, o chat não esclareceu a situação. Obrigado.;entrega;site;validacao
REC-02171;o estorno ainda está pendente o que mais preciso resolver é que o entregador marcou tentativa sem vir aqui;entrega;app;treino
REC-02172;Oi, o estorno ainda não apareceu no meu último pedido.;pagamento;email;treino
REC-02173;Oi, o aparelho desliga sozinho, mas ao mesmo tempo não consigo atendimento humano. Obrigada.;produto;site;treino
REC-02174;"O material parece danificado; mas estou tentando devolver o item.";produto;telefone;validacao
REC-02175;Gente, a transportadora não apareceu no endereço desde ontem.;entrega;site;treino
REC-02176;O produto veio usado, mas ao mesmo tempo ninguém responde minhas mensagens.;produto;site;treino
REC-02177;O tamanho não corresponde ao informado e a parcela veio com valor incorreto.;produto;app;treino
REC-02178;O pagamento foi recusado mesmo com limite desde ontem, na compra deste mês.;pagamento;app;treino
REC-02179;não consigo gerar o boleto desde ontem;pagamento;chat;treino
REC-02180;Pessoal, faltou um acessório dentro da caixa há alguns dias Fico no aguardo;produto;site;validacao
REC-02181;Queria uma orientação, o pix saiu da conta e a compra continua pendente Como resolvo?;pagamento;chat;teste
REC-02182;Boa tarde, faltou um acessório dentro da caixa há alguns dias. Preciso de um retorno.;produto;email;treino
REC-02183;solicito orientação: a encomenda está atrasada no meu último pedido.;entrega;chat;treino
REC-02184;Boa tarde, foi incluída uma taxa que não estava prevista desde ontem. Obrigado.;pagamento;chat;validacao
REC-02185;Desde a última atualização do rastreio, consta como entregue, mas não recebi desde ontem.;entrega;app;validacao
REC-02186;o protocolo foi fechado sem retorno, hoje de manhã.;atendimento;app;treino
REC-02187;Também tentei abrir uma troca, mas o pacote voltou para o remetente sem explicação.;entrega;chat;treino
REC-02188;Gente, o material parece danificado no meu último pedido;produto;app;treino
REC-02189;Registro a seguinte situação: gostaria de registrar, não reconheço uma cobrança relacionada ao pedido desde ontem. Isso pode ser verificado, por favor?;pagamento;telefone;treino
REC-02190;bom dia, a entrega também atrasou, mas não sei onde acompanhar minha devolução. obrigada.!!!;troca_devolucao;site;treino
REC-02191;"Por favor, não sei onde acompanhar minha devolução; entretanto o item também veio com uma avaria.";troca_devolucao;chat;treino
REC-02192;"Bom dia, o reembolso foi aprovado, porém não caiu; além disso, o aparelho desliga sozinho. Preciso de um retorno.";produto;email;treino
REC-02193;Oi, queria uma orientação, quero cancelar a compra e devolver o que recebi no meu último pedido. Obrigado.;troca_devolucao;email;teste
REC-02194;oi, o reembolso foi aprovado, porém n caiu e, além disso, também tentei abrir uma troca. agradeço se puderem olhar isso.;pagamento;site;validacao
REC-02195;"A ligação caiu e ninguém retomou o contato; entretanto tambem tentei abrir uma troca.";atendimento;email;validacao
REC-02196;O valor cobrado está diferente do anunciado no meu último pedido.;pagamento;email;treino
REC-02197;"o pix saiu da conta e a compra continua pendente; mas ninguém responde ao protocolo";pagamento;site;teste
REC-02198;O aparelho desliga sozinho há alguns dias.;produto;chat;treino
REC-02199;Oi, o rastreio está confuso. O que mais preciso resolver é que o sistema diz pagamento pendente, mas já paguei.;pagamento;chat;treino
REC-02200;Também tentei abrir uma troca. O que mais preciso resolver é que estou esperando a encomenda há mais tempo que o informado!;entrega;telefone;treino
REC-02201;"A resposta recebida nao tem relação com a minha dúvida; ao mesmo tempo estou tentando devolver o item.";atendimento;chat;teste
REC-02202;A cor veio diferente da escolhida há alguns dias.;produto;app;teste
REC-02203;Uma parte do kit nao veio. Também aconteceu o seguinte: o pedido ainda nao chegou.;entrega;chat;validacao
REC-02204;estou com uma dúvida, a encomenda está atrasada. fico no aguardo.;entrega;site;treino
REC-02205;O acabamento veio com marcas e preciso saber o que aconteceu?;produto;app;treino
REC-02206;O produto recebido é diferente do anúncio. Isso aconteceu desde o fim de semana.;produto;email;treino
REC-02207;também tentei abrir uma troca. o que mais preciso resolver é que o sistema diz pagamento pendente, mas já paguei.;pagamento;chat;treino
REC-02208;estou tentando falar com alguém há dias e, além disso, tbm tentei abrir uma troca!;atendimento;telefone;validacao
REC-02209;O chat me transfere e ninguém assume o caso e, além disso, também apareceu uma cobrança que não entendi.;atendimento;app;validacao
REC-02210;Por favor, pessoal, o pix saiu da conta e a compra continua pendente e o produto recebido é diferente do anúncio. Conseguem me orientar?;pagamento;telefone;treino
REC-02211;O pedido ainda não chegou, mas ao mesmo tempo o suporte pede as mesmas informações toda vez.;entrega;chat;treino
REC-02212;Solicito orientação: queria uma orientação, o modelo recebido não era exatamente o esperado, mas o reembolso foi aprovado, porém não caiu. Conseguem me orientar?;pagamento;site;treino
REC-02213;estou com uma dúvida, o sistema bloqueia a opção de devoluçao. também aconteceu o seguinte: o rastreio parou de atualizar.;entrega;chat;treino
REC-02214;Alguém consegue me ajudar, quero devolver a compra e não encontro a opção no meu último pedido Obrigado.;troca_devolucao;telefone;treino
REC-02215;O prazo mudou várias vezes no meu último pedido.;entrega;email;treino
REC-02216;alguém consegue me ajudar, o cupom foi aceito e depois o desconto sumiu e preciso saber o que aconteceu? obrigada.;pagamento;email;validacao
REC-02217;o pacote demorou a chegar o q mais preciso resolver é q quero devolver a compra e n encontro a opção;troca_devolucao;email;treino
REC-02218;Oi, também apareceu uma cobrança que não entendi. O que mais preciso resolver é que o tamanho não corresponde ao informado.;produto;app;teste
REC-02219;Olá, o tamanho não corresponde ao informado. Também aconteceu o seguinte: a troca foi aprovada, mas o novo item não foi enviado.;troca_devolucao;site;teste
REC-02220;a compra chegou depois da data em que eu precisava e preciso saber o que aconteceu;entrega;app;treino
REC-02221;a etiqueta de postagem não foi liberada e preciso saber o que aconteceu;troca_devolucao;chat;treino
REC-02222;recebi só uma parte da compra e preciso saber o que aconteceu?!;entrega;email;validacao
REC-02223;"A parcela veio com valor incorreto há alguns dias; situação observada desde ontem.";pagamento;chat;treino
REC-02224;Não consigo gerar o boleto?;pagamento;chat;treino
REC-02225;"prometeram retorno e não retornaram; além disso, o pix saiu da conta e a compra continua pendente.";pagamento;site;treino
REC-02226;o protocolo foi fechado sem retorno. Isso aconteceu desde ontem.;atendimento;email;validacao
REC-02227;alguém consegue me ajudar, a previsão de chegada passou e nada e o sistema diz pagamento pendente, mas já paguei. obrigada;entrega;app;validacao
REC-02228;Então, oi, a solicitação de devolução não avança desde ontem? Podem verificar?;troca_devolucao;email;validacao
REC-02229;O estorno ainda está pendente. O que mais preciso resolver é que o item chegou com defeito.;produto;site;treino
REC-02230;também tentei abrir uma troca, mas o rastreio parou de atualizar.;entrega;chat;treino
REC-02231;por favor, o acabamento veio com marcas no meu último pedido podem verificar;produto;site;treino
REC-02232;Queria uma orientação, foi incluída uma taxa que nao estava prevista? Fico no aguardo.;pagamento;app;validacao
REC-02233;o entregador marcou tentativa sem vir aqui. Isso aconteceu depois da atualização do pedido.;entrega;app;treino
REC-02234;Por favor, consta como entregue, mas não recebi, mas ao mesmo tempo a cor veio diferente da escolhida. Como resolvo?;entrega;email;treino
REC-02235;oi, enviei o item de volta e ainda não confirmaram o recebimento há alguns dias conseguem me orientar?;troca_devolucao;site;validacao
REC-02236;Oi, queria uma orientação, o valor foi cobrado duas vezes, mas ao mesmo tempo a troca foi aprovada, mas o novo item não foi enviado. Fico no aguardo.;pagamento;email;validacao
REC-02237;Então, a entrega também atrasou. O que mais preciso resolver é que o tamanho não corresponde ao informado.;produto;email;treino
REC-02238;Gente, o chat me transfere e ninguém assume o caso no meu último pedido?;atendimento;chat;treino
REC-02239;o entregador marcou tentativa sem vir aqui e preciso saber o q aconteceu?;entrega;telefone;teste
REC-02240;"Estou tentando falar com alguém há dias; situação observada desde o fim de semana.";atendimento;app;validacao
REC-02241;o entregador marcou tentativa sem vir aqui desde ontem. Isso aconteceu depois de alguns dias.;entrega;email;treino
REC-02242;fui tratado de forma pouco cordial desde ontem;atendimento;email;treino
REC-02243;Por favor, o produto veio usado. Também aconteceu o seguinte: a ligação caiu e ninguém retomou o contato.;atendimento;site;treino
REC-02244;Oi, preciso de ajuda, não consigo localizar onde está a encomenda e preciso saber o que aconteceu Agradeço se puderem olhar isso.;entrega;email;teste
REC-02245;o protocolo foi fechado sem retorno e, além disso, o desconto não foi aplicado!;atendimento;telefone;treino
REC-02246;O item chegou com defeito desde ontem?;produto;app;treino
REC-02247;o pagamento foi recusado mesmo com limite e preciso saber o que aconteceu?;pagamento;telefone;teste
REC-02248;"Gente, bom dia, a transportadora não apareceu no endereço; mas o item também veio com uma avaria. Obrigada.";entrega;chat;treino
REC-02249;Por favor, alguém consegue me ajudar, já postei a devolução e o status não mudou desde ontem? Conseguem me orientar?;troca_devolucao;chat;treino
REC-02250;A etiqueta de postagem não foi liberada há alguns dias, na compra feita pelo aplicativo.;troca_devolucao;app;teste
REC-02251;gostaria de registrar, a entrega também atrasou. o que mais preciso resolver é que solicitei troca e recebi instruções contraditórias. agradeço se puderem olhar isso.;troca_devolucao;chat;treino
REC-02252;A compra chegou depois da data em que eu precisava e, além disso, o chat não esclareceu a situação.;entrega;chat;validacao
REC-02253;O pacote demorou a chegar, mas a coleta da devolução não aconteceu.;troca_devolucao;email;treino
REC-02254;Por favor, o sistema bloqueia a opção de devolução. Também aconteceu o seguinte: uma parte do kit não veio. Podem verificar?;produto;site;validacao
REC-02255;Queria uma orientação, recebi só uma parte da compra e preciso saber o que aconteceu? Obrigado.;entrega;app;treino
REC-02256;"Gente, solicitei troca e recebi instruções contraditórias; além disso, o atendimento encerrou o contato sem resolver.";atendimento;app;validacao
REC-02257;O cartão foi debitado, mas o pedido não confirmou desde ontem?;pagamento;site;teste
REC-02258;Estou com uma dúvida, a encomenda está atrasada. Preciso de um retorno.;entrega;email;validacao
REC-02259;"O pacote voltou para o remetente sem explicação; só que ninguém responde ao protocolo.";entrega;chat;treino
REC-02260;"O pedido ainda não chegou; além disso, ninguém responde minhas mensagens.";atendimento;telefone;teste
REC-02261;O prazo mudou várias vezes desde ontem?;entrega;telefone;treino
REC-02262;Só queria entender, o desconto não foi aplicado. O que mais preciso resolver é que faltou um acessório dentro da caixa. Obrigada.;produto;app;treino
REC-02263;Bom dia, o sistema diz pagamento pendente, mas já paguei? Obrigado.;pagamento;telefone;treino
REC-02264;o rastreio parou de atualizar.;entrega;telefone;treino
REC-02265;"O sistema diz pagamento pendente, mas já paguei; além disso, o produto recebido é diferente do anúncio.";produto;app;treino
REC-02266;pessoal, houve problema com a transportadora o q mais preciso resolver é q a etiqueta de postagem não foi liberada conseguem me orientar;troca_devolucao;chat;treino
REC-02267;O entregador marcou tentativa sem vir aqui e, além disso, também apareceu uma cobrança que não entendi.;entrega;site;treino
REC-02268;boa tarde, a peça veio quebrada há alguns dias? obrigado!;produto;chat;teste
REC-02269;Olá, foi incluída uma taxa que não estava prevista. Também aconteceu o seguinte: meu chamado está sem atualização.;atendimento;site;teste
REC-02270;O reembolso foi aprovado, porém não caiu?;pagamento;app;treino
REC-02271;Gostaria de registrar, a previsão de chegada passou e nada Fico no aguardo.;entrega;chat;teste
REC-02272;GOSTARIA DE REGISTRAR, NINGUÉM RESPONDE AO PROTOCOLO. O QUE MAIS PRECISO RESOLVER É QUE A EMBALAGEM ESTAVA INTACTA, MAS O ITEM NÃO FUNCIONA. FICO NO AGUARDO.;produto;chat;treino
REC-02273;boa tarde, a entrega foi direcionada para outro endereço e, além disso, também tentei abrir uma troca. fico no aguardo.;entrega;email;treino
REC-02274;Gente, o valor cobrado está diferente do anunciado e preciso saber o que aconteceu;pagamento;app;treino
REC-02275;Venho informar, a troca foi aprovada, mas o novo item não foi enviado há alguns dias.;troca_devolucao;site;treino
REC-02276;quero devolver a compra e não encontro a opção no meu último pedido.;troca_devolucao;site;treino
REC-02277;Então, queria uma orientação, o cupom foi aceito e depois o desconto sumiu. Também aconteceu o seguinte: a peça veio quebrada. Como resolvo?;produto;app;treino
REC-02278;Gente, pessoal, o pagamento foi recusado mesmo com limite, mas ao mesmo tempo consta como entregue, mas não recebi. Preciso de um retorno.;pagamento;site;treino
REC-02279;Oi, estou tentando falar com alguém há dias há alguns dias. Obrigada.;atendimento;site;treino
REC-02280;Gente, oi, quero cancelar a compra e devolver o que recebi e preciso saber o que aconteceu? Agradeço se puderem olhar isso.;troca_devolucao;email;validacao
REC-02281;Então, a parcela veio com valor incorreto no meu último pedido.;pagamento;site;teste
REC-02282;o pedido ainda não chegou no meu último pedido;entrega;app;validacao
REC-02283;Solicito orientação: a compra chegou depois da data em que eu precisava?;entrega;chat;treino
REC-02284;Queria uma orientação, também tentei abrir uma troca. O que mais preciso resolver é que o aparelho desliga sozinho. Preciso de um retorno.;produto;email;teste
REC-02285;a peça veio quebrada e preciso saber o que aconteceu.!!!;produto;site;treino
REC-02286;O pacote sumiu no trajeto e preciso saber o que aconteceu;entrega;site;teste
REC-02287;ninguém responde minhas mensagens e preciso saber o que aconteceu;atendimento;chat;treino
REC-02288;"pessoal, a peça veio quebrada; além disso, solicitei troca e recebi instruções contraditórias. agradeço se puderem olhar isso.";troca_devolucao;chat;treino
REC-02289;A transportadora não apareceu no endereço há alguns dias, na compra deste mês.;entrega;app;treino
REC-02290;Por favor, a solicitação de devolução não avança, mas ao mesmo tempo o pacote voltou para o remetente sem explicação.;troca_devolucao;app;treino
REC-02291;a transportadora não apareceu no endereço no meu último pedido?;entrega;app;treino
REC-02292;faltou um acessório dentro da caixa há alguns dias. 😕;produto;site;treino
REC-02293;Gostaria de solicitar apoio: recebi informações diferentes de cada atendente e, além disso, estou tentando devolver o item.;atendimento;chat;treino
REC-02294;ENTÃO, A TRANSPORTADORA NÃO APARECEU NO ENDEREÇO E, ALÉM DISSO, O ESTORNO AINDA ESTÁ PENDENTE.;entrega;email;treino
REC-02295;O pedido ainda não chegou. Também aconteceu o seguinte: o chat me transfere e ninguém assume o caso.;atendimento;chat;treino
REC-02296;Solicito orientação: o modelo recebido não era exatamente o esperado. O que mais preciso resolver é que o prazo de troca está correndo e não consigo abrir a solicitação. Obrigado.;troca_devolucao;email;treino
REC-02297;A DEVOLUÇÃO NÃO APARECE NO SISTEMA, MAS FOI INCLUÍDA UMA TAXA QUE NÃO ESTAVA PREVISTA.;pagamento;site;treino
REC-02298;Gostaria de solicitar apoio: nao consigo gerar o boleto e preciso saber o que aconteceu;pagamento;email;teste
REC-02299;meu chamado está sem atualização e o pagamento foi recusado mesmo com limite.;atendimento;email;treino
REC-02300;gostaria de solicitar apoio: venho informar, o item apresentou problema no primeiro uso agradeço se puderem olhar isso.;produto;chat;treino
REC-02301;n consigo atendimento humano e, além disso, estou tentando devolver o item;atendimento;telefone;validacao
REC-02302;O prazo mudou várias vezes há alguns dias, na última compra.;entrega;app;treino
REC-02303;o rastreio está confuso, mas o pix saiu da conta e a compra continua pendente.;pagamento;site;treino
REC-02304;O prazo de troca está correndo e não consigo abrir a solicitação e preciso saber o que aconteceu?;troca_devolucao;chat;teste
REC-02305;O rastreio está confuso. O que mais preciso resolver é que preciso substituir o item por outro modelo;troca_devolucao;email;treino
REC-02306;o estorno ainda está pendente. o que mais preciso resolver é que uma parte do kit n veio.;produto;telefone;treino
REC-02307;boa tarde, o pagamento foi recusado mesmo com limite e, além disso, o item tbm veio com uma avaria. isso pode ser verificado, por favor?;pagamento;app;teste
REC-02308;"Oi, o atendente informou um procedimento q nao funciona; além disso, a entrega foi direcionada para outro endereço.";entrega;site;treino
REC-02309;Gostaria de registrar, o sistema diz pagamento pendente, mas já paguei e o pedido ainda não chegou.;pagamento;email;treino
REC-02310;bom dia, enviei o item de volta e ainda não confirmaram o recebimento desde ontem conseguem me orientar;troca_devolucao;app;treino
REC-02311;estou tentando devolver o item, mas a parcela veio com valor incorreto. ...;pagamento;chat;teste
REC-02312;Por favor, a cor veio diferente da escolhida desde ontem?;produto;app;treino
REC-02313;"o tamanho não corresponde ao informado há alguns dias; situação observada no pedido que fiz para casa.";produto;email;treino
REC-02314;Gostaria de registrar, a peça veio quebrada e, além disso, houve problema com a transportadora. Obrigada;produto;email;validacao
REC-02315;"Oi, a coleta da devolução não aconteceu; apesar disso o item também veio com uma avaria.";troca_devolucao;email;teste
REC-02316;Meu chamado está sem atualização;atendimento;email;treino
REC-02317;Por favor, pessoal, o acabamento veio com marcas há alguns dias Preciso de um retorno.;produto;app;teste
REC-02318;Registro a seguinte situação: o cupom foi aceito e depois o desconto sumiu há alguns dias;pagamento;app;treino
REC-02319;Oi, uma parte do kit não veio e preciso saber o que aconteceu!;produto;telefone;treino
REC-02320;Olá, boa tarde, o estorno ainda não apareceu desde ontem. Obrigado.;pagamento;email;treino
REC-02321;recebi informações diferentes de cada atendente e, além disso, também apareceu uma cobrança q não entendi.;atendimento;site;treino
REC-02322;Gostaria de solicitar apoio: a entrega foi direcionada para outro endereço desde ontem?;entrega;chat;treino
REC-02323;OLÁ, A COR VEIO DIFERENTE DA ESCOLHIDA HÁ ALGUNS DIAS.;produto;email;teste
REC-02324;"Recebi o modelo errado; além disso, não sei onde acompanhar minha devolução.";troca_devolucao;chat;teste
REC-02325;Olá, a entrega foi direcionada para outro endereço. Também aconteceu o seguinte: a resposta recebida não tem relação com a minha dúvida. Obrigada.;atendimento;telefone;treino
REC-02326;Olá, o atendente informou um procedimento que não funciona no meu último pedido?;atendimento;email;treino
REC-02327;"Por favor, gostaria de registrar, o valor foi cobrado duas vezes; entretanto o modelo recebido não era exatamente o esperado. Preciso de um retorno.";pagamento;email;treino
REC-02328;SOLICITO ORIENTAÇÃO: O PIX SAIU DA CONTA E A COMPRA CONTINUA PENDENTE;pagamento;telefone;treino
REC-02329;Por favor, ninguém responde minhas mensagens no meu último pedido;atendimento;chat;treino
REC-02330;Por favor, registro a seguinte situação: o pacote demorou a chegar, mas o produto veio usado.;produto;telefone;treino
REC-02331;Gente, pessoal, estou esperando a encomenda há mais tempo que o informado e não consigo gerar o boleto. Preciso de um retorno.;entrega;chat;validacao
REC-02332;Oi, quero devolver a compra e não encontro a opção. também aconteceu o seguinte: a compra foi cancelada, mas a cobrança permaneceu.;pagamento;app;treino
REC-02333;O atendimento encerrou o contato sem resolver no meu último peddo Obrigado.;atendimento;app;treino
REC-02334;enviei o item de volta e ainda não confirmaram o recebimento e, além disso, o modelo recebido não era exatamente o esperado. agradeço se puderem olhar isso.;troca_devolucao;telefone;treino
REC-02335;o pedido ainda não chegou e preciso saber o que aconteceu;entrega;email;treino
REC-02336;Bom dia, estou tentando devolver o item. O que mais preciso resolver é que a ligação caiu e ninguém retomou o contato. Isso pode ser verificado, por favor?;atendimento;app;treino
REC-02337;Oi, a descrição do anúncio não bate com o que chegou e a solicitação de devolução não avança.;produto;site;treino
REC-02338;preciso de ajuda, estou tentando devolver o item, mas a peça veio quebrada. como resolvo?;produto;email;validacao
REC-02339;"Olá, o reembolso foi aprovado, porém não caiu; entretanto o item também veio com uma avaria. Preciso de um retorno.";pagamento;app;teste
REC-02340;Estou com uma dúvida, o cartão foi debitado, mas o pedido não confirmou. Preciso de um retorno.;pagamento;site;teste
REC-02341;Estou tentando falar com alguém há dias. Isso aconteceu desde a última atualização do rastreio.;atendimento;site;treino
REC-02342;o atendimento encerrou o contato sem resolver há alguns dias.;atendimento;app;validacao
REC-02343;Oi, não sei onde acompanhar minha devolução e, além disso, a entrega também atrasou.;troca_devolucao;app;validacao
REC-02344;Estou tentando devolver o item, mas estou esperando a encomenda há mais tempo que o informado.;entrega;telefone;treino
REC-02345;O item também veio com uma avaria. O que mais preciso resolver é que a transportadora não apareceu no endereço. Isso aconteceu no pedido que fiz para casa.;entrega;site;treino
REC-02346;Estou tentando devolver o item. O que mais preciso resolver é que não consigo atendimento humano.;atendimento;site;treino
REC-02347;"O rastreio parou de atualizar e preciso saber o que aconteceu; situação observada no pedido que fiz para casa.";entrega;email;treino
REC-02348;A embalagem estava intacta, mas o item não funciona, depois de alguns dias.;produto;email;treino
REC-02349;Gente, o estorno ainda está pendente, mas a previsão de chegada passou e nada.;entrega;chat;treino
REC-02350;Venho informar, não sei onde acompanhar minha devolução. Também aconteceu o seguinte: a resposta recebida não tem relação com a minha dúvida. Conseguem me orientar?;atendimento;site;treino
REC-02351;por favor, o desconto não foi aplicado, mas a solicitação de devolução não avança. obrigada.;troca_devolucao;chat;treino
REC-02352;Por favor, a solicitação de devolução não avança e, além disso, o chat não esclareceu a situação.;troca_devolucao;site;teste
REC-02353;A compra foi cancelada, mas a cobrança permaneceu. Também aconteceu o seguinte: o suporte pede as mesmas informações toda vez.;atendimento;site;validacao
REC-02354;Solicito orientação: o cupom foi aceito e depois o desconto sumiu;pagamento;app;validacao
REC-02355;A encomenda está atrasada há alguns dias;entrega;site;validacao
REC-02356;o prazo mudou várias vezes. também aconteceu o seguinte: o produto recebido é diferente do anúncio.;produto;email;treino
REC-02357;O protocolo foi fechado sem retorno desde ontem;atendimento;chat;teste
REC-02358;"Recebi informações diferentes de cada atendente; só que o item também veio com uma avaria.";atendimento;site;treino
REC-02359;E ainda não consigo retorno no atendimento, mas a parcela veio com valor incorreto.;pagamento;chat;treino
REC-02360;"Olá, quero devolver a compra e não encontro a opção; além disso, a encomenda está atrasada. Agradeço se puderem olhar isso.";entrega;site;treino
REC-02361;Preciso de ajuda, o prodto veio usado desde ontem. Preciso de um retorno.;produto;chat;treino
REC-02362;o produto recebido é diferente do anúncio e, além disso, também apareceu uma cobrança que n entendi.;produto;telefone;treino
REC-02363;o material parece danificado e, além disso, o rastreio está confuso!;produto;site;treino
REC-02364;O cartão foi debitado, mas o peddo não confirmou desde ontem!;pagamento;site;validacao
REC-02365;"Venho informar, o rastreio está confuso. O que mais preciso resolver é que o estorno ainda nao apareceu. Preciso de um retorno; preciso de retorno.";pagamento;site;treino
REC-02366;O material parece danificado, mas ao mesmo tempo a etiqueta de postagem não foi liberada.;produto;site;treino
REC-02367;Olá, o pacote voltou para o remetente sem explicação desde ontem Isso pode ser verificado, por favor?;entrega;app;treino
REC-02368;"o reembolso foi aprovado, porém não caiu; além disso, o chat me transfere e ninguém assume o caso.";atendimento;telefone;treino
REC-02369;Solicitei troca e recebi instruções contraditórias?;troca_devolucao;site;treino
REC-02370;O material parece danificado há alguns dias, desde a semana passada.;produto;site;treino
REC-02371;O pix saiu da conta e a compra continua pendente e preciso saber o que aconteceu;pagamento;telefone;treino
REC-02372;O desconto não foi aplicado. O que mais preciso resolver é que a entrega foi direcionada para outro endereço.;entrega;telefone;treino
REC-02373;a encomenda está atrasada, mas ao mesmo tempo o tamanho n corresponde ao informado.;entrega;site;treino
REC-02374;o reembolso foi aprovado, porém não caiu há alguns dias;pagamento;chat;teste
REC-02375;O chat não esclareceu a situação, mas o cupom foi aceito e depois o desconto sumiu.;pagamento;email;treino
REC-02376;não sei onde acompanhar minha devolução?;troca_devolucao;site;treino
REC-02377;"a resposta recebida não tem relação com a minha dúvida; mas o desconto não foi aplicado";atendimento;site;treino
REC-02378;"Olá, o reembolso foi aprovado, porém não caiu; entretanto a devolução não aparece no sistema. Isso pode ser verificado, por favor?";pagamento;email;teste
REC-02379;Olá, ninguém responde ao protocolo, mas o pacote voltou para o remetente sem explicação.;entrega;telefone;treino
REC-02380;"Estou tentando devolver o item. O que mais preciso resolver é que o protocolo foi fechado sem retorno; situação observada hoje de manhã.";atendimento;site;validacao
REC-02381;"Oi, oi, já postei a devolução e o status não mudou; porém o chat não esclareceu a situação. Podem verificar?";troca_devolucao;telefone;treino
REC-02382;O pix saiu da conta e a compra continua pendente no meu último pedido? Como resolvo?;pagamento;telefone;treino
REC-02383;Oi, não consigo atendimento humano e, além disso, estou tentando devolver o item.;atendimento;site;validacao
REC-02384;"Por favor, a parcela veio com valor incorreto; além disso, o aparelho desliga sozinho. Agradeço se puderem olhar isso.";produto;site;treino
REC-02385;Então, o tamanho não corresponde ao informado.;produto;email;treino
REC-02386;"Gostaria de solicitar apoio: uma parte do kit não veio; além disso, recebi só uma parte da compra.";entrega;chat;teste
REC-02387;Por favor, preciso de ajuda, o prazo mudou várias vezes desde ontem? Podem verificar?;entrega;telefone;treino
REC-02388;O desconto não foi aplicado. O que mais preciso resolver é que a peça veio quebrada;produto;app;treino
REC-02389;Meu chamado está sem atualização. Também aconteceu o seguinte: a descrição do anúncio não bate com o que chegou.;produto;site;validacao
REC-02390;Então, o prazo mudou várias vezes no meu último pedido?;entrega;chat;treino
REC-02391;"Gente, queria uma orientação, o material parece danificado; porém e ainda não consigo retorno no atendimento. Obrigada.";produto;app;treino
REC-02392;Solicito orientação: bom dia, o reembolso foi aprovado, porém não caiu desde ontem Preciso de um retorno.;pagamento;app;validacao
REC-02393;Olá, por favor, meu chamado está sem atualização? Fico no aguardo.;atendimento;telefone;treino
REC-02394;o pix saiu da conta e a compra continua pendente e solicitei troca e recebi instruções contraditórias.;pagamento;app;teste
REC-02395;Olá, a encomenda está atrasada e a solicitação de devolução não avança;entrega;telefone;treino
REC-02396;OLÁ, O PROTOCOLO FOI FECHADO SEM RETORNO?;atendimento;email;treino
REC-02397;alguém consegue me ajudar, o cupom foi aceito e depois o desconto sumiu e preciso saber o que aconteceu preciso de um retorno;pagamento;email;treino
REC-02398;estou com uma dúvida, o prazo de troca está correndo e não consigo abrir a solicitação no meu último pedido? isso pode ser verificado, por favor?;troca_devolucao;chat;treino
REC-02399;Gostaria de solicitar apoio: a etiqueta de postagem não foi liberada desde ontem;troca_devolucao;email;teste
REC-02400;O tamanho não corresponde ao informado, hoje de manhã.;produto;app;validacao
REC-02401;o material parece danificado desde ontem;produto;telefone;treino
REC-02402;Também apareceu uma cobrança que não entendi. O que mais preciso resolver é que uma parte do kit não veio.;produto;site;treino
REC-02403;Boa tarde, recebi informações diferentes de cada atendente;atendimento;telefone;treino
REC-02404;Bom dia, o pix saiu da conta e a compra continua pendente e preciso saber o que aconteceu Como resolvo?;pagamento;telefone;treino
REC-02405;Oi, fui tratado de forma pouco cordial e o prazo mudou várias vezes.;atendimento;chat;teste
REC-02406;Oi, por favor, o sistema diz pagamento pendente, mas já paguei no meu último pedido? Obrigado.;pagamento;telefone;treino
REC-02407;Por favor, boa tarde, o pagamento foi recusado mesmo com limite e preciso saber o que aconteceu. Obrigada.;pagamento;site;treino
REC-02408;Preciso de ajuda, o desconto não foi aplicado. O que mais preciso resolver é que solicitei troca e recebi instruções contraditórias. Obrigado.;troca_devolucao;site;treino
REC-02409;o pacote voltou para o remetente sem explicação?;entrega;app;treino
REC-02410;O estorno ainda esta pendente, mas o atendimento encerrou o contato sem resolver.;atendimento;chat;validacao
REC-02411;Oi, recebi informações diferentes de cada atendente desde ontem;atendimento;chat;treino
REC-02412;Não consigo localizar onde está a encomenda e, além disso, também apareceu uma cobrança que não entendi.;entrega;telefone;teste
REC-02413;A previsão de chegada passou e nada há alguns dias;entrega;chat;validacao
REC-02414;Olá, por favor, a ligação caiu e ninguém retomou o contato desde ontem. Fico no aguardo.;atendimento;app;treino
REC-02415;alguém consegue me ajudar, a caixa veio com uma peça faltando, mas a previsão de chegada passou e nada fico no aguardo;entrega;email;treino
REC-02416;Estou esperando a encomenda há mais tempo que o informado, mas ao mesmo tempo nao consigo atendimento humano.;entrega;email;validacao
REC-02417;não reconheço uma cobrança relacionada ao pedido e, além disso, a devolução não aparece no sistema.;pagamento;email;treino
REC-02418;"solicitei troca e recebi instruções contraditórias; além disso, a compra chegou depois da data em que eu precisava. conseguem me orientar?";entrega;telefone;treino
REC-02419;alguém consegue me ajudar, o item também veio com uma avaria, mas não consigo atendimento humano. fico no aguardo.;atendimento;site;treino
REC-02420;Registro a seguinte situação: o estorno ainda não apareceu, mas ao mesmo tempo enviei o item de volta e ainda não confirmaram o recebimento.;pagamento;site;treino
REC-02421;Gente, o valor foi cobrado duas vezes, mas ao mesmo tempo a troca foi aprovada, mas o novo item não foi enviado.;pagamento;chat;treino
REC-02422;Desde o fim de semana, olá, a peça veio quebrada desde ontem.;produto;app;treino
REC-02423;O produto recebido é diferente do anúncio desde ontem?;produto;telefone;validacao
REC-02424;Por favor, boa tarde, não consigo localizar onde está a encomenda no meu último peddo.;entrega;telefone;treino
REC-02425;a ligação caiu e ninguém retomou o contato e preciso saber o que aconteceu;atendimento;email;treino
REC-02426;pessoal, prometeram retorno e não retornaram no meu último pedido como resolvo?;atendimento;email;treino
REC-02427;Boa tarde, quero devolver a compra e não encontro a opção? Isso pode ser verificado, por favor?;troca_devolucao;chat;treino
REC-02428;"faltou um acessório dentro da caixa; e o estorno ainda está pendente.";produto;chat;validacao
REC-02429;"também tentei abrir uma troca. o que mais preciso resolver é que o tamanho não corresponde ao informado; preciso de retorno.";produto;site;treino
REC-02430;o cupom foi aceito e depois o desconto sumiu.;pagamento;app;treino
REC-02431;o protocolo foi fechado sem retorno e preciso trocar o tamanho recebido.;atendimento;chat;treino
REC-02432;O reembolso foi aprovado, porém não caiu há alguns dias?;pagamento;email;teste
REC-02433;Registro a seguinte situação: também apareceu uma cobrança que não entendi, mas o protocolo foi fechado sem retorno.;atendimento;chat;treino
REC-02434;"o suporte pede as mesmas informações toda vez; além disso, o pacote voltou pra o remetente sem explicação";entrega;site;treino
REC-02435;o item tbm veio com uma avaria. o que mais preciso resolver é que a encomenda está atrasada.;entrega;chat;treino
REC-02436;Gente, preciso trocar o tamanho recebido e, além disso, o estorno ainda está pendente.;troca_devolucao;telefone;treino
REC-02437;a descrição do anúncio não bate com o que chegou há alguns dias?;produto;telefone;treino
REC-02438;Gostaria de solicitar apoio: o prazo mudou várias vezes e, além disso, e ainda não consigo retorno no atendimento.;entrega;email;treino
REC-02439;Olá, solicitei troca e recebi instruções contraditórias no meu último pedido;troca_devolucao;app;teste
REC-02440;Oi, quero devolver a compra e não encontro a opção e preciso saber o que aconteceu;troca_devolucao;site;teste
REC-02441;a devolução não aparece no sistema o q mais preciso resolver é q não consigo gerar o boleto;pagamento;email;treino
REC-02442;Oi, o item também veio com uma avaria. O que mais preciso resolver é que não consigo gerar o boleto. Fico no aguardo.;pagamento;site;validacao
REC-02443;Boa tarde, o prazo de troca está correndo e não consigo abrir a solicitação. Também aconteceu o seguinte: consta como entregue, mas não recebi. Isso pode ser verificado, por favor?;entrega;telefone;treino
REC-02444;Solicito orientação: preciso de ajuda, estou esperando a encomenda há mais tempo que o informado no meu último pedido Podem verificar?;entrega;chat;treino
REC-02445;a devolução não aparece no sistema o q mais preciso resolver é q recebi informações diferentes de cada atendente;atendimento;app;treino
REC-02446;preciso substituir o item por outro modelo;troca_devolucao;telefone;treino
REC-02447;A previsão de chegada passou e nada no meu último pedido?;entrega;site;treino
REC-02448;Oi, o aparelho desliga sozinho desde ontem;produto;telefone;treino
REC-02449;Alguém consegue me ajudar, o entregador marcou tentativa sem vir aqui e, além disso, a devolução não aparece no sistema. Podem verificar?;entrega;app;validacao
REC-02450;"Gente, boa tarde, a troca foi aprovada, mas o novo item não foi enviado; além disso, o valor cobrado está diferente do anunciado. Isso pode ser verificado, por favor?";pagamento;telefone;treino
REC-02451;O pagamento foi recusado mesmo com limite e preciso saber o que aconteceu;pagamento;telefone;treino
REC-02452;O item apresentou problema no primeiro uso Isso pode ser verificado, por favor?;produto;site;validacao
REC-02453;Então, e ainda não consigo retorno no atendimento, mas a cor veio diferente da escolhida.;produto;email;treino
REC-02454;a encomenda está atrasada.;entrega;app;treino
REC-02455;O tamanho não corresponde ao informado no meu último pedido. Isso aconteceu na compra feita pelo aplicativo.;produto;site;treino
REC-02456;Boa tarde, quero cancelar a compra e devolver o que recebi e preciso saber o que aconteceu? Isso pode ser verificado, por favor?;troca_devolucao;app;treino
REC-02457;Solicito orientação: a cor veio diferente da escolhida, mas ao mesmo tempo a transportadora não apareceu no endereço.;produto;chat;treino
REC-02458;"o pedido ainda não chegou; ao mesmo tempo também tentei abrir uma troca.";entrega;app;treino
REC-02459;Só queria entender, quero devolver a compra e não encontro a opção no meu último pedido Obrigado.;troca_devolucao;telefone;treino
REC-02460;Olá, não sei onde acompanhar minha devoluçao e preciso saber o que aconteceu.;troca_devolucao;app;treino
REC-02461;Preciso de ajuda, o modelo recebido não era exatamente o esperado, mas recebi só uma parte da compra!;entrega;chat;treino
REC-02462;O modelo recebido não era exatamente o esperado, mas o reembolso foi aprovado, porém não caiu.;pagamento;email;teste
REC-02463;o pacote demorou a chegar, mas o pix saiu da conta e a compra continua pendente!;pagamento;email;validacao
REC-02464;a troca foi aprovada, mas o novo item não foi enviado há alguns dias;troca_devolucao;telefone;treino
REC-02465;o valor foi cobrado duas vezes desde ontem;pagamento;chat;treino
REC-02466;Por favor, por favor, a solicitação de devolução não avança. Também aconteceu o seguinte: o tamanho não corresponde ao informado. Preciso de um retorno.;produto;email;teste
REC-02467;Gente, queria uma orientação, o pacote sumiu no trajeto e preciso saber o que aconteceu. Preciso de um retorno!;entrega;app;treino
REC-02468;"Gente, boa tarde, a encomenda está atrasada; além disso, o prazo de troca está correndo e não consigo abrir a solicitação. Obrigado!";troca_devolucao;site;treino
REC-02469;"QUERIA UMA ORIENTAÇÃO, ENVIEI O ITEM DE VOLTA E AINDA NÃO CONFIRMARAM O RECBIMENTO; ENTRETANTO O CHAT NÃO ESCLARECEU A SITUAÇÃO. OBRIGADA.";troca_devolucao;app;treino
REC-02470;"O sistema diz pagamento pendente, mas já paguei; e também tentei abrir uma troca.";pagamento;app;treino
REC-02471;Gente, o acabamento veio com marcas;produto;email;treino
REC-02472;"Gente, o chat me transfere e ninguém assume o caso; mas também apareceu uma cobrança que não entendi!";atendimento;email;treino
REC-02473;bom dia, o prazo mudou várias vezes e a compra foi cancelada, mas a cobrança permaneceu. conseguem me orientar?;entrega;chat;treino
REC-02474;e ainda não consigo retorno no atendimento o que mais preciso resolver é que solicitei troca e recebi instruções contraditórias;troca_devolucao;email;treino
REC-02475;fui tratado de forma pouco cordial.;atendimento;telefone;validacao
REC-02476;A COR VEIO DIFERENTE DA ESCOLHIDA DESDE ONTEM. 😕;produto;app;treino
REC-02477;A troca foi aprovada, mas o novo item não foi enviado e meu chamado está sem atualização.;troca_devolucao;site;treino
REC-02478;Gostaria de registrar, ninguém responde ao protocolo. O que mais preciso resolver é que foi incluída uma taxa que não estava prevista. Preciso de um retorno.;pagamento;telefone;treino
REC-02479;Gostaria de solicitar apoio: preciso trocar o tamanho recebido e preciso saber o que aconteceu?;troca_devolucao;chat;treino
REC-02480;;produto;app;treino
REC-02481;Estou tentando devolver o item, mas o valor cobrado está diferente do anunciado.;pagamento;telefone;validacao
REC-02482;O sistema diz pagamento pendente, mas já paguei desde ontem, na compra feita pelo aplicativo.;pagamento;chat;treino
REC-02483;O item também veio com uma avaria. O que mais preciso resolver é que não consigo gerar o boleto.;pagamento;app;treino
REC-02484;O prazo mudou várias vezes e, além disso, o estorno ainda está pendente!;entrega;chat;treino
REC-02485;O sistema diz pagamento pendente, mas já paguei há alguns dias;pagamento;telefone;treino
REC-02486;Não consigo gerar o boleto no meu último pedido.;pagamento;email;treino
REC-02487;Pessoal, preciso trocar o tamanho recebido e, além disso, o chat não esclareceu a situação. Podem verificar?;troca_devolucao;app;validacao
REC-02488;Gostaria de solicitar apoio: o desconto não foi aplicado. O que mais preciso resolver é que o item chegou com defeito.;produto;chat;treino
REC-02489;O acabamento veio com marcas, mas ao mesmo tempo não sei onde acompanhar minha devolução.;produto;chat;validacao
REC-02490;Gente, nao consigo localizar onde está a encomenda no meu último pedido.;entrega;telefone;validacao
REC-02491;"Enviei o item de volta e ainda nao confirmaram o recbimento; apesar disso o item também veio com uma avaria!";troca_devolucao;chat;treino
REC-02492;"Só queria entender, a troca foi aprovada, mas o novo item não foi enviado; apesar disso o desconto não foi aplicado. Conseguem me orientar?";troca_devolucao;chat;treino
REC-02493;Gostaria de solicitar apoio: a encomenda está atrasada e preciso saber o que aconteceu;entrega;chat;treino
REC-02494;a descrição do anúncio n bate com o que chegou no meu último pedido;produto;telefone;treino
REC-02495;Olá, alguém consegue me ajudar, o estorno ainda está pendente, mas uma parte do kit não veio. Fico no aguardo.;produto;chat;treino
REC-02496;por favor, recebi informações diferentes de cada atendente? como resolvo?;atendimento;app;treino
REC-02497;O desconto não foi aplicado, mas a ligação caiu e ninguém retomou o contato!;atendimento;chat;teste
REC-02498;O PRAZO MUDOU VÁRIAS VEZES E PRECISO SABER O QUE ACONTECEU;entrega;email;treino
REC-02499;;produto;email;treino
REC-02500;"O modelo recebido não era exatamente o esperado, mas recebi só uma parte da compra; situação observada depois da atualização do pedido.";entrega;site;teste
REC-02501;gostaria de registrar, ninguém responde ao protocolo, mas o prazo mudou várias vezes.;entrega;telefone;validacao
REC-02502;Pessoal, o acabamento veio com marcas no meu último pedido. Conseguem me orientar?;produto;app;treino
REC-02503;bom dia, o material parece danificado. também aconteceu o seguinte: a encomenda está atrasada. preciso de um retorno.!!!!;entrega;email;validacao
REC-02504;só queria entender, a compra foi cancelada, mas a cobrança permaneceu obrigada!;pagamento;site;treino
REC-02505;O item também veio com uma avaria, mas a previsão de chegada passou e nada.;entrega;chat;treino
REC-02506;Por favor, só queria entender, o pedido ainda não chegou desde ontem. Agradeço se puderem olhar isso;entrega;site;treino
REC-02507;Então, prometeram retorno e não retornaram. Também aconteceu o seguinte: o material parece danificado.;produto;telefone;validacao
REC-02508;gente, não reconheço uma cobrança relacionada ao peddo há alguns dias;pagamento;email;treino
REC-02509;Gente, o sistema bloqueia a opção de devolução desde ontem.;troca_devolucao;app;treino
REC-02510;"Oi, o item chegou com defeito; além disso, a solicitação de devolução não avança. Preciso de um retorno.";troca_devolucao;telefone;treino
REC-02511;Preciso trocar o tamanho recebido e preciso saber o que aconteceu.;troca_devolucao;site;treino
REC-02512;bom dia, solicitei troca e recebi instruções contraditórias e preciso saber o que aconteceu. conseguem me orientar?;troca_devolucao;site;treino
REC-02513;Olá, o prazo mudou várias vezes e preciso saber o que aconteceu.;entrega;app;validacao
REC-02514;enviei o item de volta e ainda não confirmaram o recebimento e uma parte do kit não veio.;troca_devolucao;email;treino
REC-02515;Registro a seguinte situação: o valor cobrado está diferente do anunciado e, além disso, a caixa veio com uma peça faltando.;pagamento;email;treino
REC-02516;A transportadora não apareceu no endereço e preciso saber o que aconteceu.;entrega;app;teste
REC-02517;Alguém consegue me ajudar, recebi informações diferentes de cada atendente e a entrega foi direcionada para outro endereço. Fico no aguardo.;atendimento;app;treino
REC-02518;O valor cobrado está diferente do anunciado, mas ao mesmo tempo não sei onde acompanhar minha devolução.;pagamento;app;treino
REC-02519;alguém consegue me ajudar, o item chegou com defeito. preciso de um retorno.;produto;site;validacao
REC-02520;Por favor, estou tentando falar com alguém há dias. Também aconteceu o seguinte: não consigo localizar onde está a encomenda. Preciso de um retorno.;entrega;email;treino
REC-02521;Oi, o prazo mudou várias vezes e preciso saber o que aconteceu;entrega;app;treino
REC-02522;Gostaria de solicitar apoio: recebi só uma parte da compra desde ontem.;entrega;email;treino
REC-02523;A embalagem estava intacta, mas o item não funciona.;produto;chat;validacao
REC-02524;Depois de alguns dias, o produto recebido é diferente do anúncio.;produto;telefone;treino
REC-02525;Registro a seguinte situação: por favor, o modelo recebido não era exatamente o esperado, mas o pagamento foi recusado mesmo com limite. Obrigado.;pagamento;telefone;treino
REC-02526;Prometeram retorno e não retornaram e preciso saber o que aconteceu;atendimento;app;treino
REC-02527;Boa tarde, o produto recebido é diferente do anúncio Obrigado.;produto;email;treino
REC-02528;Oi, oi, queria uma orientação, o produto veio usado no meu último pedido.;produto;app;treino
REC-02529;Oi, gostaria de registrar, foi incluída uma taxa que não estava prevista, mas ao mesmo tempo preciso substituir o item por outro modelo. Conseguem me orientar?;pagamento;email;treino
REC-02530;O tamanho não corresponde ao informado.;produto;telefone;teste
REC-02531;Pessoal, o reembolso foi aprovado, porém não caiu no meu último pedido? Obrigado.;pagamento;site;validacao
REC-02532;Solicito orientação: a parcela veio com valor incorreto e preciso saber o que aconteceu.;pagamento;app;treino
REC-02533;o item também veio com uma avaria, mas o chat me transfere e ninguém assume o caso.;atendimento;site;treino
REC-02534;Registro a seguinte situação: o tamanho não corresponde ao informado e preciso saber o que aconteceu?;produto;chat;treino
REC-02535;Gostaria de solicitar apoio: a resposta recebida não tem relação com a minha dúvida no meu último pedido Podem verificar?;atendimento;chat;teste
REC-02536;"boa tarde, o valor foi cobrado duas vezes; além disso, já postei a devolução e o status n mudou. podem verificar?";troca_devolucao;site;treino
REC-02537;O produto recebido é diferente do anúncio desde ontem;produto;email;treino
REC-02538;estou tentando devolver o item. o que mais preciso resolver é que o material parece danificado.;produto;site;teste
REC-02539;"o aparelho desliga sozinho; além disso, a etiqueta de postagem não foi liberada";troca_devolucao;telefone;validacao
REC-02540;Registro a seguinte situação: o modelo recebido não era exatamente o esperado. O que mais preciso resolver é que o entregador marcou tentativa sem vir aqui.;entrega;telefone;treino
REC-02541;A entrega também atrasou, mas enviei o item de volta e ainda não confirmaram o recebimento.;troca_devolucao;email;teste
REC-02542;Então, venho informar, a cor veio diferente da escolhida no meu último pedido. Agradeço se puderem olhar isso.;produto;site;teste
REC-02543;Também tentei abrir uma troca, mas recebi só uma parte da compra.;entrega;telefone;treino
REC-02544;também apareceu uma cobrança que n entendi o que mais preciso resolver é que a previsão de chegada passou e nada;entrega;app;treino
REC-02545;"A transportadora não apareceu no endereço há alguns dias, na compra deste mês; preciso de retorno.";entrega;site;treino
REC-02546;"A resposta recebida não tem relação com a minha dúvida; e o modelo recebido não era exatamente o esperado.";atendimento;chat;validacao
REC-02547;"Olá, o item apresentou problema no primeiro uso e não consigo localizar onde está a encomenda; preciso de retorno.";produto;chat;treino
REC-02548;Registro a seguinte situação: não consigo gerar o boleto há alguns dias;pagamento;site;treino
REC-02549;O desconto não foi aplicado, mas o pacote voltou para o remetente sem explicação.;entrega;telefone;treino
REC-02550;"Então, olá, a resposta recebida não tem relação com a minha dúvida; e a devolução não aparece no sistema. Obrigada";atendimento;chat;validacao
REC-02551;"gostaria de registrar, a coleta da devolução n aconteceu; e e ainda n consigo retorno no atendimento.";troca_devolucao;site;validacao
REC-02552;"A coleta da devolução não aconteceu; ao mesmo tempo a caixa veio com uma peça faltando!";troca_devolucao;app;treino
REC-02553;Registro a seguinte situação: só queria entender, a entrega foi direcionada para outro endereço, mas ao mesmo tempo recebi o modelo errado. Fico no aguardo.;entrega;site;validacao
REC-02554;A parcela veio com valor incorreto;pagamento;email;treino
REC-02555;Então, preciso de ajuda, a solicitação de devoluçao não avança e estou esperando a encomenda há mais tempo que o informado. Conseguem me orientar?;troca_devolucao;chat;teste
REC-02556;bom dia, preciso trocar o tamanho recebido. também aconteceu o seguinte: o acabamento veio com marcas.;produto;app;treino
REC-02557;"O protocolo foi fechado sem retorno; mas houve problema com a transportadora.";atendimento;app;teste
REC-02558;Boa tarde, o atendente informou um procedimento que não funciona no meu último pedido;atendimento;telefone;treino
REC-02559;Olá, o chat não esclareceu a situação. O que mais preciso resolver é que recebi só uma parte da compra.;entrega;telefone;validacao
REC-02560;Uma parte do kit não veio desde ontem.;produto;telefone;treino
REC-02561;preciso de ajuda, preciso substituir o item por outro modelo e, além disso, houve problema com a transportadora. isso pode ser verificado, por favor?;troca_devolucao;app;treino
REC-02562;o pacote sumiu no trajeto há alguns dias;entrega;site;treino
REC-02563;houve problema com a transportadora, mas o produto recebido é diferente do anúncio.;produto;site;treino
REC-02564;o modelo recebido não era exatamente o esperado. o que mais preciso resolver é que não consigo atendimento humano.;atendimento;chat;treino
REC-02565;o estorno ainda esta pendente, mas o item apresentou problema no primeiro uso. 😕;produto;chat;treino
REC-02566;Gostaria de solicitar apoio: olá, ninguém responde minhas mensagens há alguns dias? Conseguem me orientar?;atendimento;site;treino
REC-02567;Oi, o estorno ainda está pendente, mas solicitei troca e recebi instruções contraditórias.;troca_devolucao;chat;treino
REC-02568;"Oi, o pacote sumiu no trajeto; apesar disso a caixa veio com uma peça faltando.";entrega;app;treino
REC-02569;O prazo de troca está correndo e não consigo abrir a solicitação e, além disso, o estorno ainda está pendente.;troca_devolucao;site;treino
REC-02570;Gente, o tamanho não corresponde ao informado. Também aconteceu o seguinte: a parcela veio com valor incorreto.;pagamento;telefone;treino
REC-02571;o pacote demorou a chegar, mas a cor veio diferente da escolhida.;produto;email;treino
REC-02572;O item também veio com uma avaria. O que mais preciso resolver é que a encomenda está atrasada.;entrega;site;treino
REC-02573;Meu chamado está sem atualização desde ontem?;atendimento;telefone;treino
REC-02574;Olá, o acabamento veio com marcas e preciso saber o que aconteceu;produto;site;treino
REC-02575;Oi, estou com uma dúvida, o acabamento veio com marcas desde ontem. Agradeço se puderem olhar isso.;produto;telefone;treino
REC-02576;"O cupom foi aceito e depois o desconto sumiu; entretanto a entrega também atrasou.";pagamento;email;treino
REC-02577;"o produto recebido é diferente do anúncio; porém o pacote demorou a chegar.";produto;site;treino
REC-02578;Olá, o modelo recbido não era exatamente o esperado, mas consta como entregue, mas não recbi.;entrega;chat;treino
REC-02579;O acabamento veio com marcas há alguns dias.;produto;chat;treino
REC-02580;Gente, a parcela veio com valor incorreto e preciso saber o que aconteceu;pagamento;email;treino
REC-02581;não consigo atendimento humano e, além disso, o modelo recebido não era exatamente o esperado.;atendimento;site;treino
REC-02582;Gente, venho informar, fui tratado de forma pouco cordial há alguns dias.;atendimento;email;teste
REC-02583;Prometeram retorno e não retornaram. Também aconteceu o seguinte: o pedido ainda não chegou.;entrega;chat;treino
REC-02584;"A compra foi cancelada, mas a cobrança permaneceu; mas o modelo recebido não era exatamente o esperado. Obrigada.";pagamento;chat;validacao
REC-02585;Por favor, a entrega foi direcionada para outro endereço no meu último pedido;entrega;app;validacao
REC-02586;O pagamento foi recusado mesmo com limite no meu último peddo?;pagamento;telefone;validacao
REC-02587;A embalagem estava intacta, mas o item não funciona desde ontem?;produto;telefone;treino
REC-02588;O MATERIAL PARECE DANIFICADO DESDE ONTEM?;produto;app;treino
REC-02589;não consigo gerar o boleto e, além disso, estou tentando devolver o item.;pagamento;app;treino
REC-02590;O ITEM CHEGOU COM DEFEITO. TAMBÉM ACONTECEU O SEGUINTE: O PACOTE VOLTOU PARA O REMETENTE SEM EXPLICAÇÃO.;entrega;telefone;treino
REC-02591;Hoje de manhã, o cartão foi debitado, mas o pedido não confirmou há alguns dias.;pagamento;app;teste
REC-02592;"A embalagem estava intacta, mas o item não funciona; além disso, não sei onde acompanhar minha devolução.";troca_devolucao;email;treino
REC-02593;Gostaria de registrar, recebi informações diferentes de cada atendente e o pix saiu da conta e a compra continua pendente. Podem verificar?;atendimento;site;treino
REC-02594;tbm tentei abrir uma troca, mas foi incluída uma taxa que não estava prevista.;pagamento;site;treino
REC-02595;"Por favor, recebi só uma parte da compra; entretanto também tentei abrir uma troca. Conseguem me orientar?";entrega;site;treino
REC-02596;Solicito orientação: o rastreio está confuso, mas faltou um acessório dentro da caixa.;produto;telefone;teste
REC-02597;estou esperando a encomenda há mais tempo q o informado há alguns dias ...;entrega;app;teste
REC-02598;Pessoal, a transportadora não apareceu no endereço no meu último pedido Fico no aguardo.;entrega;chat;treino
REC-02599;Estou com uma dúvida, a previsão de chegada passou e nada e, além disso, o item também veio com uma avaria. Fico no aguardo.;entrega;app;treino
REC-02600;Por favor, a compra foi cancelada, mas a cobrança permaneceu há alguns dias?;pagamento;telefone;treino
REC-02601;Gente, gostaria de registrar, a descrição do anúncio não bate com o que chegou no meu último pedido Isso pode ser verificado, por favor?;produto;app;treino
REC-02602;prometeram retorno e nao retornaram, mas ao mesmo tempo o pacote sumiu no trajeto.;atendimento;telefone;validacao
REC-02603;Gostaria de solicitar apoio: boa tarde, a encomenda está atrasada? Preciso de um retorno.;entrega;app;treino
REC-02604;o estorno ainda está pendente. o que mais preciso resolver é que consta como entregue, mas não recbi.;entrega;email;treino
REC-02605;o item chegou com defeito no meu último pedido. Isso aconteceu no pedido que fiz para casa.;produto;telefone;validacao
REC-02606;o estorno ainda não apareceu há alguns dias;pagamento;app;treino
REC-02607;só queria entender, n reconheço uma cobrança relacionada ao pedido obrigada.;pagamento;site;treino
REC-02608;Por favor, o desconto não foi aplicado. O que mais preciso resolver é que a solicitação de devolução não avança;troca_devolucao;telefone;treino
REC-02609;alguém consegue me ajudar, ninguém responde ao protocolo, mas já postei a devolução e o status não mudou. conseguem me orientar?;troca_devolucao;app;treino
REC-02610;Solicito orientação: preciso substituir o item por outro modelo há alguns dias.;troca_devolucao;chat;validacao
REC-02611;Olá, recebi o modelo errado. Também aconteceu o seguinte: o protocolo foi fechado sem retorno. Agradeço se puderem olhar isso.;atendimento;site;treino
REC-02612;O desconto não foi aplicado. O que mais preciso resolver é que estou esperando a encomenda há mais tempo que o informado.;entrega;email;validacao
REC-02613;Estou com uma dúvida, o rastreio parou de atualizar Isso pode ser verificado, por favor?;entrega;telefone;teste
REC-02614;Gente, a cor veio diferente da escolhida e a solicitação de devolução não avança.;produto;chat;treino
REC-02615;Então, o modelo recebido não era exatamente o esperado. O que mais preciso resolver é que a encomenda está atrasada.;entrega;chat;treino
REC-02616;bom dia, o pacote voltou para o remetente sem explicação? preciso de um retorno.;entrega;app;teste
REC-02617;só queria entender, o suporte pede as mesmas informações toda vez e, além disso, o estorno ainda está pendente. preciso de um retorno.;atendimento;site;treino
REC-02618;Oi, a entrega foi direcionada para outro endereço há alguns dias;entrega;email;treino
REC-02619;boa tarde, o rastreio está confuso. o que mais preciso resolver é que quero devolver a compra e não encontro a opção. preciso de um retorno.;troca_devolucao;telefone;treino
REC-02620;Estou com uma dúvida, estou esperando a encomenda há mais tempo que o informado desde ontem? Obrigada;entrega;site;teste
REC-02621;só queria entender, a parcela veio com valor incorreto no meu último pedido obrigado.;pagamento;site;treino
REC-02622;"A etiqueta de postagem não foi liberada; além disso, o produto veio usado.";produto;site;treino
REC-02623;Só queria entender, o material parece danificado e preciso saber o que aconteceu? Agradeço se puderem olhar isso.;produto;email;treino
REC-02624;"A ligação caiu e ninguém retomou o contato; situação observada depois da atualização do pedido.";atendimento;telefone;teste
REC-02625;fui tratado de forma pouco cordial no meu último pedido;atendimento;app;treino
REC-02626;O rastreio parou de atualizar há alguns dias Podem verificar?;entrega;telefone;treino
REC-02627;Olá, a peça veio quebrada e preciso saber o que aconteceu;produto;app;teste
REC-02628;Uma parte do kit não veio e a encomenda está atrasada.;produto;app;treino
REC-02629;Por favor, bom dia, o pedido ainda não chegou e, além disso, o desconto não foi aplicado. Preciso de um retorno.;entrega;app;treino
REC-02630;Olá, solicitei troca e recebi instruções contraditórias. Também aconteceu o seguinte: o rastreio parou de atualizar.;entrega;email;validacao
REC-02631;Por favor, tambem tentei abrir uma troca, mas a entrega foi direcionada para outro endereço.;entrega;telefone;treino
REC-02632;Por favor, por favor, o cupom foi aceito e depois o desconto sumiu. Conseguem me orientar?;pagamento;site;treino
REC-02633;O sistema bloqueia a opção de devoluçao há alguns dias;troca_devolucao;telefone;treino
REC-02634;A parcela veio com valor incorreto há alguns dias? Agradeço se puderem olhar isso.;pagamento;chat;treino
REC-02635;Foi incluída uma taxa que não estava prevista e preciso saber o que aconteceu;pagamento;telefone;treino
REC-02636;Oi, a previsão de chegada passou e nada desde ontem.;entrega;telefone;validacao
REC-02637;Recebi informações diferentes de cada atendente e, além disso, também apareceu uma cobrança que não entendi.;atendimento;chat;treino
REC-02638;"só queria entender, o produto veio usado; apesar disso houve problema com a transportadora. preciso de um retorno.";produto;app;treino
REC-02639;Boa tarde, prometeram retorno e não retornaram desde ontem. Podem verificar?;atendimento;telefone;teste
REC-02640;A compra foi cancelada, mas a cobrança permaneceu há alguns dias?;pagamento;chat;treino
REC-02641;o tamanho nao corresponde ao informado e recebi informações diferentes de cada atendente.;produto;email;teste
REC-02642;também apareceu uma cobrança que não entendi, mas a compra chegou depois da data em que eu precisava.;entrega;telefone;treino
REC-02643;alguém consegue me ajudar, o cartão foi debitado, mas o pedido não confirmou desde ontem Podem verificar?;pagamento;app;validacao
REC-02644;a parcela veio com valor incorreto desde ontem?;pagamento;telefone;validacao
REC-02645;Alguém consegue me ajudar, fui tratado de forma pouco cordial e a transportadora não apareceu no endereço. Isso pode ser verificado, por favor?;atendimento;app;treino
REC-02646;O pacote demorou a chegar, mas a peça veio quebrada.;produto;chat;treino
REC-02647;Preciso trocar o tamanho recebido e preciso saber o que aconteceu;troca_devolucao;app;treino
REC-02648;ninguém responde minhas mensagens e preciso saber o que aconteceu, depois da atualização do pedido.;atendimento;chat;teste
REC-02649;Oi, o pacote voltou para o remetente sem explicação há alguns dias;entrega;site;treino
REC-02650;Olá, queria uma orientação, a transportadora não apareceu no endereço.;entrega;site;teste
REC-02651;Gente, não consigo gerar o boleto e preciso saber o que aconteceu.;pagamento;chat;treino
REC-02652;Solicitei troca e recbi instruções contraditórias no meu último pedido.;troca_devolucao;email;treino
REC-02653;Gente, preciso de ajuda, o rastreio parou de atualizar. Também aconteceu o seguinte: uma parte do kit não veio. Agradeço se puderem olhar isso!;produto;chat;treino
REC-02654;Por favor, o suporte pede as mesmas informações toda vez no meu último pedido!;atendimento;chat;treino
REC-02655;estou com uma dúvida, o prazo de troca está correndo e não consigo abrir a solicitação há alguns dias. obrigado.;troca_devolucao;chat;validacao
REC-02656;Por favor, a descrição do anúncio não bate com o que chegou no meu último peddo.;produto;chat;validacao
REC-02657;Oi, consta como entregue, mas não recebi.;entrega;telefone;treino
REC-02658;O rastreio parou de atualizar?;entrega;chat;validacao
REC-02659;recebi informações diferentes de cada atendente e, além disso, o rastreio esta confuso!;atendimento;chat;validacao
REC-02660;A TROCA FOI APROVADA, MAS O NOVO ITEM NÃO FOI ENVIADO HÁ ALGUNS DIAS!;troca_devolucao;telefone;validacao
REC-02661;"a peça veio quebrada; apesar disso houve problema com a transportadora!";produto;telefone;treino
REC-02662;"Então, o sistema bloqueia a opção de devolução; mas o chat não esclareceu a situação.";troca_devolucao;telefone;treino
REC-02663;A encomenda está atrasada, mas ao mesmo tempo o prazo de troca está correndo e não consigo abrir a solicitação.;entrega;app;treino
REC-02664;Recebi o modelo errado desde ontem.;produto;site;treino
REC-02665;Gente, a peça veio quebrada e, além disso, também tentei abrir uma troca.;produto;site;treino
REC-02666;a entrega foi direcionada para outro endereço no meu último pedido?;entrega;email;treino
REC-02667;Olá, alguém consegue me ajudar, o valor foi cobrado duas vezes e, além disso, houve problema com a transportadora. Obrigado.;pagamento;email;treino
REC-02668;Boa tarde, a parcela veio com valor incorreto há alguns dias Obrigado.;pagamento;telefone;treino
REC-02669;Solicitei troca e recebi instruções contraditórias há alguns dias?;troca_devolucao;telefone;teste
REC-02670;Gente, só queria entender, ninguém responde minhas mensagens há alguns dias Como resolvo?;atendimento;app;treino
REC-02671;Oi, o chat não esclareceu a situação. O que mais preciso resolver é que quero cancelar a compra e devolver o que recebi.;troca_devolucao;email;teste
REC-02672;Gente, o aparelho desliga sozinho e preciso saber o que aconteceu?;produto;app;validacao
REC-02673;o reembolso foi aprovado, porém não caiu e, além disso, a caixa veio com uma peça faltando.;pagamento;app;teste
REC-02674;Não reconheço uma cobrança relacionada ao pedido, mas ao mesmo tempo o rastreio parou de atualizar.;pagamento;app;treino
REC-02675;Pessoal, quero cancelar a compra e devolver o que recebi há alguns dias. Podem verificar?;troca_devolucao;telefone;validacao
REC-02676;O chat não esclareceu a situação, mas o prazo de troca está correndo e não consigo abrir a solicitação.;troca_devolucao;app;treino
REC-02677;estou tentando falar com alguém há dias há alguns dias.;atendimento;site;treino
REC-02678;Solicito orientação: a troca foi aprovada, mas o novo item não foi enviado.;troca_devolucao;app;validacao
REC-02679;A compra chegou depois da data em que eu precisava e preciso saber o que aconteceu.;entrega;site;validacao
REC-02680;Solicito orientação: a ligação caiu e ninguém retomou o contato e preciso saber o que aconteceu?;atendimento;app;treino
REC-02681;"estou tentando falar com alguém há dias; e a caixa veio com uma peça faltando.";atendimento;email;treino
REC-02682;Oi, venho informar, o pagamento foi recusado mesmo com limite e preciso saber o que aconteceu? Obrigado.;pagamento;site;teste
REC-02683;Não consigo gerar o boleto;pagamento;app;treino
REC-02684;a caixa veio com uma peça faltando. o q mais preciso resolver é q recebi só uma parte da compra.;entrega;site;treino
REC-02685;Boa tarde, já postei a devoluçao e o status não mudou há alguns dias. Obrigado;troca_devolucao;telefone;validacao
REC-02686;A compra chegou depois da data em que eu precisava e, além disso, o modelo recebido não era exatamente o esperado.;entrega;site;validacao
REC-02687;Alguém consegue me ajudar, prometeram retorno e não retornaram. Também aconteceu o seguinte: a transportadora não apareceu no endereço. Preciso de um retorno.;entrega;email;treino
REC-02688;Olá, por favor, a resposta recebida não tem relação com a minha dúvida. Também aconteceu o seguinte: o pagamento foi recusado mesmo com limite. Preciso de um retorno.;pagamento;chat;treino
REC-02689;Por favor, oi, o sistema diz pagamento pendente, mas já paguei há alguns dias? Preciso de um retorno.;pagamento;email;treino
REC-02690;Oi, consta como entregue, mas não recebi no meu último pedido? Obrigada;entrega;chat;treino
REC-02691;A descrição do anúncio não bate com o que chegou. Obrigada.;produto;telefone;treino
REC-02692;Oi, só queria entender, o modelo recebido não era exatamente o esperado. O que mais preciso resolver é que não reconheço uma cobrança relacionada ao pedido. Conseguem me orientar?;pagamento;telefone;treino
REC-02693;Por favor, prometeram retorno e não retornaram;atendimento;email;treino
REC-02694;o desconto não foi aplicado, mas a peça veio quebrada.;produto;app;treino
REC-02695;a etiqueta de postagem não foi liberada no meu último pedido.;troca_devolucao;site;treino
REC-02696;Olá, faltou um acessório dentro da caixa no meu último pedido?;produto;site;treino
REC-02697;A solicitação de devolução não avança. Também aconteceu o seguinte: recebi o modelo errado.;produto;telefone;treino
REC-02698;Oi, a etiqueta de postagem não foi liberada há alguns dias;troca_devolucao;telefone;treino
REC-02699;Venho informar, a parcela veio com valor incorreto desde ontem. Preciso de um retorno.;pagamento;site;treino
REC-02700;Pessoal, o rastreio parou de atualizar e, além disso, a caixa veio com uma peça faltando. Podem verificar?;entrega;email;treino
REC-02701;O rastreio está confuso. O que mais preciso resolver é que ninguém responde minhas mensagens.;atendimento;email;treino
REC-02702;"Oi, consta como entregue, mas não recebi; só que a devolução não aparece no sistema. Preciso de um retorno.";entrega;site;teste
REC-02703;Olá, oi, o item chegou com defeito e, além disso, também tentei abrir uma troca. Obrigado.;produto;email;treino
REC-02704;Por favor, o prazo de troca está correndo e não consigo abrir a solicitação desde ontem, na compra feita pelo aplicativo.;troca_devolucao;email;validacao
REC-02705;Por favor, recebi só uma parte da compra!;entrega;app;treino
REC-02706;Oi, por favor, a cor veio diferente da escolhida Obrigado.;produto;email;treino
REC-02707;"o atendente informou um procedimento que não funciona; ao mesmo tempo o modelo recebido não era exatamente o esperado.";atendimento;site;treino
REC-02708;Solicitei troca e recebi instruções contraditórias, mas ao mesmo tempo o aparelho desliga sozinho.;troca_devolucao;email;treino
REC-02709;Alguém consegue me ajudar, a embalagem estava intacta, mas o item não funciona. Fico no aguardo.;produto;site;teste
REC-02710;"Gostaria de registrar, o rastreio parou de atualizar; além disso, o cartão foi debitado, mas o pedido não confirmou. Podem verificar?";pagamento;telefone;validacao
REC-02711;O pedido ainda nao chegou há alguns dias.;entrega;app;validacao
REC-02712;Queria uma orientação, não consigo localizar onde está a encomenda desde ontem Isso pode ser verificado, por favor?;entrega;telefone;treino
REC-02713;O rastreio está confuso, mas a embalagem estava intacta, mas o item não funciona.;produto;site;teste
REC-02714;por favor, a coleta da devolução não aconteceu? preciso de um retorno. 😕;troca_devolucao;site;teste
REC-02715;Prometeram retorno e não retornaram há alguns dias. Isso aconteceu na compra feita pelo site.;atendimento;site;teste
REC-02716;a entrega foi direcionada para outro endereço;entrega;email;teste
REC-02717;O modelo recebido não era exatamente o esperado, mas a transportadora não apareceu no endereço.;entrega;chat;treino
REC-02718;Boa tarde, o desconto não foi aplicado, mas a cor veio diferente da escolhida. Como resolvo?;produto;site;teste
REC-02719;Por favor, não consigo localizar onde está a encomenda no meu último pedido?;entrega;app;treino
REC-02720;Gostaria de registrar, o pix saiu da conta e a compra continua pendente Conseguem me orientar?;pagamento;telefone;validacao
REC-02721;O sistema bloqueia a opção de devolução e o material parece danificado. Como resolvo?;troca_devolucao;telefone;treino
REC-02722;preciso de ajuda, o cupom foi aceito e depois o desconto sumiu no meu último pedido agradeço se puderem olhar isso;pagamento;chat;treino
REC-02723;Oi, o sistema bloqueia a opção de devolução desde ontem? Obrigado.;troca_devolucao;chat;validacao
REC-02724;o pacote sumiu no trajeto desde ontem;entrega;email;treino
REC-02725;preciso de ajuda, o material parece danificado e preciso saber o que aconteceu?;produto;site;treino
REC-02726;Oi, o pacote voltou para o remetente sem explicação há alguns dias Obrigada.;entrega;email;treino
REC-02727;O estorno ainda não apareceu e a cor veio diferente da escolhida.;pagamento;telefone;treino
REC-02728;Boa tarde, a transportadora não apareceu no endereço desde ontem Obrigado;entrega;email;treino
REC-02729;Olá, quero devolver a compra e não encontro a opção no meu último pedido. Agradeço se puderem olhar isso.;troca_devolucao;email;treino
REC-02730;Uma parte do kit não veio.;produto;app;teste
REC-02731;Então, não consigo localizar onde está a encomenda e preciso saber o que aconteceu?;entrega;chat;teste
REC-02732;Por favor, por favor, o chat não esclareceu a situação. O que mais preciso resolver é que o pedido ainda não chegou.;entrega;chat;validacao
REC-02733;Venho informar, ninguém responde minhas mensagens desde ontem. Preciso de um retorno.;atendimento;email;validacao
REC-02734;"Só queria entender, a solicitação de devolução não avança; apesar disso ninguém responde ao protocolo. Fico no aguardo.";troca_devolucao;email;treino
REC-02735;Foi incluída uma taxa que não estava prevista há alguns dias;pagamento;site;treino
REC-02736;estou esperando a encomenda há mais tempo que o informado e, além disso, o estorno ainda está pendente.;entrega;site;treino
REC-02737;Não consigo gerar o boleto há alguns dias.;pagamento;app;validacao
REC-02738;a embalagem estava intacta, mas o item não funciona e, além disso, o pacote demorou a chegar.;produto;site;treino
REC-02739;Registro a seguinte situação: o pedido ainda não chegou e, além disso, o estorno ainda está pendente.;entrega;chat;validacao
REC-02740;por favor, a entrega foi direcionada para outro endereço e, além disso, o chat não esclareceu a situação. conseguem me orientar?;entrega;telefone;treino
REC-02741;Olá, a troca foi aprovada, mas o novo item não foi enviado Obrigado.;troca_devolucao;chat;teste
REC-02742;Oi, faltou um acessório dentro da caixa e preciso saber o que aconteceu!;produto;email;treino
REC-02743;"O pacote sumiu no trajeto; ao mesmo tempo também apareceu uma cobrança que nao entendi.";entrega;app;teste
REC-02744;Então, o protocolo foi fechado sem retorno no meu último pedido.;atendimento;chat;treino
REC-02745;Registro a seguinte situação: a transportadora não apareceu no endereço e, além disso, também tentei abrir uma troca.;entrega;app;validacao
REC-02746;A cor veio diferente da escolhida. Também aconteceu o seguinte: a encomenda está atrasada.;entrega;chat;treino
REC-02747;Gostaria de registrar, o rastreio parou de atualizar e preciso saber o que aconteceu Podem verificar?;entrega;site;validacao
REC-02748;"A embalagem estava intacta, mas o item não funciona há alguns dias; situação observada hoje de manhã.";produto;chat;teste
REC-02749;Olá, a parcela veio com valor incorreto desde ontem? Fico no aguardo.;pagamento;site;teste
REC-02750;O material parece danificado. Isso aconteceu na compra feita pelo aplicativo.;produto;telefone;validacao
REC-02751;Gente, preciso de ajuda, o material parece danificado Fico no aguardo.;produto;site;validacao
REC-02752;Oi, n consigo atendimento humano há alguns dias.;atendimento;email;teste
REC-02753;"alguém consegue me ajudar, o pedido ainda não chegou; além disso, preciso substituir o item por outro modelo.";troca_devolucao;chat;treino
REC-02754;preciso substituir o item por outro modelo desde ontem?;troca_devolucao;telefone;treino
REC-02755;Preciso substituir o item por outro modelo. Também aconteceu o seguinte: o sistema diz pagamento pendente, mas já paguei.;pagamento;chat;treino
REC-02756;Então, boa tarde, o prazo mudou várias vezes. Também aconteceu o seguinte: não consigo atendimento humano. Obrigada!;atendimento;telefone;treino
REC-02757;"ninguém responde minhas mensagens; além disso, a descrição do anúncio não bate com o que chegou; preciso de retorno.";produto;chat;teste
REC-02758;e ainda não consigo retorno no atendimnto, mas o prazo de troca está correndo e não consigo abrir a solicitação!;troca_devolucao;email;validacao
REC-02759;"O prazo mudou várias vezes desde ontem; situação observada na compra feita pelo site.";entrega;email;treino
REC-02760;"a compra foi cancelada, mas a cobrança permaneceu; porém o chat não esclareceu a situação";pagamento;email;treino
REC-02761;O modelo recebido não era exatamente o esperado. O que mais preciso resolver é que não consigo gerar o boleto.;pagamento;app;treino
REC-02762;solicitei troca e recebi instruções contraditórias?;troca_devolucao;site;treino
REC-02763;Desde a última atualização do rastreio, o sistema diz pagamento pendente, mas já paguei no meu último pedido.;pagamento;telefone;treino
REC-02764;o aparelho desliga sozinho desde ontem?;produto;email;teste
REC-02765;Então, queria uma orientação, solicitei troca e recebi instruções contraditórias e preciso saber o que aconteceu. Como resolvo?;troca_devolucao;site;treino
REC-02766;Pessoal, já postei a devolução e o status não mudou e preciso saber o que aconteceu Obrigada!;troca_devolucao;site;treino
REC-02767;Então, o desconto não foi aplicado, mas consta como entregue, mas não recebi.;entrega;email;treino
REC-02768;a devolução não aparece no sistema, mas a encomenda está atrasada.!!!;entrega;app;treino
REC-02769;por favor, o pacote sumiu no trajeto no meu último pedido.;entrega;app;treino
REC-02770;Olá, o tamanho não corresponde ao informado, mas ao mesmo tempo enviei o item de volta e ainda não confirmaram o recebimento.;produto;telefone;treino
REC-02771;a descrição do anúncio não bate com o que chegou;produto;email;treino
REC-02772;Por favor, também apareceu uma cobrança que não entendi, mas o aparelho desliga sozinho.;produto;site;validacao
REC-02773;Alguém consegue me ajudar, o valor foi cobrado duas vezes e preciso saber o que aconteceu. Como resolvo?;pagamento;site;treino
REC-02774;oi, a caixa veio com uma peça faltando o que mais preciso resolver é que não consigo gerar o boleto agradeço se puderem olhar isso;pagamento;chat;validacao
REC-02775;Então, boa tarde, o pix saiu da conta e a compra continua pendente, mas ao mesmo tempo preciso trocar o tamanho recebido. Fico no aguardo.;pagamento;app;treino
REC-02776;faltou um acessório dentro da caixa no meu último pedido?;produto;site;treino
REC-02777;;pagamento;app;treino
REC-02778;O chat me transfere e ninguém assume o caso e foi incluída uma taxa que não estava prevista.;atendimento;app;treino
REC-02779;Por favor, o sistema diz pagamento pendente, mas já paguei e a etiqueta de postagem não foi liberada.;pagamento;chat;treino
REC-02780;O rastreio está confuso. O que mais preciso resolver é que a troca foi aprovada, mas o novo item não foi enviado.;troca_devolucao;chat;treino
REC-02781;Gostaria de solicitar apoio: preciso de ajuda, o produto veio usado e preciso saber o que aconteceu. Isso pode ser verificado, por favor?;produto;app;treino
REC-02782;A descrição do anúncio não bate com o que chegou há alguns dias.;produto;telefone;validacao
REC-02783;Por favor, olá, a resposta recebida não tem relação com a minha dúvida e preciso saber o que aconteceu. Obrigado;atendimento;telefone;teste
REC-02784;"o tamanho não corresponde ao informado há alguns dias; situação observada na primeira tentativa.";produto;app;validacao
REC-02785;Ninguém responde minhas mensagens e preciso saber o que aconteceu.;atendimento;site;validacao
REC-02786;A parcela veio com valor incorreto e preciso saber o que aconteceu?;pagamento;app;treino
REC-02787;A parcela veio com valor incorreto. Também aconteceu o seguinte: a encomenda está atrasada.;entrega;app;treino
REC-02788;Enviei o item de volta e ainda não confirmaram o recebimento?;troca_devolucao;site;treino
REC-02789;só queria entender, a ligação caiu e ninguém retomou o contato há alguns dias isso pode ser verificado, por favor?;atendimento;email;teste
REC-02790;Pessoal, o rastreio parou de atualizar, mas ao mesmo tempo o prazo de troca está correndo e não consigo abrir a solicitação. Preciso de um retorno.;entrega;telefone;treino
REC-02791;Foi incluída uma taxa que não estava prevista?;pagamento;chat;treino
REC-02792;Ninguém responde minhas mensagens há alguns dias. Isso aconteceu desde o fim de semana.;atendimento;chat;validacao
REC-02793;Venho informar, o chat me transfere e ninguém assume o caso, mas ao mesmo tempo a compra foi cancelada, mas a cobrança permaneceu. Isso pode ser verificado, por favor?;atendimento;email;treino
REC-02794;Não consigo atendimento humano. Também aconteceu o seguinte: o sistema bloqueia a opção de devolução.;troca_devolucao;site;treino
REC-02795;Oi, estou esperando a encomenda há mais tempo que o informado. Também aconteceu o seguinte: fui tratado de forma pouco cordial.;atendimento;site;treino
REC-02796;Gente, a cor veio diferente da escolhida no meu último pedido!;produto;chat;treino
REC-02797;O prazo de troca está correndo e não consigo abrir a solicitação e, além disso, também apareceu uma cobrança que não entendi.;troca_devolucao;email;treino
REC-02798;Gostaria de registrar, e ainda não consigo retorno no atendimento. O que mais preciso resolver é que o reembolso foi aprovado, porém não caiu. Isso pode ser verificado, por favor?;pagamento;site;treino
REC-02799;GOSTARIA DE REGISTRAR, NÃO RECONHEÇO UMA COBRANÇA RELACIONADA AO PEDIDO. TAMBÉM ACONTECEU O SEGUINTE: RECEBI SÓ UMA PARTE DA COMPRA. PODEM VERIFICAR?;entrega;chat;treino
REC-02800;"o produto veio usado; mas estou tentando devolver o item. 😕";produto;email;treino
REC-02801;Boa tarde, a transportadora não apareceu no endereço e preciso saber o que aconteceu Preciso de um retorno.;entrega;chat;treino
REC-02802;Estou esperando a encomenda há mais tempo que o informado e preciso saber o que aconteceu?!;entrega;site;validacao
REC-02803;A embalagem estava intacta, mas o item não funciona?;produto;site;treino
REC-02804;Por favor, olá, meu chamado está sem atualização e preciso saber o que aconteceu.;atendimento;telefone;treino
REC-02805;Olá, a entrega foi direcionada para outro endereço no meu último pedido.;entrega;email;treino
REC-02806;A parcela veio com valor incorreto e, além disso, estou tentando devolver o item.;pagamento;app;validacao
REC-02807;preciso de ajuda, a caixa veio com uma peça faltando, mas o suporte pede as mesmas informações toda vez isso pode ser verificado, por favor;atendimento;email;teste
REC-02808;Só queria entender, não consigo localizar onde está a encomenda no meu último pedido Como resolvo?;entrega;app;treino
REC-02809;gostaria de registrar, não consigo localizar onde está a encomenda desde ontem. fico no aguardo.;entrega;app;teste
REC-02810;Então, o desconto não foi aplicado. O que mais preciso resolver é que enviei o item de volta e ainda não confirmaram o recbimento.;troca_devolucao;chat;treino
REC-02811;Pessoal, consta como entregue, mas não recebi e preciso saber o que aconteceu? Isso pode ser verificado, por favor?;entrega;site;teste
REC-02812;Olá, oi, a previsão de chegada passou e nada e, além disso, o estorno ainda está pendente. Preciso de um retorno.;entrega;telefone;validacao
REC-02813;Gostaria de solicitar apoio: o estorno ainda não apareceu desde ontem;pagamento;chat;teste
REC-02814;Queria uma orientação, o estorno ainda está pendente, mas o sistema bloqueia a opção de devolução. Conseguem me orientar?;troca_devolucao;app;treino
REC-02815;Boa tarde, o chat não esclareceu a situação, mas o sistema bloqueia a opção de devolução. Como resolvo?;troca_devolucao;chat;treino
REC-02816;Gente, pessoal, o protocolo foi fechado sem retorno há alguns dias. Isso pode ser verificado, por favor?;atendimento;app;treino
REC-02817;O aparelho desliga sozinho e não sei onde acompanhar minha devolução.;produto;telefone;validacao
REC-02818;Pessoal, o cartão foi debitado, mas o pedido não confirmou e preciso saber o que aconteceu. Podem verificar?;pagamento;telefone;teste
REC-02819;Por favor, o sistema diz pagamento pendente, mas já paguei, mas ao mesmo tempo prometeram retorno e não retornaram.;pagamento;chat;treino
REC-02820;estou com uma dúvida, a devolução não aparece no sistema, mas a peça veio quebrada. obrigada.;produto;chat;teste
REC-02821;Oi, a compra chegou depois da data em que eu precisava e preciso saber o que aconteceu?;entrega;telefone;treino
REC-02822;a ligação caiu e ninguém retomou o contato e preciso saber o que aconteceu.;atendimento;email;treino
REC-02823;Pessoal, também apareceu uma cobrança que não entendi. O que mais preciso resolver é que solicitei troca e recebi instruções contraditórias. Preciso de um retorno.;troca_devolucao;chat;treino
REC-02824;Quero cancelar a compra e devolver o que recebi. Também aconteceu o seguinte: o chat me transfere e ninguém assume o caso. Isso pode ser verificado, por favor?;atendimento;chat;teste
REC-02825;Registro a seguinte situação: venho informar, estou esperando a encomenda há mais tempo que o informado e preciso saber o que aconteceu. Podem verificar?;entrega;site;teste
REC-02826;Oi, a troca foi aprovada, mas o novo item não foi enviado. Também aconteceu o seguinte: recebi só uma parte da compra.;entrega;chat;treino
REC-02827;também apareceu uma cobrança que não entendi, mas a entrega foi direcionada pra outro endereço. isso pode ser verificado, por favor?;entrega;site;validacao
REC-02828;Estou tentando falar com alguém há dias e preciso saber o que aconteceu.;atendimento;telefone;treino
REC-02829;Por favor, por favor, o item também veio com uma avaria, mas o prazo mudou várias vezes. Fico no aguardo.;entrega;email;validacao
REC-02830;A caixa veio com uma peça faltando, mas já postei a devolução e o status não mudou.;troca_devolucao;telefone;treino
REC-02831;"Gostaria de solicitar apoio: queria uma orientação, foi incluída uma taxa que não estava prevista; ao mesmo tempo houve problema com a transportadora. Obrigada.";pagamento;telefone;treino
REC-02832;Oi, bom dia, estou esperando a encomenda há mais tempo que o informado? Obrigado.;entrega;chat;teste
REC-02833;A parcela veio com valor incorreto desde ontem, na compra feita pelo site.;pagamento;telefone;treino
REC-02834;a peça veio quebrada há alguns dias, desde o fim de semana.;produto;telefone;treino
REC-02835;Então, a embalagem estava intacta, mas o item não funciona e preciso saber o que aconteceu.;produto;telefone;treino
REC-02836;Olá, meu chamado está sem atualização e preciso saber o que aconteceu.;atendimento;chat;treino
REC-02837;O sistema diz pagamento pendente, mas já paguei há alguns dias.;pagamento;site;teste
REC-02838;Queria uma orientação, o estorno ainda não apareceu. Também aconteceu o seguinte: estou esperando a encomenda há mais tempo que o informado. Obrigado.;entrega;site;treino
REC-02839;Olá, o protocolo foi fechado sem retorno no meu último pedido.;atendimento;telefone;treino
REC-02840;A encomenda está atrasada.;entrega;app;treino
REC-02841;"Solicito orientação: o acabamento veio com marcas; só que estou tentando devolver o item.";produto;telefone;teste
REC-02842;O produto recebido é diferente do anúncio e preciso saber o que aconteceu Podem verificar?;produto;email;teste
REC-02843;Já postei a devolução e o status não mudou e preciso saber o que aconteceu?;troca_devolucao;telefone;treino
REC-02844;Só queria entender, o produto veio usado desde ontem;produto;app;validacao
REC-02845;Gente, só queria entender, quero devolver a compra e não encontro a opção desde ontem? Fico no aguardo.;troca_devolucao;email;treino
REC-02846;"Então, já postei a devolução e o status não mudou; mas ninguém responde ao protocolo.";troca_devolucao;site;treino
REC-02847;gostaria de registrar, o modelo recebido não era exatamente o esperado, mas a coleta da devolução não aconteceu. podem verificar?;troca_devolucao;site;treino
REC-02848;A entrega também atrasou, mas o aparelho desliga sozinho.;produto;email;validacao
REC-02849;Solicito orientação: alguém consegue me ajudar, o atendente informou um procedimento que não funciona e a entrega foi direcionada para outro endereço. Isso pode ser verificado, por favor?;atendimento;email;validacao
REC-02850;Pessoal, o rastreio parou de atualizar desde ontem? Fico no aguardo!;entrega;site;treino
REC-02851;"O pacote sumiu no trajeto e, além disso, o chat não esclareceu a situação; preciso de retorno.";entrega;email;teste
REC-02852;Oi, boa tarde, o item apresentou problema no primeiro uso no meu último pedido?;produto;email;treino
REC-02853;O tamanho não corresponde ao informado no meu último pedido, na primeira tentativa.;produto;site;treino
REC-02854;"não consigo atendimento humano; além disso, o cupom foi aceito e depois o desconto sumiu.";pagamento;chat;teste
REC-02855;"venho informar, consta como entregue, mas não recebi; entretanto tbm apareceu uma cobrança que não entendi. fico no aguardo.";entrega;site;teste
REC-02856;"Gente, o tamanho não corresponde ao informado; e ninguém responde ao protocolo.";produto;telefone;treino
REC-02857;"o chat me transfere e ninguém assume o caso; e o item também veio com uma avaria.";atendimento;email;validacao
REC-02858;o entregador marcou tentativa sem vir aqui há alguns dias;entrega;telefone;treino
REC-02859;o tamanho não corresponde ao informado no meu último pedido.;produto;app;treino
REC-02860;O valor cobrado está diferente do anunciado há alguns dias;pagamento;site;treino
REC-02861;O tamanho não corresponde ao informado desde ontem;produto;email;treino
REC-02862;olá, preciso trocar o tamanho recebido no meu último pedido. obrigada.;troca_devolucao;chat;validacao
REC-02863;"Alguém consegue me ajudar, a entrega foi direcionada para outro endereço desde ontem; preciso de retorno.";entrega;app;treino
REC-02864;"O atendente informou um procedimento que não funciona; ao mesmo tempo estou tentando devolver o item.";atendimento;email;teste
REC-02865;O entregador marcou tentativa sem vir aqui e enviei o item de volta e ainda não confirmaram o recbimento!;entrega;site;treino
REC-02866;"Solicito orientação: por favor, o item chegou com defeito; e e ainda não consigo retorno no atendimento. Agradeço se puderem olhar isso.";produto;telefone;treino
REC-02867;O chat me transfere e ninguém assume o caso e preciso saber o que aconteceu;atendimento;telefone;teste
REC-02868;o pacote sumiu no trajeto. tbm aconteceu o seguinte: a peça veio quebrada.;produto;telefone;validacao
REC-02869;Então, por favor, o estorno ainda não apareceu no meu último pedido Como resolvo?;pagamento;chat;treino
REC-02870;Por favor, o cupom foi aceito e depois o desconto sumiu e preciso saber o que aconteceu? Podem verificar?!;pagamento;chat;treino
REC-02871;A compra foi cancelada, mas a cobrança permaneceu e preciso saber o que aconteceu?;pagamento;app;treino
REC-02872;Solicito orientação: a previsão de chegada passou e nada há alguns dias?;entrega;telefone;treino
REC-02873;a resposta recebida não tem relação com a minha dúvida?;atendimento;chat;validacao
REC-02874;O sistema bloqueia a opção de devolução, mas ao mesmo tempo recebi o modelo errado.;troca_devolucao;app;treino
REC-02875;o tamanho n corresponde ao informado no meu último pedido?;produto;email;teste
REC-02876;"Solicito orientação: o atendente informou um procedimento que não funciona; ao mesmo tempo o estorno ainda está pendente.";atendimento;app;validacao
REC-02877;O item apresentou problema no primeiro uso?;produto;email;treino
REC-02878;Quero devolver a compra e não encontro a opção e o pedido ainda não chegou.;troca_devolucao;site;teste
REC-02879;bom dia, o atendente informou um procedimento que não funciona e a troca foi aprovada, mas o novo item não foi enviado. preciso de um retorno.;atendimento;app;treino
REC-02880;"Por favor, enviei o item de volta e ainda não confirmaram o recebimento; entretanto ninguém responde ao protocolo!";troca_devolucao;site;treino
REC-02881;Oi, também tentei abrir uma troca, mas o tamanho não corresponde ao informado.;produto;site;treino
REC-02882;Queria uma orientação, a compra chegou depois da data em que eu precisava. Também aconteceu o seguinte: estou tentando falar com alguém há dias. Fico no aguardo!;atendimento;email;treino
REC-02883;Bom dia, prometeram retorno e não retornaram e preciso saber o que aconteceu? Como resolvo?;atendimento;site;treino
REC-02884;E ainda não consigo retorno no atendimento. O que mais preciso resolver é que o cartão foi debitado, mas o pedido não confirmou.;pagamento;app;treino
REC-02885;Registro a seguinte situação: o pacote demorou a chegar. O que mais preciso resolver é que o cartão foi debitado, mas o pedido não confirmou.;pagamento;app;validacao
REC-02886;Venho informar, fui tratado de forma pouco cordial? Preciso de um retorno.;atendimento;telefone;treino
REC-02887;Registro a seguinte situação: o aparelho desliga sozinho e, além disso, o rastreio está confuso.;produto;telefone;validacao
REC-02888;o chat n esclareceu a situação, mas o acabamento veio com marcas.;produto;email;treino
REC-02889;Então, oi, a descrição do anúncio não bate com o que chegou Conseguem me orientar?;produto;chat;treino
REC-02890;faltou um acessório dentro da caixa. também aconteceu o seguinte: o pacote voltou para o remetente sem explicação.;entrega;chat;treino
REC-02891;Gente, a cor veio diferente da escolhida desde ontem?;produto;app;teste
REC-02892;"Então, a compra foi cancelada, mas a cobrança permaneceu; além disso, a embalagem estava intacta, mas o item não funciona";produto;app;validacao
REC-02893;O protocolo foi fechado sem retorno. Também aconteceu o seguinte: o produto recebido é diferente do anúncio.;produto;chat;treino
REC-02894;Consta como entregue, mas não recebi;entrega;telefone;teste
REC-02895;Gostaria de registrar, não sei onde acompanhar minha devolução, mas ao mesmo tempo o estorno ainda não apareceu. Fico no aguardo.;troca_devolucao;telefone;treino
REC-02896;Gente, preciso de ajuda, a cor veio diferente da escolhida e, além disso, o chat não esclareceu a situação. Isso pode ser verificado, por favor?;produto;chat;treino
REC-02897;houve problema com a transportadora, mas o reembolso foi aprovado, porém não caiu.;pagamento;app;validacao
REC-02898;Olá, o pix saiu da conta e a compra continua pendente há alguns dias.;pagamento;app;teste
REC-02899;Olá, a parcela veio com valor incorreto desde ontem;pagamento;email;teste
REC-02900;Oi, também apareceu uma cobrança que não entendi, mas o rastreio parou de atualizar.;entrega;site;treino
REC-02901;Então, estou com uma dúvida, quero cancelar a compra e devolver o que recebi. Também aconteceu o seguinte: o valor foi cobrado duas vezes. Podem verificar?;pagamento;email;validacao
REC-02902;A cor veio diferente da escolhida no meu último pedido?;produto;site;treino
REC-02903;Estou tentando falar com alguém há dias e o material parece danificado.;atendimento;site;treino
REC-02904;Olá, venho informar, também tentei abrir uma troca, mas recebi o modelo errado. Isso pode ser verificado, por favor?;produto;site;treino
REC-02905;queria uma orientação, o modelo recebido n era exatamente o esperado. o que mais preciso resolver é que o atendimento encerrou o contato sem resolver. obrigada. 😕;atendimento;app;treino
REC-02906;Oi, estou esperando a encomenda há mais tempo que o informado desde ontem;entrega;site;treino
REC-02907;O modelo recebido não era exatamente o esperado, mas o prazo mudou várias vezes.;entrega;email;treino
REC-02908;"a encomenda está atrasada; ao mesmo tempo o desconto não foi aplicado";entrega;app;validacao
REC-02909;"Por favor, o estorno ainda não apareceu; mas o rastreio está confuso.";pagamento;chat;validacao
REC-02910;o rastreio está confuso, mas uma parte do kit não veio. 🙂;produto;telefone;treino
REC-02911;Oi, o produto veio usado? Obrigado.;produto;telefone;treino
REC-02912;"O pacote sumiu no trajeto; e e ainda não consigo retorno no atendimento.";entrega;chat;treino
REC-02913;Solicitei troca e recebi instruções contraditórias. Também aconteceu o seguinte: a previsão de chegada passou e nada.;entrega;telefone;treino
REC-02914;Faltou um acessório dentro da caixa, mas ao mesmo tempo o pix saiu da conta e a compra continua pendente.;produto;email;treino
REC-02915;Boa tarde, o item chegou com defeito no meu último pedido Conseguem me orientar?;produto;chat;treino
REC-02916;o protocolo foi fechado sem retorno no meu último pedido;atendimento;telefone;treino
REC-02917;gostaria de registrar, o chat nao esclareceu a situação. o q mais preciso resolver é q a compra chegou depois da data em q eu precisava. fico no aguardo.;entrega;chat;treino
REC-02918;Gostaria de solicitar apoio: pessoal, também tentei abrir uma troca. O que mais preciso resolver é que o valor cobrado esta diferente do anunciado. Fico no aguardo.;pagamento;app;treino
REC-02919;Só queria entender, o rastreio está confuso. O que mais preciso resolver é que o cartão foi debitado, mas o pedido não confirmou. Fico no aguardo.;pagamento;chat;treino
REC-02920;O material parece danificado e, além disso, o pacote demorou a chegar.;produto;site;treino
REC-02921;Oi, oi, o produto recebido é diferente do anúncio no meu último pedido Preciso de um retorno!;produto;site;teste
REC-02922;o material parece danificado há alguns dias?;produto;telefone;treino
REC-02923;Boa tarde, não consigo localizar onde está a encomenda há alguns dias Podem verificar?!;entrega;telefone;treino
REC-02924;Oi, também tentei abrir uma troca, mas o suporte pede as mesmas informações toda vez.;atendimento;telefone;teste
REC-02925;Olá, o material parece danificado no meu último pedido Conseguem me orientar?;produto;chat;treino
REC-02926;gente, preciso de ajuda, o suporte pede as mesmas informações toda vez há alguns dias;atendimento;app;treino
REC-02927;o rastreio está confuso. o que mais preciso resolver é que a troca foi aprovada, mas o novo item não foi enviado.;troca_devolucao;email;treino
REC-02928;por favor, também apareceu uma cobrança que não entendi. o que mais preciso resolver é que já postei a devolução e o status não mudou. conseguem me orientar?;troca_devolucao;email;validacao
REC-02929;O pacote sumiu no trajeto e, além disso, o chat não esclareceu a situação.;entrega;site;teste
REC-02930;Bom dia, a encomenda está atrasada no meu último pedido Isso pode ser verificado, por favor?;entrega;telefone;treino
REC-02931;Gostaria de registrar, preciso trocar o tamanho recebido desde ontem? Conseguem me orientar?;troca_devolucao;app;treino
REC-02932;Desde o fim de semana, foi incluída uma taxa que não estava prevista e o pacote voltou para o remetente sem explicação.;pagamento;chat;treino
REC-02933;A troca foi aprovada, mas o novo item não foi enviado?;troca_devolucao;chat;treino
REC-02934;Olá, a etiqueta de postagem não foi liberada e preciso saber o que aconteceu;troca_devolucao;email;treino
REC-02935;o atendente informou um procedimento que n funciona desde ontem;atendimento;chat;validacao
REC-02936;consta como entregue, mas não recebi e preciso saber o que aconteceu;entrega;site;treino
REC-02937;alguém consegue me ajudar, prometeram retorno e não retornaram e, além disso, o desconto não foi aplicado. fico no aguardo.;atendimento;site;treino
REC-02938;A caixa veio com uma peça faltando. O que mais preciso resolver é que o chat me transfere e ninguém assume o caso.;atendimento;telefone;treino
REC-02939;A devolução não aparece no sistema. O que mais preciso resolver é que a peça veio quebrada;produto;telefone;treino
REC-02940;Olá, o tamanho não corresponde ao informado há alguns dias;produto;telefone;treino
REC-02941;estou tentando devolver o item, mas recebi o modelo errado;produto;chat;teste
REC-02942;A devoluçao não aparece no sistema. O que mais preciso resolver é que o material parece danificado.;produto;chat;treino
REC-02943;o item chegou com defeito;produto;telefone;treino
REC-02944;preciso de ajuda, recebi informações diferentes de cada atendente obrigada.;atendimento;app;teste
REC-02945;o pix saiu da conta e a compra continua pendente e preciso saber o que aconteceu;pagamento;email;treino
REC-02946;o entregador marcou tentativa sem vir aqui e preciso saber o que aconteceu;entrega;app;treino
REC-02947;a resposta recebida não tem relação com a minha dúvida e, além disso, o modelo recebido não era exatamente o esperado.;atendimento;chat;validacao
REC-02948;Gostaria de registrar, o rastreio parou de atualizar e, além disso, e ainda não consigo retorno no atendimento. Conseguem me orientar?;entrega;telefone;treino
REC-02949;Por favor, só queria entender, o desconto não foi aplicado, mas o tamanho não corresponde ao informado. Agradeço se puderem olhar isso.;produto;chat;treino
REC-02950;Boa tarde, a descrição do anúncio não bate com o que chegou há alguns dias. Preciso de um retorno.;produto;site;validacao
REC-02951;Então, a descrição do anúncio não bate com o que chegou no meu último pedido;produto;app;treino
REC-02952;a transportadora não apareceu no endereço e, além disso, o modelo recebido não era exatamente o esperado;entrega;chat;treino
REC-02953;"Recebi informações diferentes de cada atendente; e o estorno ainda está pendente.";atendimento;chat;treino
REC-02954;Por favor, o cartão foi debitado, mas o pedido não confirmou desde ontem?;pagamento;app;treino
REC-02955;o sistema diz pagamento pendente, mas já paguei e, além disso, estou tentando devolver o item.;pagamento;app;treino
REC-02956;O cartão foi debitado, mas o pedido não confirmou e, além disso, o chat não esclareceu a situação.;pagamento;telefone;treino
REC-02957;Por favor, venho informar, solicitei troca e recebi instruções contraditórias há alguns dias. Obrigada.;troca_devolucao;email;treino
REC-02958;"Por favor, estou esperando a encomenda há mais tempo que o informado; e o chat não esclareceu a situação.";entrega;telefone;validacao
REC-02959;queria uma orientação, o atendente informou um procedimento que não funciona. agradeço se puderem olhar isso.;atendimento;chat;treino
REC-02960;Gostaria de registrar, não consigo atendimento humano há alguns dias. Preciso de um retorno.;atendimento;telefone;treino
REC-02961;Oi, estou esperando a encomenda há mais tempo que o informado e foi incluída uma taxa que não estava prevista. Isso pode ser verificado, por favor?;entrega;email;treino
REC-02962;a previsão de chegada passou e nada, mas ao mesmo tempo já postei a devolução e o status não mudou.;entrega;telefone;validacao
REC-02963;o tamanho não corresponde ao informado há alguns dias, na primeira tentativa.;produto;site;treino
REC-02964;Por favor, gostaria de solicitar apoio: o prazo de troca está correndo e não consigo abrir a solicitação desde ontem.;troca_devolucao;app;treino
REC-02965;Por favor, estou com uma dúvida, o pacote sumiu no trajeto;entrega;telefone;treino
REC-02966;A previsão de chegada passou e nada há alguns dias. Conseguem me orientar?;entrega;site;treino
REC-02967;"e ainda não consigo retorno no atendimnto, mas o prazo de troca está correndo e não consigo abrir a solicitação; preciso de retorno.";troca_devolucao;email;validacao
REC-02968;O produto recebido é diferente do anúncio no meu último pedido;produto;email;treino
REC-02969;Olá, estou tentando falar com alguém há dias desde ontem. Fico no aguardo.;atendimento;site;treino
REC-02970;NAO CONSIGO LOCALIZAR ONDE ESTÁ A ENCOMENDA NO MEU ÚLTIMO PEDIDO.;entrega;email;treino
REC-02971;Preciso trocar o tamanho recebido há alguns dias?!;troca_devolucao;chat;validacao
REC-02972;Oi, gostaria de registrar, não consigo atendimento humano desde ontem.;atendimento;email;treino
REC-02973;O protocolo foi fechado sem retorno no meu último pedido;atendimento;app;treino
REC-02974;"oi, só queria entender, o valor cobrado está diferente do anunciado; entretanto estou tentando devolver o item. podem verificar?";pagamento;site;teste
REC-02975;QUERO CANCELAR A COMPRA E DEVOLVER O QUE RECEBI NO MEU ÚLTIMO PEDIDO;troca_devolucao;telefone;treino
REC-02976;A compra foi cancelada, mas a cobrança permaneceu e preciso saber o que aconteceu.;pagamento;site;teste
REC-02977;Fui tratado de forma pouco cordial.;atendimento;telefone;treino
REC-02978;Bom dia, o entregador marcou tentativa sem vir aqui e, além disso, o item também veio com uma avaria.;entrega;chat;treino
REC-02979;O sistema bloqueia a opção de devolução e, além disso, a entrega também atrasou.;troca_devolucao;telefone;treino
REC-02980;o estorno ainda está pendente. o que mais preciso resolver é que o rastreio parou de atualizar!;entrega;telefone;teste
REC-02981;Por favor, oi, prometeram retorno e não retornaram e preciso saber o que aconteceu? Agradeço se puderem olhar isso.;atendimento;app;validacao
REC-02982;Gostaria de solicitar apoio: a entrega foi direcionada para outro endereço e, além disso, também apareceu uma cobrança que não entendi!;entrega;telefone;treino
REC-02983;Ninguém responde ao protocolo, mas não reconheço uma cobrança relacionada ao pedido.;pagamento;app;treino
REC-02984;A parcela veio com valor incorreto desde ontem!;pagamento;telefone;validacao
REC-02985;venho informar, recebi só uma parte da compra no meu último pedido? agradeço se puderem olhar isso;entrega;app;validacao
REC-02986;"A peça veio quebrada; ao mesmo tempo o rastreio está confuso. Como resolvo?";produto;telefone;treino
REC-02987;Então, o estorno ainda não apareceu?;pagamento;site;treino
REC-02988;oi, o aparelho desliga sozinho e, além disso, a entrega também atrasou agradeço se puderem olhar isso;produto;telefone;validacao
REC-02989;Não consigo atendimento humano há alguns dias;atendimento;telefone;treino
REC-02990;a coleta da devolução não aconteceu, mas ao mesmo tempo o estorno ainda não apareceu;troca_devolucao;app;treino
REC-02991;Depois da atualização do pedido, foi incluída uma taxa que não estava prevista.;pagamento;app;treino
REC-02992;Alguém consegue me ajudar, meu chamado está sem atualização e preciso saber o que aconteceu Como resolvo?;atendimento;chat;treino
REC-02993;o item chegou com defeito, mas ao mesmo tempo o sistema diz pagamento pendente, mas já paguei.;produto;telefone;treino
REC-02994;Registro a seguinte situação: o valor cobrado está diferente do anunciado no meu último pedido?!;pagamento;app;treino
REC-02995;Também tentei abrir uma troca, mas o reembolso foi aprovado, porém não caiu.;pagamento;site;treino
REC-02996;"a solicitação de devolução n avança; além disso, estou esperando a encomenda há mais tempo que o informado.";entrega;email;validacao
REC-02997;Então, a entrega também atrasou. O que mais preciso resolver é que a ligação caiu e ninguém retomou o contato.;atendimento;app;treino
REC-02998;A previsão de chegada passou e nada e, além disso, o modelo recebido não era exatamente o esperado.;entrega;email;teste
REC-02999;o rastreio está confuso, mas o reembolso foi aprovado, porém não caiu.;pagamento;telefone;teste
REC-03000;Preciso de ajuda, o pagamento foi recusado mesmo com limite Obrigado.;pagamento;chat;validacao
REC-03001;O desconto não foi aplicado, mas o pacote sumiu no trajeto.;entrega;email;treino
REC-03002;"O sistema bloqueia a opção de devolução; e também apareceu uma cobrança que não entendi.";troca_devolucao;site;treino
REC-03003;preciso trocar o tamanho recebido no meu último pedido?;troca_devolucao;chat;treino
REC-03004;Por favor, bom dia, o chat não esclareceu a situação, mas a transportadora não apareceu no endereço.;entrega;app;teste
REC-03005;a descrição do anúncio não bate com o q chegou, mas ao mesmo tempo a encomenda está atrasada.;produto;email;treino
REC-03006;O pacote demorou a chegar. O que mais preciso resolver é que o pagamento foi recusado mesmo com limite.;pagamento;telefone;treino
REC-03007;Não consigo localizar onde está a encomenda desde ontem?;entrega;site;teste
REC-03008;Por favor, preciso de ajuda, também tentei abrir uma troca. O que mais preciso resolver é que o valor foi cobrado duas vezes. Isso pode ser verificado, por favor?;pagamento;email;treino
REC-03009;Também tentei abrir uma troca, mas a resposta recebida não tem relação com a minha dúvida.;atendimento;chat;treino
REC-03010;"O prazo mudou várias vezes; só que o desconto não foi aplicado.";entrega;chat;treino
REC-03011;"pessoal, o pagamento foi recusado mesmo com limite; entretanto o pacote demorou a chegar.";pagamento;email;validacao
REC-03012;Pessoal, solicitei troca e recebi instruções contraditórias no meu último pedido. Fico no aguardo.;troca_devolucao;email;validacao
REC-03013;Olá, a compra foi cancelada, mas a cobrança permaneceu desde ontem?;pagamento;chat;treino
REC-03014;Oi, bom dia, o reembolso foi aprovado, porém não caiu no meu último pedido? Conseguem me orientar?;pagamento;email;treino
REC-03015;por favor, o atendente informou um procedimento que não funciona? obrigada.;atendimento;chat;teste
REC-03016;bom dia, o sistema diz pagamento pendente, mas já paguei preciso de um retorno;pagamento;telefone;teste
REC-03017;Registro a seguinte situação: pessoal, o modelo recebido não era exatamente o esperado, mas não consigo localizar onde está a encomenda. Preciso de um retorno.;entrega;chat;validacao
REC-03018;Solicito orientação: faltou um acessório dentro da caixa.;produto;email;treino
REC-03019;O atendimento encerrou o contato sem resolver e preciso saber o que aconteceu, depois da atualização do pedido.;atendimento;site;treino
REC-03020;O modelo recebido não era exatamente o esperado, mas a encomenda está atrasada. Fico no aguardo.;entrega;site;treino
REC-03021;Então, queria uma orientação, o pix saiu da conta e a compra continua pendente no meu último peddo? Isso pode ser verificado, por favor?;pagamento;email;treino
REC-03022;A troca foi aprovada, mas o novo item não foi enviado e o produto recebido é diferente do anúncio.;troca_devolucao;site;teste
REC-03023;quero devolver a compra e não encontro a opção há alguns dias?;troca_devolucao;telefone;treino
REC-03024;Por favor, a compra chegou depois da data em que eu precisava no meu último pedido.;entrega;telefone;treino
REC-03025;pessoal, houve problema com a transportadora, mas o produto veio usado. como resolvo?;produto;site;treino
REC-03026;bom dia, o atendente informou um procedimento que não funciona. também aconteceu o seguinte: não consigo localizar onde está a encomenda. obrigado.;entrega;site;validacao
REC-03027;olá, o suporte pede as mesmas informações toda vez e, além disso, também tentei abrir uma troca. isso pode ser verificado, por favor?;atendimento;chat;teste
REC-03028;Gente, oi, o prazo mudou várias vezes. Também aconteceu o seguinte: a cor veio diferente da escolhida. Fico no aguardo.;produto;chat;treino
REC-03029;Pessoal, recebi só uma parte da compra há alguns dias Isso pode ser verificado, por favor?;entrega;site;teste
REC-03030;Solicito orientação: queria uma orientação, o suporte pede as mesmas informações toda vez e, além disso, o estorno ainda está pendente. Isso pode ser verificado, por favor?;atendimento;chat;teste
REC-03031;"Olá, venho informar, o item apresentou problema no primeiro uso; entretanto também tentei abrir uma troca. Fico no aguardo.";produto;email;treino
REC-03032;o rastreio parou de atualizar e preciso saber o q aconteceu;entrega;chat;treino
REC-03033;Solicito orientação: queria uma orientação, o pacote sumiu no trajeto e, além disso, a caixa veio com uma peça faltando. Obrigada.;entrega;telefone;teste
REC-03034;Registro a seguinte situação: o prazo mudou várias vezes no meu último pedido?;entrega;app;treino
REC-03035;A compra chegou depois da data em que eu precisava no meu último pedido;entrega;email;treino
REC-03036;E ainda não consigo retorno no atendimento, mas faltou um acessório dentro da caixa Podem verificar?;produto;chat;treino
REC-03037;Ninguém responde minhas mensagens há alguns dias, desde a semana passada.;atendimento;site;treino
REC-03038;preciso de ajuda, o acabamento veio com marcas e preciso saber o que aconteceu? obrigado.;produto;chat;treino
REC-03039;Não sei onde acompanhar minha devolução?;troca_devolucao;telefone;treino
REC-03040;Não reconheço uma cobrança relacionada ao pedido no meu último pedido;pagamento;site;teste
REC-03041;Por favor, solicitei troca e recebi instruções contraditórias.;troca_devolucao;site;treino
REC-03042;E ainda não consigo retorno no atendimento, mas não reconheço uma cobrança relacionada ao peddo.;pagamento;telefone;treino
REC-03043;Olá, não consigo localizar onde está a encomenda no meu último pedido.;entrega;telefone;teste
REC-03044;Olá, ninguém responde minhas mensagens? Fico no aguardo.;atendimento;site;treino
REC-03045;VENHO INFORMAR, A COR VEIO DIFERENTE DA ESCOLHIDA AGRADEÇO SE PUDEREM OLHAR ISSO.;produto;app;validacao
REC-03046;"Por favor, não reconheço uma cobrança relacionada ao pedido; e também tentei abrir uma troca Podem verificar?";pagamento;telefone;treino
REC-03047;"Por favor, o pagamento foi recusado mesmo com limite; entretanto ninguém responde ao protocolo.";pagamento;telefone;treino
REC-03048;"o reembolso foi aprovado, porém não caiu; além disso, o tamanho não corresponde ao informado";produto;telefone;validacao
REC-03049;também apareceu uma cobrança que não entendi, mas a resposta recebida não tem relação com a minha dúvida.;atendimento;site;treino
REC-03050;"Venho informar, o pedido ainda não chegou; e o chat não esclareceu a situação. Como resolvo?";entrega;app;treino
REC-03051;Registro a seguinte situação: o estorno ainda está pendente, mas consta como entregue, mas não recebi.;entrega;site;treino
REC-03052;Então, estou com uma dúvida, o atendente informou um procedimento que não funciona e preciso saber o que aconteceu;atendimento;app;treino
REC-03053;A encomenda está atrasada no meu último pedido?;entrega;email;treino
REC-03054;Venho informar, o acabamento veio com marcas e preciso saber o que aconteceu Conseguem me orientar?;produto;telefone;validacao
REC-03055;Alguém consegue me ajudar, a parcela veio com valor incorreto há alguns dias. Como resolvo?;pagamento;chat;treino
REC-03056;O valor foi cobrado duas vezes e, além disso, ninguém responde ao protocolo.;pagamento;email;treino
REC-03057;"Gostaria de registrar, a peça veio quebrada; ao mesmo tempo também tentei abrir uma troca. Como resolvo?!";produto;app;treino
REC-03058;Por favor, o pagamento foi recusado mesmo com limite desde ontem.;pagamento;telefone;treino
REC-03059;Oi, estou tentando falar com alguém há dias há alguns dias.;atendimento;chat;validacao
REC-03060;Uma parte do kit não veio e o protocolo foi fechado sem retorno.;produto;site;treino
REC-03061;a embalagem estava intacta, mas o item não funciona há alguns dias?;produto;chat;treino
REC-03062;Bom dia, estou tentando devolver o item. O que mais preciso resolver é que não reconheço uma cobrança relacionada ao pedido. Preciso de um retorno.;pagamento;telefone;teste
REC-03063;Boa tarde, solicitei troca e recebi instruções contraditórias e preciso saber o que aconteceu Como resolvo?;troca_devolucao;site;validacao
REC-03064;"recebi o modelo errado; porém também apareceu uma cobrança que não entendi.";produto;chat;treino
REC-03065;Alguém consegue me ajudar, o acabamento veio com marcas e, além disso, ninguém responde ao protocolo. Agradeço se puderem olhar isso.;produto;chat;teste
REC-03066;"Gente, o tamanho não corresponde ao informado; mas estou tentando devolver o item!";produto;site;validacao
REC-03067;Estou tentando devolver o item, mas o rastreio parou de atualizar.;entrega;email;treino
REC-03068;Olá, o cartão foi debitado, mas o pedido não confirmou e preciso saber o que aconteceu? Podem verificar?!;pagamento;email;treino
REC-03069;recebi o modelo errado e, além disso, o chat não esclareceu a situação.;produto;site;treino
REC-03070;Faltou um acessório dentro da caixa e, além disso, e ainda não consigo retorno no atendimento;produto;app;treino
REC-03071;o chat não esclareceu a situação, mas o cartão foi debitado, mas o pedido não confirmou.;pagamento;app;treino
REC-03072;Por favor, olá, o item chegou com defeito desde ontem? Obrigado.;produto;email;teste
REC-03073;queria uma orientação, a previsão de chegada passou e nada no meu último pedido fico no aguardo.;entrega;site;treino
REC-03074;Olá, só queria entender, a peça veio quebrada no meu último pedido? Podem verificar?;produto;email;validacao
REC-03075;O pedido ainda não chegou no meu último pedido;entrega;app;treino
REC-03076;Oi, meu chamado está sem atualização e, além disso, o rastreio está confuso.;atendimento;email;treino
REC-03077;"o pagamento foi recusado mesmo com limite; apesar disso estou tentando devolver o item 🙂";pagamento;chat;treino
REC-03078;"Gostaria de solicitar apoio: recebi informações diferentes de cada atendente; e também apareceu uma cobrança que não entendi.";atendimento;app;treino
REC-03079;Oi, a compra chegou depois da data em que eu precisava e preciso saber o que aconteceu;entrega;telefone;treino
REC-03080;o modelo recebido não era exatamente o esperado, mas o valor foi cobrado duas vezes.;pagamento;site;validacao
REC-03081;Pessoal, o chat não esclareceu a situação. O que mais preciso resolver é que a parcela veio com valor incorreto. Podem verificar?;pagamento;site;treino
REC-03082;Oi, a descrição do anúncio não bate com o que chegou e preciso saber o que aconteceu. Agradeço se puderem olhar isso.;produto;site;treino
REC-03083;;entrega;site;treino
REC-03084;O sistema diz pagamento pendente, mas já paguei.;pagamento;telefone;treino
REC-03085;Na última compra, fui tratado de forma pouco cordial e preciso saber o que aconteceu.;atendimento;email;validacao
REC-03086;"O chat me transfere e ninguém assume o caso; apesar disso a devoluçao não aparece no sistema.";atendimento;telefone;teste
REC-03087;O pacote demorou a chegar. O que mais preciso resolver é que fui tratado de forma pouco cordial.;atendimento;chat;treino
REC-03088;o pacote demorou a chegar, mas não consigo gerar o boleto.;pagamento;telefone;validacao
REC-03089;Pessoal, o chat nao esclareceu a situação. O que mais preciso resolver é que o pedido ainda nao chegou.;entrega;email;validacao
REC-03090;Por favor, não reconheço uma cobrança relacionada ao pedido e o sistema bloqueia a opção de devolução.;pagamento;app;treino
REC-03091;Pessoal, o item apresentou problema no primeiro uso há alguns dias. Preciso de um retorno.;produto;app;treino
REC-03092;Pessoal, meu chamado está sem atualização e preciso saber o que aconteceu? Obrigado.;atendimento;email;teste
REC-03093;quero cancelar a compra e devolver o q recbi. também aconteceu o seguinte: a cor veio diferente da escolhida. 😤;produto;app;treino
REC-03094;Boa tarde, o acabamento veio com marcas e, além disso, o chat não esclareceu a situação. Como resolvo?;produto;email;treino
REC-03095;oi, também apareceu uma cobrança que não entendi. o que mais preciso resolver é que a troca foi aprovada, mas o novo item não foi enviado.;troca_devolucao;site;treino
REC-03096;venho informar, o sistema bloqueia a opção de devolução e preciso saber o que aconteceu. preciso de um retorno.;troca_devolucao;chat;teste
REC-03097;Gente, o pix saiu da conta e a compra continua pendente há alguns dias.;pagamento;chat;treino
REC-03098;prometeram retorno e não retornaram desde ontem;atendimento;chat;treino
REC-03099;Por favor, pessoal, estou tentando devolver o item, mas a cor veio diferente da escolhida. Como resolvo?;produto;chat;treino
REC-03100;Oi, o pix saiu da conta e a compra continua pendente;pagamento;site;treino
REC-03101;O prazo mudou várias vezes e preciso saber o que aconteceu?;entrega;site;treino
REC-03102;Por favor, a solicitação de devoluçao não avança. Também aconteceu o seguinte: o prazo mudou várias vezes.;entrega;app;validacao
REC-03103;"Venho informar, o item apresentou problema no primeiro uso; além disso, não sei onde acompanhar minha devolução. Preciso de um retorno.";troca_devolucao;site;teste
REC-03104;a embalagem estava intacta, mas o item não funciona;produto;telefone;treino
REC-03105;a etiqueta de postagem não foi liberada e, além disso, a entrega também atrasou;troca_devolucao;email;treino
REC-03106;Gente, o chat não esclareceu a situação. O que mais preciso resolver é que a parcela veio com valor incorreto.;pagamento;app;treino
REC-03107;Gente, a cor veio diferente da escolhida desde ontem;produto;app;treino
REC-03108;OLÁ, OLÁ, A PEÇA VEIO QUEBRADA E PRECISO SABER O QUE ACONTECEU? OBRIGADA.;produto;app;treino
REC-03109;A devolução não aparece no sistema. O que mais preciso resolver é que o acabamento veio com marcas!;produto;email;treino
REC-03110;Estou tentando devolver o item, mas o sistema diz pagamento pendente, mas já paguei.;pagamento;email;teste
REC-03111;A solicitação de devolução não avança e, além disso, e ainda não consigo retorno no atendimento.;troca_devolucao;site;treino
REC-03112;o acabamento veio com marcas no meu último pedido?;produto;chat;treino
REC-03113;Preciso de ajuda, o tamanho não corresponde ao informado há alguns dias. Preciso de um retorno.;produto;email;treino
REC-03114;Boa tarde, ninguém responde minhas mensagens há alguns dias? Isso pode ser verificado, por favor?;atendimento;email;teste
REC-03115;"Solicito orientação: por favor, o atendimento encerrou o contato sem resolver; além disso, preciso substituir o item por outro modelo. Obrigado.";troca_devolucao;chat;treino
REC-03116;O chat não esclareceu a situação. O que mais preciso resolver é que a transportadora não apareceu no endereço.;entrega;email;treino
REC-03117;O chat não esclareceu a situação. O que mais preciso resolver é que o estorno ainda não apareceu.;pagamento;chat;treino
REC-03118;Boa tarde, o chat me transfere e ninguém assume o caso e, além disso, o estorno ainda está pendente!;atendimento;app;treino
REC-03119;foi incluída uma taxa que n estava prevista, mas ao mesmo tempo n consigo atendimento humano.;pagamento;telefone;teste
REC-03120;o pacote demorou a chegar, mas a resposta recebida não tem relação com a minha dúvida;atendimento;telefone;teste
REC-03121;"bom dia, o material parece danificado; e o rastreio está confuso conseguem me orientar";produto;telefone;teste
REC-03122;recebi só uma parte da compra e, além disso, a devolução não aparece no sistema;entrega;chat;treino
REC-03123;estou com uma dúvida, o protocolo foi fechado sem retorno podem verificar?;atendimento;email;treino
REC-03124;"o pagamento foi recusado mesmo com limite; apesar disso o item também veio com uma avaria.";pagamento;site;treino
REC-03125;fui tratado de forma pouco cordial;atendimento;app;treino
REC-03126;Então, o pacote sumiu no trajeto e preciso saber o que aconteceu;entrega;email;treino
REC-03127;Gostaria de solicitar apoio: a embalagem estava intacta, mas o item não funciona há alguns dias.;produto;site;treino
REC-03128;houve problema com a transportadora. o que mais preciso resolver é que o cupom foi aceito e depois o desconto sumiu.;pagamento;telefone;treino
REC-03129;O sistema bloqueia a opção de devolução desde ontem?;troca_devolucao;chat;treino
REC-03130;Oi, não consigo atendimento humano, mas ao mesmo tempo a transportadora não apareceu no endereço.;atendimento;telefone;validacao
REC-03131;A devolução não aparece no sistema, mas o chat me transfere e ninguém assume o caso;atendimento;email;treino
REC-03132;A compra chegou depois da data em que eu precisava e não consigo atendimento humano.;entrega;telefone;validacao
REC-03133;bom dia, recebi só uma parte da compra e preciso saber o que aconteceu obrigado.;entrega;email;validacao
REC-03134;estou tentando falar com alguém há dias. também aconteceu o seguinte: o material parece danificado. 😕 Podem verificar?;produto;telefone;treino
REC-03135;;atendimento;app;treino
REC-03136;Bom dia, a entrega foi direcionada para outro endereço no meu último pedido. Fico no aguardo.;entrega;app;treino
REC-03137;Oi, o tamanho não corresponde ao informado e, além disso, houve problema com a transportadora.;produto;email;teste
REC-03138;A parcela veio com valor incorreto e, além disso, ninguém responde ao protocolo.;pagamento;site;treino
REC-03139;Por favor, o item chegou com defeito desde ontem;produto;email;treino
REC-03140;Registro a seguinte situação: também apareceu uma cobrança que nao entendi. O que mais preciso resolver é que estou esperando a encomenda há mais tempo que o informado.;entrega;site;treino
REC-03141;Ninguém responde minhas mensagens no meu último pedido. Isso aconteceu depois de alguns dias.;atendimento;app;treino
REC-03142;Olá, quero devolver a compra e não encontro a opção e, além disso, a caixa veio com uma peça faltando.;troca_devolucao;telefone;teste
REC-03143;Gente, estou com uma dúvida, o protocolo foi fechado sem retorno e preciso saber o que aconteceu. Isso pode ser verificado, por favor?;atendimento;chat;treino
REC-03144;preciso de ajuda, o sistema bloqueia a opção de devolução desde ontem isso pode ser verificado, por favor?;troca_devolucao;chat;treino
REC-03145;"O estorno ainda não apareceu; além disso, preciso substituir o item por outro modelo.";troca_devolucao;email;treino
REC-03146;"Alguém consegue me ajudar, o item apresentou problema no primeiro uso; ao mesmo tempo o pacote demorou a chegar. Preciso de um retorno.";produto;chat;treino
REC-03147;"Solicitei troca e recebi instruções contraditórias; além disso, recebi o modelo errado";produto;email;teste
REC-03148;Olá, alguém consegue me ajudar, o chat me transfere e ninguém assume o caso há alguns dias? Obrigada.;atendimento;telefone;treino
REC-03149;não sei onde acompanhar minha devolução e, além disso, também apareceu uma cobrança q não entendi!;troca_devolucao;site;treino
REC-03150;Boa tarde, o material parece danificado. Obrigado.;produto;telefone;treino
REC-03151;bom dia, o modelo recebido não era exatamente o esperado o que mais preciso resolver é que o valor cobrado está diferente do anunciado podem verificar;pagamento;chat;treino
REC-03152;Oi, olá, recebi informações diferentes de cada atendente desde ontem? Agradeço se puderem olhar isso.;atendimento;site;treino
REC-03153;E ainda nao consigo retorno no atendimento, mas a transportadora nao apareceu no endereço.;entrega;app;validacao
REC-03154;Por favor, a solicitação de devolução não avança. Também aconteceu o seguinte: o pagamento foi recusado mesmo com limite.;pagamento;site;treino
REC-03155;venho informar, o desconto não foi aplicado, mas a cor veio diferente da escolhida. preciso de um retorno. 😕;produto;email;treino
REC-03156;Prometeram retorno e não retornaram e preciso saber o que aconteceu?;atendimento;email;treino
REC-03157;Oi, o item também veio com uma avaria, mas o pix saiu da conta e a compra continua pendente.;pagamento;app;validacao
REC-03158;tbm tentei abrir uma troca, mas a peça veio quebrada.;produto;telefone;treino
REC-03159;Olá, estou com uma dúvida, o chat não esclareceu a situação. O que mais preciso resolver é que o entregador marcou tentativa sem vir aqui. Como resolvo?;entrega;telefone;treino
REC-03160;Preciso de ajuda, o desconto não foi aplicado. O que mais preciso resolver é que o produto recebido é diferente do anúncio. Como resolvo?;produto;site;treino
REC-03161;Alguém consegue me ajudar, o modelo recebido não era exatamente o esperado. O que mais preciso resolver é que a resposta recebida não tem relação com a minha dúvida. Como resolvo?;atendimento;chat;treino
REC-03162;Por favor, olá, recebi o modelo errado. Também aconteceu o seguinte: o protocolo foi fechado sem retorno. Agradeço se puderem olhar isso.;atendimento;app;treino
REC-03163;Também apareceu uma cobrança que não entendi. O que mais preciso resolver é que a previsão de chegada passou e nada.;entrega;telefone;treino
REC-03164;A ligação caiu e ninguém retomou o contato.;atendimento;app;treino
REC-03165;"Oi, a cor veio diferente da escolhida; além disso, o pacote voltou para o remetente sem explicação. Obrigado.";entrega;site;treino
REC-03166;A peça veio quebrada desde ontem, na compra deste mês.;produto;email;treino
REC-03167;Oi, não consigo gerar o boleto e uma parte do kit não veio.;pagamento;telefone;validacao
REC-03168;a caixa veio com uma peça faltando. o que mais preciso resolver é que a solicitação de devolução não avança.;troca_devolucao;app;validacao
REC-03169;Então, estou esperando a encomenda há mais tempo que o informado e preciso saber o que aconteceu;entrega;app;validacao
REC-03170;Por favor, gostaria de registrar, a parcela veio com valor incorreto no meu último peddo? Preciso de um retorno.;pagamento;site;treino
REC-03171;o sistema bloqueia a opção de devolução desde ontem?;troca_devolucao;app;teste
REC-03172;Gostaria de solicitar apoio: o sistema diz pagamento pendente, mas já paguei, mas ao mesmo tempo recebi só uma parte da compra.;pagamento;telefone;teste
REC-03173;bom dia, a previsão de chegada passou e nada conseguem me orientar?;entrega;site;treino
REC-03174;Olá, venho informar, o chat me transfere e ninguém assume o caso? Preciso de um retorno;atendimento;email;treino
REC-03175;Por favor, ninguém responde ao protocolo, mas o acabamento veio com marcas.;produto;email;validacao
REC-03176;"O rastreio parou de atualizar; só que e ainda não consigo retorno no atendimento.";entrega;telefone;treino
REC-03177;A peça veio quebrada e preciso saber o que aconteceu?;produto;telefone;validacao
REC-03178;Uma parte do kit não veio e preciso saber o que aconteceu;produto;app;treino
REC-03179;"Gostaria de solicitar apoio: o material parece danificado; mas o desconto não foi aplicado.";produto;email;treino
REC-03180;oi, o acabamento veio com marcas há alguns dias agradeço se puderem olhar isso;produto;email;treino
REC-03181;queria uma orientação, o reembolso foi aprovado, porém não caiu há alguns dias podem verificar?;pagamento;app;treino
REC-03182;a compra chegou depois da data em que eu precisava;entrega;site;treino
REC-03183;Por favor, o aparelho desliga sozinho, mas ao mesmo tempo o pacote sumiu no trajeto. Conseguem me orientar?;produto;site;teste
REC-03184;"estou com uma dúvida, o protocolo foi fechado sem retorno; ao mesmo tempo a entrega também atrasou. obrigado.";atendimento;chat;validacao
REC-03185;Preciso de ajuda, a embalagem estava intacta, mas o item não funciona desde ontem.;produto;app;treino
REC-03186;Oi, não consigo atendimento humano há alguns dias.;atendimento;telefone;validacao
REC-03187;Registro a seguinte situação: por favor, o pedido ainda não chegou no meu último pedido. Como resolvo?;entrega;telefone;validacao
REC-03188;O sistema bloqueia a opção de devolução;troca_devolucao;site;treino
REC-03189;Gente, pessoal, o pacote voltou para o remetente sem explicação há alguns dias.;entrega;email;treino
REC-03190;Gostaria de registrar, o material parece danificado desde ontem. Preciso de um retorno.;produto;chat;treino
REC-03191;Solicito orientação: preciso substituir o item por outro modelo desde ontem?;troca_devolucao;app;treino
REC-03192;Por favor, a caixa veio com uma peça faltando, mas a ligação caiu e ninguém retomou o contato.;atendimento;telefone;validacao
REC-03193;A resposta recebida não tem relação com a minha dúvida e, além disso, o modelo recebido não era exatamente o esperado.;atendimento;email;validacao
REC-03194;não consigo atendimento humano no meu último pedido.;atendimento;email;teste
REC-03195;A ligação caiu e ninguém retomou o contato. Também aconteceu o seguinte: o acabamento veio com marcas.;produto;telefone;treino
REC-03196;oi, o atendente informou um procedimento q n funciona? preciso de um retorno!;atendimento;chat;treino
REC-03197;Em uma compra recente, o atendimento encerrou o contato sem resolver desde ontem.;atendimento;telefone;treino
REC-03198;Estou com uma dúvida, o material parece danificado no meu último pedido. Agradeço se puderem olhar isso.;produto;chat;treino
REC-03199;Olá, consta como entregue, mas não recebi? Agradeço se puderem olhar isso.;entrega;telefone;teste
REC-03200;OLÁ, TAMBÉM TENTEI ABRIR UMA TROCA. O QUE MAIS PRECISO RESOLVER É QUE NÃO CONSIGO ATENDIMENTO HUMANO;atendimento;site;treino
REC-03201;recebi informações diferentes de cada atendente e preciso saber o que aconteceu?!;atendimento;site;teste
REC-03202;Olá, alguém consegue me ajudar, estou tentando falar com alguém há dias e, além disso, o modelo recebido não era exatamente o esperado.;atendimento;email;treino
REC-03203;"Por favor, não consigo localizar onde está a encomenda; mas o item também veio com uma avaria. Conseguem me orientar?";entrega;app;treino
REC-03204;Na primeira tentativa, estou tentando falar com alguém há dias e preciso saber o que aconteceu.;atendimento;email;teste
REC-03205;oi, o item também veio com uma avaria, mas estou tentando falar com alguém há dias. podem verificar?;atendimento;chat;treino
REC-03206;"pessoal, o aparelho desliga sozinho; apesar disso tbm apareceu uma cobrança q não entendi. fico no aguardo.";produto;app;treino
REC-03207;a ligação caiu e ninguém retomou o contato há alguns dias.;atendimento;telefone;treino
REC-03208;Gostaria de solicitar apoio: o aparelho desliga sozinho.;produto;chat;treino
REC-03209;Meu chamado está sem atualização, mas ao mesmo tempo quero cancelar a compra e devolver o que recebi.;atendimento;email;treino
REC-03210;também tentei abrir uma troca. o que mais preciso resolver é que não reconheço uma cobrança relacionada ao pedido. 🙂;pagamento;email;teste
REC-03211;Gostaria de solicitar apoio: pessoal, a parcela veio com valor incorreto e, além disso, ninguém responde ao protocolo. Conseguem me orientar?;pagamento;app;treino
REC-03212;"Já postei a devolução e o status não mudou; e também apareceu uma cobrança que não entendi.";troca_devolucao;app;validacao
REC-03213;só queria entender, quero devolver a compra e n encontro a opção há alguns dias. preciso de um retorno.;troca_devolucao;site;treino
REC-03214;Por favor, preciso de ajuda, quero devolver a compra e não encontro a opção desde ontem?;troca_devolucao;email;treino
REC-03215;Oi, a cor veio diferente da escolhida e não reconheço uma cobrança relacionada ao pedido.;produto;site;treino
REC-03216;O pacote demorou a chegar, mas o reembolso foi aprovado, porém não caiu.;pagamento;chat;validacao
REC-03217;também apareceu uma cobrança que não entendi, mas o atendimento encerrou o contato sem resolver.;atendimento;app;treino
REC-03218;Oi, solicitei troca e recebi instruções contraditórias e, além disso, o estorno ainda está pendente.;troca_devolucao;site;treino
REC-03219;Houve problema com a transportadora. O que mais preciso resolver é que o protocolo foi fechado sem retorno. Como resolvo?;atendimento;site;treino
REC-03220;Olá, a compra foi cancelada, mas a cobrança permaneceu e o chat me transfere e ninguém assume o caso.;pagamento;site;validacao
REC-03221;Queria uma orientação, o item apresentou problema no primeiro uso desde ontem? Obrigada.;produto;site;teste
REC-03222;Olá, consta como entregue, mas não recebi há alguns dias!;entrega;email;validacao
REC-03223;ninguém responde ao protocolo, mas quero cancelar a compra e devolver o que recebi;troca_devolucao;app;teste
REC-03224;"o rastreio parou de atualizar; mas a devolução não aparece no sistema.";entrega;site;treino
REC-03225;Oi, gostaria de registrar, não consigo localizar onde está a encomenda? Preciso de um retorno!;entrega;site;treino
REC-03226;A transportadora não apareceu no endereço e, além disso, estou tentando devolver o item.;entrega;telefone;treino
REC-03227;Gente, o reembolso foi aprovado, porém não caiu há alguns dias?;pagamento;telefone;treino
REC-03228;A embalagem estava intacta, mas o item nao funciona há alguns dias.;produto;email;treino
REC-03229;"Então, o acabamento veio com marcas; apesar disso o desconto não foi aplicado";produto;chat;treino
REC-03230;Solicito orientação: o entregador marcou tentativa sem vir aqui. tambem aconteceu o seguinte: estou tentando falar com alguém há dias.;atendimento;email;teste
REC-03231;Quero devolver a compra e não encontro a opção desde ontem.;troca_devolucao;telefone;treino
REC-03232;"venho informar, o aparelho desliga sozinho; só que o desconto não foi aplicado. preciso de um retorno.";produto;site;teste
REC-03233;"A coleta da devolução não aconteceu; ao mesmo tempo o modelo recebido não era exatamente o esperado.";troca_devolucao;chat;treino
REC-03234;o suporte pede as mesmas informações toda vez, mas ao mesmo tempo a entrega foi direcionada para outro endereço;atendimento;email;treino
REC-03235;Gente, o pacote voltou para o remetente sem explicação e preciso saber o que aconteceu;entrega;chat;validacao
REC-03236;O rastreio está confuso. O que mais preciso resolver é que recebi o modelo errado.;produto;email;treino
REC-03237;n sei onde acompanhar minha devolução há alguns dias;troca_devolucao;chat;treino
REC-03238;Oi, faltou um acessório dentro da caixa desde ontem Conseguem me orientar?;produto;site;treino
REC-03239;Também tentei abrir uma troca, mas meu chamado está sem atualização.;atendimento;app;treino
REC-03240;O pagamento foi recusado mesmo com limite desde ontem.;pagamento;site;teste
REC-03241;O valor cobrado está diferente do anunciado e, além disso, ninguém responde ao protocolo.;pagamento;telefone;treino
REC-03242;o pagamento foi recusado mesmo com limite 😤;pagamento;chat;validacao
REC-03243;Olá, o chat nao esclareceu a situação, mas o material parece danificado.;produto;app;teste
REC-03244;Recebi o modelo errado e o pacote voltou para o remetente sem explicação.;produto;app;treino
REC-03245;a etiqueta de postagem não foi liberada há alguns dias.;troca_devolucao;email;treino
REC-03246;preciso de ajuda, não consigo gerar o boleto. preciso de um retorno.;pagamento;email;treino
REC-03247;alguém consegue me ajudar, o item chegou com defeito desde ontem. podem verificar?!!!;produto;site;treino
REC-03248;Gente, o pedido ainda não chegou há alguns dias;entrega;chat;treino
REC-03249;"Ninguém responde minhas mensagens; além disso, o reembolso foi aprovado, porém não caiu.";pagamento;site;validacao
REC-03250;olá, oi, a descrição do anúncio não bate com o que chegou e, além disso, também apareceu uma cobrança que não entendi. preciso de um retorno;produto;email;treino
REC-03251;Solicito orientação: boa tarde, também tentei abrir uma troca. O que mais preciso resolver é que a compra chegou depois da data em que eu precisava. Fico no aguardo.;entrega;chat;treino
REC-03252;Então, estou com uma dúvida, e ainda não consigo retorno no atendimento, mas solicitei troca e recbi instruções contraditórias. Obrigada.;troca_devolucao;app;treino
REC-03253;ENTÃO, PRECISO DE AJUDA, E AINDA NÃO CONSIGO RETORNO NO ATENDIMENTO. O QUE MAIS PRECISO RESOLVER É QUE O RASTREIO PAROU DE ATUALIZAR. AGRADEÇO SE PUDEREM OLHAR ISSO.;entrega;telefone;treino
REC-03254;recebi só uma parte da compra e, além disso, ninguém responde ao protocolo.;entrega;telefone;validacao
REC-03255;boa tarde, o cupom foi aceito e depois o desconto sumiu, mas ao mesmo tempo faltou um acessório dentro da caixa agradeço se puderem olhar isso 😤;pagamento;site;treino
REC-03256;boa tarde, uma parte do kit não veio? podem verificar?;produto;email;validacao
REC-03257;Olá, a encomenda está atrasada e preciso saber o que aconteceu. Fico no aguardo.;entrega;site;treino
REC-03258;Por favor, o produto recebido é diferente do anúncio desde ontem.;produto;app;treino
REC-03259;boa tarde, o aparelho desliga sozinho desde ontem obrigada;produto;email;validacao
REC-03260;Só queria entender, a encomenda está atrasada Isso pode ser verificado, por favor?;entrega;telefone;validacao
REC-03261;Gente, o chat nao esclareceu a situação. O que mais preciso resolver é que o produto veio usado.;produto;telefone;validacao
REC-03262;Gostaria de solicitar apoio: recebi o modelo errado e preciso saber o que aconteceu?;produto;telefone;validacao
REC-03263;A peça veio quebrada há alguns dias?;produto;app;validacao
REC-03264;"Solicitei troca e recebi instruções contraditórias; entretanto a caixa veio com uma peça faltando.";troca_devolucao;telefone;validacao
REC-03265;Uma parte do kit não veio há alguns dias;produto;telefone;treino
REC-03266;O cupom foi aceito e depois o desconto sumiu. Também aconteceu o seguinte: a solicitação de devolução não avança.;troca_devolucao;app;teste
REC-03267;não reconheço uma cobrança relacionada ao pedido.;pagamento;app;teste
REC-03268;O chat me transfere e ninguém assume o caso há alguns dias;atendimento;chat;treino
REC-03269;Alguém consegue me ajudar, o chat não esclareceu a situação, mas o pacote voltou para o remetente sem explicação. Agradeço se puderem olhar isso.;entrega;app;treino
REC-03270;O protocolo foi fechado sem retorno desde ontem?!;atendimento;telefone;treino
REC-03271;"Bom dia, o atendimento encerrou o contato sem resolver; ao mesmo tempo também tentei abrir uma troca. Isso pode ser verificado, por favor?!";atendimento;site;treino
REC-03272;Por favor, a descrição do anúncio não bate com o que chegou. Também aconteceu o seguinte: a resposta recebida não tem relação com a minha dúvida.;atendimento;site;teste
REC-03273;estou tentando devolver o item, mas recebi o modelo errado.;produto;telefone;treino
REC-03274;Então, o cartão foi debitado, mas o pedido não confirmou e preciso saber o que aconteceu;pagamento;email;treino
REC-03275;a entrega foi direcionada para outro endereço desde ontem?!;entrega;telefone;treino
REC-03276;FUI TRATADO DE FORMA POUCO CORDIAL E PRECISO SABER O QUE ACONTECEU?;atendimento;email;treino
REC-03277;Por favor, o item apresentou problema no primeiro uso no meu último pedido;produto;telefone;treino
REC-03278;Gente, só queria entender, o material parece danificado e, além disso, o chat não esclareceu a situação. Isso pode ser verificado, por favor?;produto;site;treino
REC-03279;uma parte do kit n veio desde ontem;produto;app;treino
REC-03280;estou com uma dúvida, preciso substituir o item por outro modelo há alguns dias.;troca_devolucao;email;treino
REC-03281;O suporte pede as mesmas informações toda vez no meu último pedido.;atendimento;site;treino
REC-03282;Gente, estou com uma dúvida, o produto veio usado e preciso saber o que aconteceu. Isso pode ser verificado, por favor?;produto;chat;teste
REC-03283;Preciso de ajuda, a caixa veio com uma peça faltando. O que mais preciso resolver é que a encomenda está atrasada. Isso pode ser verificado, por favor?;entrega;telefone;treino
REC-03284;Por favor, gostaria de registrar, o entregador marcou tentativa sem vir aqui e preciso saber o que aconteceu? Fico no aguardo.;entrega;telefone;teste
REC-03285;Queria uma orientação, a entrega também atrasou. O que mais preciso resolver é que recebi o modelo errado. Agradeço se puderem olhar isso.;produto;site;teste
REC-03286;Gente, já postei a devolução e o status não mudou há alguns dias.;troca_devolucao;telefone;treino
REC-03287;Já postei a devolução e o status não mudou, mas ao mesmo tempo não consigo gerar o boleto.;troca_devolucao;telefone;treino
REC-03288;"A peça veio quebrada; situação observada na compra feita pelo aplicativo.";produto;chat;treino
REC-03289;o chat não esclareceu a situação. o que mais preciso resolver é que o entregador marcou tentativa sem vir aqui. 😤;entrega;telefone;treino
REC-03290;Por favor, quero devolver a compra e não encontro a opção e preciso saber o que aconteceu?;troca_devolucao;chat;treino
REC-03291;Por favor, o protocolo foi fechado sem retorno. Também aconteceu o seguinte: o prazo mudou várias vezes. Isso pode ser verificado, por favor?;entrega;email;treino
REC-03292;Alguém consegue me ajudar, preciso trocar o tamanho recebido e o pacote voltou para o remetente sem explicação. Agradeço se puderem olhar isso.;troca_devolucao;email;treino
REC-03293;a resposta recebida não tem relação com a minha dúvida e preciso saber o que aconteceu?;atendimento;chat;treino
REC-03294;O cupom foi aceito e depois o desconto sumiu e preciso saber o que aconteceu;pagamento;email;treino
REC-03295;OLÁ, ALGUÉM CONSEGUE ME AJUDAR, O PACOTE SUMIU NO TRAJETO HÁ ALGUNS DIAS?;entrega;email;validacao
REC-03296;O pix saiu da conta e a compra continua pendente e o tamanho não corresponde ao informado.;pagamento;telefone;treino
REC-03297;Venho informar, o cupom foi aceito e depois o desconto sumiu e preciso saber o que aconteceu Preciso de um retorno;pagamento;site;treino
REC-03298;"o pix saiu da conta e a compra continua pendente; além disso, o rastreio parou de atualizar.";entrega;site;treino
REC-03299;Alguém consegue me ajudar, a previsão de chegada passou e nada e preciso saber o que aconteceu? Obrigada.;entrega;app;teste
REC-03300;Gente, foi incluída uma taxa que não estava prevista no meu último pedido;pagamento;chat;treino
REC-03301;A peça veio quebrada;produto;app;treino
REC-03302;Oi, oi, a entrega foi direcionada para outro endereço? Obrigado.;entrega;email;treino
REC-03303;"foi incluída uma taxa que n estava prevista; além disso, o acabamento veio com marcas.";produto;telefone;treino
REC-03304;Gente, só queria entender, consta como entregue, mas não recebi e, além disso, a caixa veio com uma peça faltando. Como resolvo?;entrega;chat;treino
REC-03305;não sei onde acompanhar minha devolução, mas ao mesmo tempo a cor veio diferente da escolhida.;troca_devolucao;app;validacao
REC-03306;O MODELO RECEBIDO NÃO ERA EXATAMENTE O ESPERADO, MAS NÃO CONSIGO LOCALIZAR ONDE ESTÁ A ENCOMENDA.;entrega;site;validacao
REC-03307;Pessoal, não reconheço uma cobrança relacionada ao pedido desde ontem Conseguem me orientar?;pagamento;app;treino
REC-03308;O estorno ainda está pendente, mas o suporte pede as mesmas informações toda vez.;atendimento;chat;treino
REC-03309;Só queria entender, o item apresentou problema no primeiro uso desde ontem? Obrigado.;produto;app;treino
REC-03310;bom dia, o pagamento foi recusado mesmo com limite como resolvo 😕;pagamento;email;treino
REC-03311;Preciso trocar o tamanho recebido. Também aconteceu o seguinte: o item chegou com defeito.;produto;email;validacao
REC-03312;"Então, venho informar, recebi informações diferentes de cada atendente; além disso, já postei a devolução e o status não mudou. Agradeço se puderem olhar isso";troca_devolucao;telefone;treino
REC-03313;Queria uma orientação, o pix saiu da conta e a compra continua pendente no meu último pedido Obrigado.;pagamento;email;treino
REC-03314;Por favor, alguém consegue me ajudar, solicitei troca e recebi instruções contraditórias? Obrigada;troca_devolucao;chat;treino
REC-03315;A entrega foi direcionada para outro endereço;entrega;app;treino
REC-03316;A cor veio diferente da escolhida;produto;site;treino
REC-03317;preciso de ajuda, a devolução não aparece no sistema, mas a compra chegou depois da data em que eu precisava.;entrega;telefone;validacao
REC-03318;"olá, não consigo gerar o boleto; além disso, a descrição do anúncio não bate com o que chegou.";produto;email;teste
REC-03319;a embalagem estava intacta, mas o item não funciona e preciso saber o que aconteceu;produto;site;treino
REC-03320;A parcela veio com valor incorreto há alguns dias;pagamento;email;treino
REC-03321;Estou com uma dúvida, faltou um acessório dentro da caixa e, além disso, o desconto não foi aplicado. Fico no aguardo.;produto;app;teste
REC-03322;queria uma orientação, não consigo localizar onde está a encomenda e preciso saber o que aconteceu preciso de um retorno.;entrega;email;treino
REC-03323;Por favor, o aparelho desliga sozinho e preciso saber o que aconteceu. Obrigada.;produto;telefone;treino
REC-03324;Registro a seguinte situação: a parcela veio com valor incorreto desde ontem!;pagamento;telefone;treino
REC-03325;"Registro a seguinte situação: o prazo mudou várias vezes; e a caixa veio com uma peça faltando.";entrega;telefone;treino
REC-03326;O chat me transfere e ninguém assume o caso desde ontem;atendimento;chat;treino
REC-03327;Gente, pessoal, e ainda não consigo retorno no atendimento, mas o item chegou com defeito. Podem verificar?;produto;site;treino
REC-03328;O rastreio parou de atualizar e a descrição do anúncio não bate com o que chegou.;entrega;email;treino
REC-03329;O pacote demorou a chegar, mas o pix saiu da conta e a compra continua pendente.;pagamento;app;treino
REC-03330;faltou um acessório dentro da caixa. também aconteceu o seguinte: estou esperando a encomenda há mais tempo que o informado.;entrega;app;treino
REC-03331;tbm apareceu uma cobrança que não entendi. o que mais preciso resolver é que recebi só uma parte da compra.;entrega;app;treino
REC-03332;o cupom foi aceito e depois o desconto sumiu desde ontem.;pagamento;chat;treino
REC-03333;PESSOAL, O CHAT ME TRANSFERE E NINGUÉM ASSUME O CASO? FICO NO AGUARDO.;atendimento;email;validacao
REC-03334;O estorno ainda não apareceu?;pagamento;app;treino
REC-03335;Gente, a encomenda está atrasada há alguns dias?;entrega;app;treino
REC-03336;O modelo recebido não era exatamente o esperado. O que mais preciso resolver é que não consigo atendimento humano.;atendimento;app;validacao
REC-03337;;produto;app;treino
REC-03338;a parcela veio com valor incorreto. Isso aconteceu desde ontem.;pagamento;app;validacao
REC-03339;"Não consigo gerar o boletoo; além disso, o prazo mudou várias vezes";entrega;telefone;treino
REC-03340;Registro a seguinte situação: olá, o rastreio parou de atualizar no meu último pedido. Agradeço se puderem olhar isso.;entrega;app;treino
REC-03341;Gostaria de registrar, a entrega também atrasou, mas enviei o item de volta e ainda não confirmaram o recebimento.;troca_devolucao;chat;treino
REC-03342;"Gente, preciso de ajuda, o cupom foi aceito e depois o desconto sumiu; entretanto o item também veio com uma avaria. Agradeço se puderem olhar isso.";pagamento;app;treino
REC-03343;Ninguém responde minhas mensagens no meu último pedido!;atendimento;telefone;validacao
REC-03344;Não consigo gerar o boleto e preciso saber o que aconteceu.;pagamento;site;treino
REC-03345;Registro a seguinte situação: não consigo atendimento humano no meu último pedido;atendimento;site;treino
REC-03346;Faltou um acessório dentro da caixa no meu último pedido;produto;telefone;treino
REC-03347;E ainda não consigo retorno no atendimento, mas o item apresentou problema no primeiro uso.;produto;email;treino
REC-03348;Gente, o pacote sumiu no trajeto e não reconheço uma cobrança relacionada ao pedido!;entrega;email;treino
REC-03349;Só queria entender, o pix saiu da conta e a compra continua pendente?;pagamento;site;treino
REC-03350;Preciso substituir o item por outro modelo e a parcela veio com valor incorreto.;troca_devolucao;chat;treino
REC-03351;Alguém consegue me ajudar, a compra chegou depois da data em que eu precisava há alguns dias. Como resolvo?;entrega;app;treino
REC-03352;Bom dia, consta como entregue, mas não recebi Obrigada.;entrega;chat;treino
REC-03353;"O item apresentou problema no primeiro uso e preciso saber o que aconteceu; situação observada na compra feita pelo site.";produto;site;teste
REC-03354;Estou esperando a encomenda há mais tempo que o informado, mas ao mesmo tempo nao consigo atendimento humano.;entrega;app;validacao
REC-03355;O cartão foi debitado, mas o pedido não confirmou no meu último pedido.;pagamento;chat;validacao
REC-03356;Registro a seguinte situação: não consigo localizar onde está a encomenda no meu último peddo?;entrega;telefone;treino
REC-03357;Alguém consegue me ajudar, consta como entregue, mas nao recebi e, além disso, e ainda nao consigo retorno no atendimento. Agradeço se puderem olhar isso.;entrega;telefone;teste
REC-03358;"Gente, bom dia, a compra chegou depois da data em que eu precisava; só que o estorno ainda está pendente.";entrega;email;validacao
REC-03359;Solicito orientação: estou esperando a encomenda há mais tempo que o informado no meu último pedido;entrega;chat;treino
REC-03360;"bom dia, a solicitação de devolução não avança; ao mesmo tempo ninguém responde ao protocolo. preciso de um retorno.";troca_devolucao;telefone;treino
REC-03361;Olá, só queria entender, o item apresentou problema no primeiro uso. Obrigada.;produto;chat;treino
REC-03362;"O pedido ainda não chegou; além disso, o reembolso foi aprovado, porém não caiu.";pagamento;telefone;validacao
REC-03363;O suporte pede as mesmas informações toda vez no meu último pedido? Fico no aguardo.;atendimento;app;treino
REC-03364;Então, venho informar, a descrição do anúncio não bate com o que chegou. Também aconteceu o seguinte: meu chamado está sem atualização.;atendimento;telefone;treino
REC-03365;"ninguém responde minhas mensagens; além disso, a descrição do anúncio não bate com o que chegou.";produto;chat;teste
REC-03366;Por favor, fui tratado de forma pouco cordial.;atendimento;email;treino
REC-03367;Gente, recebi o modelo errado há alguns dias;produto;email;validacao
REC-03368;Gostaria de solicitar apoio: recbi informações diferentes de cada atendente e solicitei troca e recbi instruções contraditórias.;atendimento;app;treino
REC-03369;quero cancelar a compra e devolver o que recebi?;troca_devolucao;site;validacao
REC-03370;Alguém consegue me ajudar, o desconto não foi aplicado. O que mais preciso resolver é que o pedido ainda não chegou. Obrigada.;entrega;chat;teste
REC-03371;Solicito orientação: o produto recebido é diferente do anúncio;produto;site;treino
REC-03372;a compra foi cancelada, mas a cobrança permaneceu. também aconteceu o seguinte: o pedido ainda não chegou.;entrega;app;treino
REC-03373;"Oi, a parcela veio com valor incorreto; ao mesmo tempo e ainda não consigo retorno no atendimento.";pagamento;chat;treino
REC-03374;Pessoal, estou esperando a encomenda há mais tempo que o informado no meu último pedido? Como resolvo?;entrega;email;treino
REC-03375;"A transportadora não apareceu no endereço; preciso de retorno.";entrega;email;treino
REC-03376;Por favor, alguém consegue me ajudar, a previsão de chegada passou e nada e a ligação caiu e ninguém retomou o contato.;entrega;chat;treino
REC-03377;"olá, o atendimento encerrou o contato sem resolver; porém a caixa veio com uma peça faltando fico no aguardo ...";atendimento;app;treino
REC-03378;Venho informar, a cor veio diferente da escolhida há alguns dias. Agradeço se puderem olhar isso.;produto;chat;treino
REC-03379;Então, queria uma orientação, a caixa veio com uma peça faltando, mas a entrega foi direcionada para outro endereço;entrega;email;treino
REC-03380;a ligação caiu e ninguém retomou o contato há alguns dias 😕, no pedido que fiz para casa.;atendimento;telefone;treino
REC-03381;Solicito orientação: o estorno ainda está pendente. O que mais preciso resolver é que solicitei troca e recebi instruções contraditórias.;troca_devolucao;email;treino
REC-03382;oi, o pagamento foi recusado mesmo com limite desde ontem?!;pagamento;app;validacao
REC-03383;solicitei troca e recebi instruções contraditórias também aconteceu o seguinte: foi incluída uma taxa que não estava prevista;pagamento;email;teste
REC-03384;"Ninguém responde minhas mensagens; além disso, o pacote voltou para o remetente sem explicação.";entrega;chat;validacao
REC-03385;O modelo recebido não era exatamente o esperado, mas preciso trocar o tamanho recebido.;troca_devolucao;chat;validacao
REC-03386;Gente, boa tarde, meu chamado esta sem atualização e preciso saber o que aconteceu. Como resolvo?;atendimento;telefone;treino
REC-03387;O estorno ainda não apareceu e, além disso, também tentei abrir uma troca.;pagamento;app;teste
REC-03388;Por favor, o prazo mudou várias vezes desde ontem;entrega;app;teste
REC-03389;Solicito orientação: o atendimento encerrou o contato sem resolver desde ontem.;atendimento;chat;teste
REC-03390;Então, o pacote voltou para o remetente sem explicação no meu último pedido.;entrega;site;treino
REC-03391;Preciso substituir o item por outro modelo no meu último pedido? Obrigada.;troca_devolucao;chat;validacao
REC-03392;O APARELHO DESLIGA SOZINHO HÁ ALGUNS DIAS.;produto;app;treino
REC-03393;Gostaria de solicitar apoio: só queria entender, a coleta da devolução não aconteceu? Obrigada.;troca_devolucao;chat;treino
REC-03394;"OLÁ, OLÁ, O ACABAMENTO VEIO COM MARCAS; ALÉM DISSO, ESTOU ESPERANDO A ENCOMENDA HÁ MAIS TEMPO QUE O INFORMADO. PODEM VERIFICAR?";entrega;site;teste
REC-03395;Não consigo atendimento humano e, além disso, a devolução não aparece no sistema.;atendimento;chat;treino
REC-03396;Bom dia, a etiqueta de postagem não foi liberada desde ontem Preciso de um retorno.;troca_devolucao;telefone;treino
REC-03397;a entrega foi direcionada pra outro endereço e preciso saber o que aconteceu;entrega;chat;treino
REC-03398;O aparelho desliga sozinho e preciso saber o que aconteceu?;produto;email;treino
REC-03399;Gente, bom dia, a ligação caiu e ninguém retomou o contato há alguns dias. Como resolvo?;atendimento;telefone;treino
REC-03400;Oi, a transportadora não apareceu no endereço e, além disso, o item também veio com uma avaria!;entrega;email;treino
REC-03401;O pacote demorou a chegar, mas a peça veio quebrada, desde ontem.;produto;email;treino
REC-03402;Também apareceu uma cobrança que nao entendi. O que mais preciso resolver é que o entregador marcou tentativa sem vir aqui.;entrega;chat;treino
REC-03403;Solicito orientação: o material parece danificado desde ontem?;produto;email;teste
REC-03404;faltou um acessório dentro da caixa há alguns dias!;produto;telefone;treino
REC-03405;Olá, o produto recebido é diferente do anúncio e preciso saber o que aconteceu.;produto;telefone;treino
REC-03406;pessoal, não reconheço uma cobrança relacionada ao pedido desde ontem obrigado.;pagamento;email;treino
REC-03407;A compra foi cancelada, mas a cobrança permaneceu e, além disso, o chat não esclareceu a situação.;pagamento;chat;validacao
REC-03408;meu chamado está sem atualização;atendimento;site;treino
REC-03409;Oi, a troca foi aprovada, mas o novo item nao foi enviado e preciso saber o que aconteceu.;troca_devolucao;app;treino
REC-03410;o pacote sumiu no trajeto;entrega;app;validacao
REC-03411;Não sei onde acompanhar minha devolução no meu último pedido.;troca_devolucao;app;teste
REC-03412;O chat me transfere e ninguém assume o caso desde ontem!;atendimento;app;treino
REC-03413;A caixa veio com uma peça faltando, mas quero devolver a compra e nao encontro a opção.;troca_devolucao;app;teste
REC-03414;Gostaria de registrar, o modelo recebido não era exatamente o esperado. O que mais preciso resolver é que a ligação caiu e ninguém retomou o contato. Como resolvo?;atendimento;app;treino
REC-03415;Gostaria de solicitar apoio: a cor veio diferente da escolhida;produto;chat;treino
REC-03416;Então, por favor, a descrição do anúncio não bate com o que chegou há alguns dias Obrigado.;produto;app;treino
REC-03417;Bom dia, já postei a devolução e o status não mudou e preciso saber o que aconteceu. Agradeço se puderem olhar isso.;troca_devolucao;email;treino
REC-03418;"recebi o modelo errado; situação observada na última compra.";produto;site;treino
REC-03419;venho informar, a solicitação de devolução não avança e a ligação caiu e ninguém retomou o contato. obrigada.;troca_devolucao;app;treino
REC-03420;Na última compra, a peça veio quebrada.;produto;telefone;treino
REC-03421;venho informar, e ainda n consigo retorno no atendimento. o que mais preciso resolver é que a troca foi aprovada, mas o novo item n foi enviado. fico no aguardo.;troca_devolucao;telefone;treino
REC-03422;"O prazo de troca está correndo e não consigo abrir a solicitação; além disso, não consigo atendimento humano.";atendimento;site;treino
REC-03423;O chat não esclareceu a situação, mas faltou um acessório dentro da caixa. Fico no aguardo;produto;app;treino
REC-03424;Venho informar, não reconheço uma cobrança relacionada ao peddo no meu último peddo Podem verificar?;pagamento;chat;treino
REC-03425;"não consigo localizar onde está a encomenda; e o modelo recebido não era exatamente o esperado.";entrega;telefone;treino
REC-03426;Por favor, alguém consegue me ajudar, o acabamento veio com marcas. Obrigada.;produto;site;treino
REC-03427;O rastreio está confuso. O que mais preciso resolver é que solicitei troca e recebi instruções contraditórias!;troca_devolucao;chat;teste
REC-03428;"a coleta da devolução não aconteceu; além disso, o produto veio usado.";produto;telefone;treino
REC-03429;Bom dia, a compra chegou depois da data em que eu precisava, mas ao mesmo tempo o estorno ainda não apareceu.;entrega;chat;treino
REC-03430;Alguém consegue me ajudar, também apareceu uma cobrança que não entendi. O que mais preciso resolver é que o pedido ainda não chegou. Como resolvo?;entrega;app;teste
REC-03431;Então, boa tarde, o cartão foi debitado, mas o pedido não confirmou no meu último pedido? Conseguem me orientar?!;pagamento;site;treino
REC-03432;preciso de ajuda, o rastreio parou de atualizar no meu último peddo agradeço se puderem olhar isso;entrega;site;validacao
REC-03433;Por favor, não consigo localizar onde está a encomenda há alguns dias.;entrega;telefone;treino
REC-03434;o rastreio parou de atualizar e, além disso, a caixa veio com uma peça faltando.;entrega;telefone;treino
REC-03435;O pacote sumiu no trajeto e o produto veio usado;entrega;chat;treino
REC-03436;Olá, a coleta da devolução não aconteceu desde ontem;troca_devolucao;telefone;treino
REC-03437;Oi, venho informar, a transportadora não apareceu no endereço desde ontem Isso pode ser verificado, por favor?;entrega;site;treino
REC-03438;A compra chegou depois da data em que eu precisava. Também aconteceu o seguinte: não reconheço uma cobrança relacionada ao pedido.;pagamento;site;treino
REC-03439;também tentei abrir uma troca. o que mais preciso resolver é que o item chegou com defeito.;produto;telefone;validacao
REC-03440;Gostaria de solicitar apoio: boa tarde, o valor cobrado está diferente do anunciado desde ontem? Obrigada.;pagamento;app;treino
REC-03441;olá, o estorno ainda está pendente. o que mais preciso resolver é que a embalagem estava intacta, mas o item não funciona.;produto;telefone;treino
REC-03442;"Gente, a compra foi cancelada, mas a cobrança permaneceu; entretanto e ainda não consigo retorno no atendimento.";pagamento;chat;treino
REC-03443;pessoal, o pacote sumiu no trajeto há alguns dias. obrigado.;entrega;telefone;treino
REC-03444;Também tentei abrir uma troca, mas recebi o modelo errado, desde a última atualização do rastreio.;produto;email;treino
REC-03445;Oi, o rastreio está confuso. O que mais preciso resolver é que estou tentando falar com alguém há dias.;atendimento;telefone;treino
REC-03446;estou tentando devolver o item, mas a embalagem estava intacta, mas o item não funciona!;produto;telefone;treino
REC-03447;Oi, queria uma orientação, o produto veio usado no meu último pedido?;produto;app;treino
REC-03448;Então, não consigo gerar o boleto há alguns dias.;pagamento;email;validacao
REC-03449;"o pedido ainda não chegou; mas também apareceu uma cobrança q não entendi.";entrega;email;treino
REC-03450;"Fui tratado de forma pouco cordial; entretanto a entrega também atrasou.";atendimento;app;teste
REC-03451;"O valor cobrado está diferente do anunciado; ao mesmo tempo e ainda não consigo retorno no atendimento.";pagamento;email;treino
REC-03452;Gostaria de registrar, a troca foi aprovada, mas o novo item não foi enviado há alguns dias? Isso pode ser verificado, por favor?!;troca_devolucao;email;treino
REC-03453;"A transportadora não apareceu no endereço e, além disso, estou tentando devolver o item; situação observada desde o fim de semana.";entrega;site;teste
REC-03454;A parcela veio com valor incorreto há alguns dias?;pagamento;app;treino
REC-03455;a cor veio diferente da escolhida há alguns dias;produto;chat;validacao
REC-03456;Registro a seguinte situação: o acabamento veio com marcas e estou esperando a encomenda há mais tempo que o informado.;produto;chat;treino
REC-03457;O valor cobrado está diferente do anunciado há alguns dias?;pagamento;chat;treino
REC-03458;Por favor, a descrição do anúncio não bate com o que chegou, mas ao mesmo tempo a resposta recebida não tem relação com a minha dúvida;produto;email;teste
REC-03459;boa tarde, uma parte do kit não veio. tbm aconteceu o seguinte: enviei o item de volta e ainda não confirmaram o recebimento. conseguem me orientar?;troca_devolucao;app;treino
REC-03460;estou tentando devolver o item, mas o pacote sumiu no trajeto. 🙂;entrega;chat;treino
REC-03461;O item chegou com defeito, mas ao mesmo tempo a parcela veio com valor incorreto.;produto;telefone;treino
REC-03462;A ligação caiu e ninguém retomou o contato e, além disso, houve problema com a transportadora.;atendimento;chat;teste
REC-03463;o aparelho desliga sozinho desde ontem;produto;app;validacao
REC-03464;bom dia, a peça veio quebrada. fico no aguardo. 😕;produto;app;treino
REC-03465;Estou tentando devolver o item. O que mais preciso resolver é que a compra chegou depois da data em que eu precisava.;entrega;site;treino
REC-03466;Então, alguém consegue me ajudar, também tentei abrir uma troca. O que mais preciso resolver é que o cartão foi debitado, mas o pedido não confirmou. Agradeço se puderem olhar isso.;pagamento;email;teste
REC-03467;Estou com uma dúvida, o item também veio com uma avaria, mas o sistema diz pagamento pendente, mas já paguei. Podem verificar?;pagamento;site;treino
REC-03468;Solicito orientação: a encomenda está atrasada no meu último pedido.;entrega;email;treino
REC-03469;venho informar, o estorno ainda não apareceu desde ontem. obrigado;pagamento;email;treino
REC-03470;recbi só uma parte da compra no meu último pedido.;entrega;chat;treino
REC-03471;gostaria de registrar, faltou um acessório dentro da caixa e, além disso, o chat não esclareceu a situação. preciso de um retorno.;produto;email;treino
REC-03472;Por favor, já postei a devolução e o status não mudou e o item apresentou problema no primeiro uso.;troca_devolucao;site;treino
REC-03473;prometeram retorno e n retornaram e, além disso, o pacote demorou a chegar;atendimento;chat;treino
REC-03474;"Olá, o item apresentou problema no primeiro uso; mas e ainda não consigo retorno no atendimento.";produto;chat;treino
REC-03475;preciso de ajuda, a devolução n aparece no sistema. o que mais preciso resolver é que o prazo mudou várias vezes.;entrega;email;validacao
REC-03476;Oi, boa tarde, solicitei troca e recebi instruções contraditórias e preciso saber o que aconteceu Conseguem me orientar?;troca_devolucao;site;treino
REC-03477;houve problema com a transportadora. o que mais preciso resolver é que a parcela veio com valor incorreto.;pagamento;site;validacao
REC-03478;"o chat me transfere e ninguém assume o caso; além disso, o pacote voltou para o remetente sem explicação";entrega;site;treino
REC-03479;Então, alguém consegue me ajudar, o aparelho desliga sozinho e preciso saber o que aconteceu. Conseguem me orientar?;produto;app;teste
REC-03480;Por favor, pessoal, também apareceu uma cobrança que não entendi, mas o produto veio usado. Agradeço se puderem olhar isso.;produto;chat;teste
REC-03481;Já postei a devolução e o status não mudou. Também aconteceu o seguinte: meu chamado está sem atualização.;atendimento;telefone;treino
REC-03482;"Olá, o pacote voltou para o remetente sem explicação; apesar disso o item também veio com uma avaria.";entrega;telefone;treino
REC-03483;O rastreio parou de atualizar desde ontem. Isso aconteceu desde o fim de semana.;entrega;chat;treino
REC-03484;A TROCA FOI APROVADA, MAS O NOVO ITEM NÃO FOI ENVIADO DESDE ONTEM.;troca_devolucao;telefone;treino
REC-03485;Olá, por favor, o protocolo foi fechado sem retorno no meu último pedido Podem verificar?;atendimento;email;validacao
REC-03486;A coleta da devolução não aconteceu e o produto recebido é diferente do anúncio.;troca_devolucao;email;treino
REC-03487;gostaria de registrar, não consigo atendimento humano desde ontem!;atendimento;app;treino
REC-03488;Não consigo localizar onde está a encomenda há alguns dias?;entrega;app;validacao
REC-03489;Estou com uma dúvida, a solicitação de devolução não avança, mas ao mesmo tempo a embalagem estava intacta, mas o item não funciona. Isso pode ser verificado, por favor?;troca_devolucao;email;treino
REC-03490;O cupom foi aceito e depois o desconto sumiu e, além disso, o pacote demorou a chegar.;pagamento;telefone;treino
REC-03491;Gente, ninguém responde ao protocolo, mas o prazo mudou várias vezes.;entrega;site;treino
REC-03492;Estou com uma dúvida, preciso substituir o item por outro modelo Preciso de um retorno.;troca_devolucao;email;treino
REC-03493;"Oi, a compra foi cancelada, mas a cobrança permaneceu; apesar disso e ainda não consigo retorno no atendimento. Conseguem me orientar?";pagamento;app;validacao
REC-03494;Gostaria de solicitar apoio: a entrega foi direcionada para outro endereço. Também aconteceu o seguinte: a cor veio diferente da escolhida.;produto;chat;treino
REC-03495;recebi o modelo errado no meu último pedido.;produto;telefone;treino
REC-03496;preciso de ajuda, o acabamento veio com marcas. fico no aguardo.;produto;site;teste
REC-03497;o sistema diz pagamento pendente, mas já paguei no meu último pedido;pagamento;chat;teste
REC-03498;Queria uma orientação, o produto veio usado e preciso saber o que aconteceu? Preciso de um retorno.;produto;telefone;treino
REC-03499;Gente, a transportadora não apareceu no endereço. Também aconteceu o seguinte: a compra foi cancelada, mas a cobrança permaneceu.;pagamento;app;treino
REC-03500;Gostaria de registrar, a compra foi cancelada, mas a cobrança permaneceu há alguns dias Isso pode ser verificado, por favor?;pagamento;email;treino
REC-03501;Olá, o tamanho não corresponde ao informado há alguns dias?;produto;email;treino
REC-03502;Faltou um acessório dentro da caixa e preciso saber o que aconteceu.;produto;telefone;validacao
REC-03503;"queria uma orientação, o pix saiu da conta e a compra continua pendente; só q a caixa veio com uma peça faltando.";pagamento;chat;treino
REC-03504;Estou com uma dúvida, também apareceu uma cobrança que não entendi. O que mais preciso resolver é que o produto recebido é diferente do anúncio.;produto;chat;validacao
REC-03505;"Gostaria de solicitar apoio: a peça veio quebrada desde ontem; situação observada depois de alguns dias.";produto;telefone;treino
REC-03506;o rastreio parou de atualizar no meu último pedido;entrega;email;treino
REC-03507;Então, a encomenda está atrasada desde ontem.;entrega;app;validacao
REC-03508;Desde ontem, a parcela veio com valor incorreto há alguns dias.;pagamento;telefone;treino
REC-03509;Também tentei abrir uma troca. O que mais preciso resolver é que o estorno ainda não apareceu.;pagamento;site;validacao
REC-03510;Gente, o item chegou com defeito desde ontem.;produto;chat;teste
REC-03511;o desconto não foi aplicado. o que mais preciso resolver é que o prazo de troca está correndo e não consigo abrir a solicitação. obrigada.;troca_devolucao;telefone;treino
REC-03512;Então, o material parece danificado e preciso saber o que aconteceu?;produto;app;treino
REC-03513;Boa tarde, o reembolso foi aprovado, porém não caiu no meu último pedido Obrigada.;pagamento;telefone;treino
REC-03514;o acabamento veio com marcas e o rastreio parou de atualizar.;produto;telefone;treino
REC-03515;"O acabamento veio com marcas; apesar disso o desconto não foi aplicado.";produto;email;treino
REC-03516;Solicito orientação: preciso de ajuda, enviei o item de volta e ainda não confirmaram o recebimento no meu último pedido? Conseguem me orientar?;troca_devolucao;app;treino
REC-03517;Por favor, estou tentando falar com alguém há dias.;atendimento;site;validacao
REC-03518;Estou com uma dúvida, recbi o modelo errado há alguns dias. Como resolvo?!;produto;app;teste
REC-03519;"A etiqueta de postagem não foi liberada; e também apareceu uma cobrança que não entendi.";troca_devolucao;site;treino
REC-03520;"O pix saiu da conta e a compra continua pendente; só que ninguém responde ao protocolo.";pagamento;chat;treino
REC-03521;a compra chegou depois da data em que eu precisava há alguns dias;entrega;telefone;treino
REC-03522;o produto recebido é diferente do anúncio há alguns dias;produto;app;treino
REC-03523;Uma parte do kit não veio há alguns dias?!;produto;email;treino
REC-03524;preciso de ajuda, o rastreio está confuso o que mais preciso resolver é que o reembolso foi aprovado, porém não caiu isso pode ser verificado, por favor;pagamento;email;treino
REC-03525;O chat me transfere e ninguém assume o caso?;atendimento;telefone;treino
REC-03526;Estou com uma dúvida, e ainda não consigo retorno no atendimento. O que mais preciso resolver é que o prazo mudou várias vezes. Como resolvo?;entrega;telefone;treino
REC-03527;Preciso de ajuda, o pacote voltou para o remetente sem explicação desde ontem. Obrigada.;entrega;email;treino
REC-03528;a cor veio diferente da escolhida e o suporte pede as mesmas informações toda vez;produto;email;treino
REC-03529;uma parte do kit n veio?;produto;site;validacao
REC-03530;Solicito orientação: a cor veio diferente da escolhida, mas ao mesmo tempo preciso substituir o item por outro modelo.;produto;email;treino
REC-03531;Estou com uma dúvida, foi incluída uma taxa que não estava prevista no meu último pedido Obrigada.;pagamento;email;treino
REC-03532;também tentei abrir uma troca. o que mais preciso resolver é que o atendimento encerrou o contato sem resolver.;atendimento;app;teste
REC-03533;Alguém consegue me ajudar, o chat não esclareceu a situação. O que mais preciso resolver é que preciso trocar o tamanho recbido. Agradeço se puderem olhar isso;troca_devolucao;email;treino
REC-03534;O entregador marcou tentativa sem vir aqui e, além disso, o modelo recebido não era exatamente o esperado.;entrega;telefone;validacao
REC-03535;boa tarde, a parcela veio com valor incorreto, mas ao mesmo tempo o material parece danificado podem verificar!!!;pagamento;telefone;treino
REC-03536;Então, o tamanho não corresponde ao informado e preciso saber o que aconteceu;produto;telefone;treino
REC-03537;Depois da atualização do pedido, a cor veio diferente da escolhida há alguns dias.;produto;telefone;treino
REC-03538;Gente, o item também veio com uma avaria. O que mais preciso resolver é que foi incluída uma taxa que não estava prevista.;pagamento;app;treino
REC-03539;Por favor, houve problema com a transportadora. O que mais preciso resolver é que o valor cobrado está diferente do anunciado.;pagamento;chat;teste
REC-03540;Preciso de ajuda, o atendente informou um procedimento que não funciona e foi incluída uma taxa que não estava prevista. Obrigado.;atendimento;chat;treino
REC-03541;Então, queria uma orientação, o prazo mudou várias vezes há alguns dias. Preciso de um retorno.;entrega;app;treino
REC-03542;alguém consegue me ajudar, o cartão foi debitado, mas o pedido não confirmou desde ontem.;pagamento;chat;validacao
REC-03543;Gente, bom dia, a embalagem estava intacta, mas o item não funciona. Também aconteceu o seguinte: o prazo de troca está correndo e não consigo abrir a solicitação.;troca_devolucao;chat;treino
REC-03544;Oi, estou tentando devolver o item, mas o entregador marcou tentativa sem vir aqui.;entrega;email;treino
REC-03545;Por favor, o sistema bloqueia a opção de devolução desde ontem. Podem verificar?;troca_devolucao;telefone;treino
REC-03546;Em uma compra recente, faltou um acessório dentro da caixa há alguns dias.;produto;email;treino
REC-03547;Oi, oi, o item também veio com uma avaria. O que mais preciso resolver é que a previsão de chegada passou e nada. Isso pode ser verificado, por favor.;entrega;site;teste
REC-03548;O protocolo foi fechado sem retorno há alguns dias?;atendimento;telefone;treino
REC-03549;O pagamento foi recusado mesmo com limite, mas ao mesmo tempo não consigo atendimento humano;pagamento;site;treino
REC-03550;Por favor, o chat me transfere e ninguém assume o caso, mas ao mesmo tempo a compra foi cancelada, mas a cobrança permaneceu. obrigado.;atendimento;site;validacao
REC-03551;Já postei a devolução e o status não mudou?;troca_devolucao;site;teste
REC-03552;O modelo recebido não era exatamente o esperado. O que mais preciso resolver é que o chat me transfere e ninguém assume o caso.;atendimento;email;treino
REC-03553;Oi, o cupom foi aceito e depois o desconto sumiu, mas ao mesmo tempo a encomenda está atrasada.;pagamento;app;treino
REC-03554;Então, a entrega foi direcionada para outro endereço desde ontem;entrega;site;validacao
REC-03555;A cor veio diferente da escolhida, mas ao mesmo tempo enviei o item de volta e ainda não confirmaram o recebimento.;produto;site;treino
REC-03556;O rastreio parou de atualizar e, além disso, a caixa veio com uma peça faltando.;entrega;app;treino
REC-03557;Por favor, já postei a devolução e o status não mudou no meu último pedido.;troca_devolucao;app;validacao
REC-03558;Solicito orientação: o pix saiu da conta e a compra continua pendente;pagamento;telefone;treino
REC-03559;"Oi, o protocolo foi fechado sem retorno; porém a devolução não aparece no sistema Podem verificar?";atendimento;app;treino
REC-03560;O atendimento encerrou o contato sem resolver e a transportadora não apareceu no endereço.;atendimento;chat;validacao
REC-03561;Gente, consta como entregue, mas não recebi?;entrega;chat;treino
REC-03562;"venho informar, a encomenda está atrasada; apesar disso o estorno ainda está pendente. podem verificar?";entrega;site;teste
REC-03563;A compra foi cancelada, mas a cobrança permaneceu e a resposta recebida não tem relação com a minha dúvida.;pagamento;email;treino
REC-03564;o pacote voltou para o remetente sem explicação desde ontem;entrega;site;treino
REC-03565;Oi, solicitei troca e recebi instruções contraditórias desde ontem;troca_devolucao;chat;treino
REC-03566;O pagamento foi recusado mesmo com limite desde ontem;pagamento;email;treino
REC-03567;ninguém responde ao protocolo, mas o acabamento veio com marcas.;produto;chat;treino
REC-03568;a resposta recebida não tem relação com a minha dúvida também aconteceu o seguinte: o pacote voltou pra o remetente sem explicação;entrega;telefone;validacao
REC-03569;"O reembolso foi aprovado, porém não caiu; ao mesmo tempo a entrega também atrasou.";pagamento;chat;treino
REC-03570;O rastreio está confuso, mas o cartão foi debitado, mas o pedido não confirmou.;pagamento;telefone;treino
REC-03571;Solicito orientação: ninguém responde minhas mensagens e preciso saber o que aconteceu;atendimento;email;validacao
REC-03572;"a parcela veio com valor incorreto; além disso, o aparelho desliga sozinho";produto;site;treino
REC-03573;Então, recebi o modelo errado?;produto;chat;treino
REC-03574;Preciso de ajuda, o cupom foi aceito e depois o desconto sumiu e recebi só uma parte da compra.;pagamento;site;treino
REC-03575;"A coleta da devoluçao não aconteceu; além disso, o rastreio parou de atualizar.";entrega;chat;treino
REC-03576;;pagamento;app;treino
REC-03577;Por favor, a devolução não aparece no sistema, mas uma parte do kit não veio.;produto;site;treino
REC-03578;Não reconheço uma cobrança relacionada ao pedido;pagamento;email;treino
REC-03579;a caixa veio com uma peça faltando, mas a transportadora não apareceu no endereço.;entrega;email;treino
REC-03580;Queria uma orientação, a previsão de chegada passou e nada. Podem verificar?;entrega;chat;validacao
REC-03581;Olá, o atendimento encerrou o contato sem resolver.;atendimento;app;validacao
REC-03582;Então, também apareceu uma cobrança que não entendi, mas o material parece danificado.;produto;site;treino
REC-03583;Oi, a etiqueta de postagem não foi liberada há alguns dias.;troca_devolucao;site;treino
REC-03584;"o pagamento foi recusado mesmo com limite; além disso, consta como entregue, mas n recebi.";entrega;site;treino
REC-03585;Gente, recebi informações diferentes de cada atendente e preciso saber o que aconteceu.;atendimento;chat;treino
REC-03586;o desconto n foi aplicado, mas o rastreio parou de atualizar.;entrega;chat;treino
REC-03587;Oi, boa tarde, o acabamento veio com marcas no meu último pedido.;produto;telefone;treino
REC-03588;Registro a seguinte situação: pessoal, a compra foi cancelada, mas a cobrança permaneceu no meu último peddo? Obrigado.;pagamento;chat;treino
REC-03589;A cor veio diferente da escolhida.;produto;email;treino
REC-03590;estou tentando devolver o item, mas a ligação caiu e ninguém retomou o contato.;atendimento;telefone;validacao
REC-03591;Pessoal, o pacote voltou para o remetente sem explicação há alguns dias. Podem verificar?;entrega;chat;treino
REC-03592;O tamanho não corresponde ao informado. Isso aconteceu na compra feita pelo site.;produto;chat;treino
REC-03593;alguém consegue me ajudar, não consigo localizar onde está a encomenda desde ontem agradeço se puderem olhar isso.;entrega;chat;teste
REC-03594;Registro a seguinte situação: bom dia, o cartão foi debitado, mas o pedido não confirmou e o produto recbido é diferente do anúncio. Isso pode ser verificado, por favor?;pagamento;app;validacao
REC-03595;preciso de ajuda, o tamanho não corresponde ao informado. obrigado.;produto;telefone;treino
REC-03596;Boa tarde, o estorno ainda está pendente, mas não consigo localizar onde está a encomenda. Podem verificar?;entrega;telefone;treino
REC-03597;Então, o protocolo foi fechado sem retorno, mas ao mesmo tempo foi incluída uma taxa que não estava prevista.;atendimento;email;treino
REC-03598;;produto;app;treino
REC-03599;Olá, preciso trocar o tamanho recebido e preciso saber o que aconteceu. Fico no aguardo.;troca_devolucao;telefone;treino
REC-03600;"Por favor, o rastreio parou de atualizar; mas o modelo recebido não era exatamente o esperado. Como resolvo?";entrega;chat;treino
REC-03601;Na última compra, o produto recebido é diferente do anúncio há alguns dias.;produto;chat;validacao
REC-03602;Preciso de ajuda, a parcela veio com valor incorreto Como resolvo?;pagamento;site;validacao
REC-03603;O chat não esclareceu a situação. O que mais preciso resolver é que a embalagem estava intacta, mas o item não funciona.;produto;chat;treino
REC-03604;Oi, o rastreio está confuso, mas o sistema diz pagamento pendente, mas já paguei.;pagamento;email;treino
REC-03605;O sistema diz pagamento pendente, mas já paguei no meu último pedido?;pagamento;chat;treino
REC-03606;A compra chegou depois da data em que eu precisava desde ontem. Isso aconteceu depois de alguns dias.;entrega;site;treino
REC-03607;o prazo de troca está correndo e não consigo abrir a solicitação há alguns dias?;troca_devolucao;email;treino
REC-03608;a coleta da devoluçao não aconteceu também aconteceu o seguinte: o acabamento veio com marcas;produto;email;treino
REC-03609;A transportadora não apareceu no endereço desde ontem.;entrega;telefone;treino
REC-03610;Por favor, a etiqueta de postagem não foi liberada há alguns dias?;troca_devolucao;site;validacao
REC-03611;Consta como entregue, mas não recebi, na compra deste mês.;entrega;site;teste
REC-03612;Estou com uma dúvida, o pacote demorou a chegar. O que mais preciso resolver é que prometeram retorno e não retornaram. Isso pode ser verificado, por favor?;atendimento;chat;treino
REC-03613;a resposta recebida não tem relação com a minha dúvida.;atendimento;site;treino
REC-03614;estou tentando falar com alguém há dias. também aconteceu o seguinte: o material parece danificado. 😕;produto;app;treino
REC-03615;quero devolver a compra e não encontro a opção. também aconteceu o seguinte: o cartão foi debitado, mas o pedido não confirmou!;pagamento;telefone;validacao
REC-03616;"Registro a seguinte situação: quero devolver a compra e não encontro a opção; além disso, o item apresentou problema no primeiro uso";produto;chat;validacao
REC-03617;O pagamento foi recusado mesmo com limite. Também aconteceu o seguinte: o item apresentou problema no primeiro uso!;produto;app;treino
REC-03618;O reembolso foi aprovado, porém não caiu e uma parte do kit não veio!;pagamento;telefone;treino
REC-03619;Então, a embalagem estava intacta, mas o item não funciona e preciso saber o que aconteceu Podem verificar?;produto;site;treino
REC-03620;O atendente informou um procedimento que não funciona desde ontem. Obrigada.;atendimento;site;treino
REC-03621;"Solicito orientação: alguém consegue me ajudar, prometeram retorno e não retornaram; além disso, a transportadora não apareceu no endereço. Obrigado.";entrega;chat;teste
REC-03622;Não consigo localizar onde está a encomenda há alguns dias.;entrega;site;treino
REC-03623;também tentei abrir uma troca, mas o pix saiu da conta e a compra continua pendente!;pagamento;site;treino
REC-03624;"O entregador marcou tentativa sem vir aqui no meu último pedido; situação observada desde o fim de semana.";entrega;site;validacao
REC-03625;Oi, o sistema bloqueia a opção de devolução e preciso saber o que aconteceu?;troca_devolucao;telefone;treino
REC-03626;Oi, o item também veio com uma avaria, mas a etiqueta de postagem não foi liberada.;troca_devolucao;email;treino
REC-03627;"O prazo de troca está correndo e não consigo abrir a solicitação; além disso, o cartão foi debitado, mas o pedido não confirmou.";pagamento;app;treino
REC-03628;"Gente, consta como entregue, mas não recebi; mas o desconto não foi aplicado.";entrega;chat;treino
REC-03629;"Preciso de ajuda, ninguém responde minhas mensagens; além disso, preciso trocar o tamanho recebido. Agradeço se puderem olhar isso.";troca_devolucao;site;treino
REC-03630;Gente, o atendimento encerrou o contato sem resolver no meu último pedido.;atendimento;email;treino
REC-03631;o pagamento foi recusado mesmo com limite no meu último peddo!!!;pagamento;app;treino
REC-03632;Gente, oi, preciso substituir o item por outro modelo Como resolvo?;troca_devolucao;telefone;validacao
REC-03633;"Gostaria de solicitar apoio: o chat me transfere e ninguém assume o caso; e também tentei abrir uma troca.";atendimento;site;treino
REC-03634;"Por favor, o pagamento foi recusado mesmo com limite; além disso, preciso trocar o tamanho recebido. Obrigada.";troca_devolucao;app;treino
REC-03635;Por favor, o acabamento veio com marcas há alguns dias.;produto;app;treino
REC-03636;uma parte do kit não veio há alguns dias;produto;email;validacao
REC-03637;A ligação caiu e ninguém retomou o contato desde ontem?!;atendimento;chat;teste
REC-03638;Oi, o pacote demorou a chegar. O que mais preciso resolver é que fui tratado de forma pouco cordial.;atendimento;chat;treino
REC-03639;A troca foi aprovada, mas o novo item não foi enviado há alguns dias;troca_devolucao;app;treino
REC-03640;Bom dia, a cor veio diferente da escolhida. Também aconteceu o seguinte: a entrega foi direcionada para outro endereço. Podem verificar?!;entrega;app;treino
REC-03641;"não consigo localizar onde está a encomenda e, além disso, o chat não esclareceu a situação; preciso de retorno.";entrega;site;treino
REC-03642;"Por favor, o reembolso foi aprovado, porém não caiu; ao mesmo tempo o item também veio com uma avaria. Preciso de um retorno.";pagamento;chat;validacao
REC-03643;Então, o pagamento foi recusado mesmo com limite no meu último pedido.;pagamento;site;treino
REC-03644;A descrição do anúncio não bate com o que chegou e preciso trocar o tamanho recebido.;produto;site;treino
REC-03645;o chat não esclareceu a situação, mas o cupom foi aceito e depois o desconto sumiu.;pagamento;site;treino
REC-03646;Faltou um acessório dentro da caixa desde ontem;produto;app;treino
REC-03647;Gostaria de registrar, o acabamento veio com marcas desde ontem. Preciso de um retorno.;produto;email;treino
REC-03648;O rastreio esta confuso, mas o item chegou com defeito.;produto;telefone;teste
REC-03649;Pessoal, foi incluída uma taxa que não estava prevista há alguns dias? Como resolvo?;pagamento;telefone;treino
REC-03650;Alguém consegue me ajudar, a entrega foi direcionada para outro endereço há alguns dias Podem verificar?;entrega;app;teste
REC-03651;"O material parece danificado; porém ninguém responde ao protocolo.";produto;chat;treino
REC-03652;Então, oi, o aparelho desliga sozinho? Como resolvo?;produto;telefone;treino
REC-03653;Pessoal, a devolução não aparece no sistema, mas o valor foi cobrado duas vezes. Agradeço se puderem olhar isso.;pagamento;app;treino
REC-03654;Solicito orientação: só queria entender, não consigo gerar o boleto há alguns dias? Obrigado.;pagamento;telefone;treino
REC-03655;O atendimento encerrou o contato sem resolver há alguns dias?;atendimento;site;treino
REC-03656;solicito orientação: pessoal, o material parece danificado e, além disso, e ainda não consigo retorno no atendimento. como resolvo?;produto;site;treino
REC-03657;o sistema diz pagamento pendente, mas já paguei desde ontem;pagamento;site;treino
REC-03658;Queria uma orientação, o tamanho não corresponde ao informado no meu último pedido. Isso pode ser verificado, por favor?;produto;app;treino
REC-03659;estou com uma dúvida, estou esperando a encomenda há mais tempo que o informado desde ontem obrigado.;entrega;app;treino
REC-03660;Então, também apareceu uma cobrança que não entendi. O que mais preciso resolver é que a peça veio quebrada.;produto;telefone;treino
REC-03661;a transportadora n apareceu no endereço desde ontem.;entrega;chat;treino
REC-03662;o rastreio parou de atualizar e, além disso, o item também veio com uma avaria. como resolvo?;entrega;chat;treino
REC-03663;Houve problema com a transportadora, mas a solicitação de devolução não avança;troca_devolucao;site;validacao
REC-03664;"A peça veio quebrada; além disso, o chat me transfere e ninguém assume o caso.";atendimento;site;treino
REC-03665;Olá, queria uma orientação, foi incluída uma taxa que não estava prevista e, além disso, ninguém responde ao protocolo. Preciso de um retorno.;pagamento;app;treino
REC-03666;"Olá, queria uma orientação, o aparelho desliga sozinho; ao mesmo tempo também apareceu uma cobrança que não entendi. Isso pode ser verificado, por favor?";produto;app;treino
REC-03667;Só queria entender, a devolução não aparece no sistema. O que mais preciso resolver é que a parcela veio com valor incorreto. Isso pode ser verificado, por favor?;pagamento;telefone;teste
REC-03668;Por favor, o pacote demorou a chegar. O que mais preciso resolver é que o sistema bloqueia a opção de devolução.;troca_devolucao;app;treino
REC-03669;Estou com uma dúvida, o prazo de troca está correndo e não consigo abrir a solicitação desde ontem Como resolvo?;troca_devolucao;site;teste
REC-03670;"bom dia, a compra foi cancelada, mas a cobrança permaneceu; além disso, recebi o modelo errado. obrigada.";produto;site;treino
REC-03671;não reconheço uma cobrança relacionada ao pedido;pagamento;chat;treino
REC-03672;"Então, estou com uma dúvida, o suporte pede as mesmas informações toda vez; além disso, quero devolver a compra e não encontro a opção. Fico no aguardo.";troca_devolucao;email;treino
REC-03673;Por favor, preciso de ajuda, o rastreio está confuso. O que mais preciso resolver é que a compra foi cancelada, mas a cobrança permaneceu. Conseguem me orientar?;pagamento;site;treino
REC-03674;O pedido ainda não chegou?;entrega;chat;treino
REC-03675;Já postei a devolução e o status não mudou e, além disso, o pacote demorou a chegar.;troca_devolucao;chat;treino
REC-03676;Oi, o modelo recebido não era exatamente o esperado. O que mais preciso resolver é que já postei a devolução e o status não mudou;troca_devolucao;telefone;treino
REC-03677;preciso de ajuda, o estorno ainda não apareceu e preciso saber o que aconteceu conseguem me orientar?!;pagamento;email;treino
REC-03678;O sistema bloqueia a opção de devolução e preciso saber o que aconteceu.;troca_devolucao;email;treino
REC-03679;Fui tratado de forma pouco cordial no meu último pedido.;atendimento;chat;treino
REC-03680;Por favor, faltou um acessório dentro da caixa, mas ao mesmo tempo estou tentando falar com alguém há dias.;produto;email;validacao
REC-03681;O rastreio está confuso, mas a coleta da devolução não aconteceu.;troca_devolucao;email;treino
REC-03682;Gente, o cartão foi debitado, mas o pedido não confirmou;pagamento;chat;treino
REC-03683;Oi, o rastreio parou de atualizar, mas ao mesmo tempo o material parece danificado.;entrega;email;treino
REC-03684;Não sei onde acompanhar minha devolução há alguns dias;troca_devolucao;chat;treino
REC-03685;boa tarde, a entrega também atrasou, mas quero cancelar a compra e devolver o que recebi. obrigada.;troca_devolucao;email;treino
REC-03686;O cupom foi aceito e depois o desconto sumiu há alguns dias.;pagamento;email;validacao
REC-03687;Bom dia, o desconto não foi aplicado, mas uma parte do kit não veio. Obrigado;produto;email;treino
REC-03688;Registro a seguinte situação: recebi só uma parte da compra.;entrega;telefone;treino
REC-03689;"Oi, a coleta da devolução não aconteceu; porém o rastreio está confuso.";troca_devolucao;app;teste
REC-03690;faltou um acessório dentro da caixa também aconteceu o seguinte: o pedido ainda n chegou;entrega;site;treino
REC-03691;Por favor, o sistema diz pagamento pendente, mas já paguei.;pagamento;chat;teste
REC-03692;"nao consigo atendimnto humano; além disso, o valor foi cobrado duas vezes.";pagamento;app;validacao
REC-03693;Bom dia, foi incluída uma taxa que não estava prevista desde ontem Agradeço se puderem olhar isso.;pagamento;chat;treino
REC-03694;O pacote sumiu no trajeto.;entrega;email;treino
REC-03695;"Olá, a etiqueta de postagem não foi liberada; além disso, a parcela veio com valor incorreto.";pagamento;email;treino
REC-03696;Desde ontem, o material parece danificado há alguns dias.;produto;site;treino
REC-03697;Boa tarde, a troca foi aprovada, mas o novo item não foi enviado no meu último peddo. Podem verificar?;troca_devolucao;app;treino
REC-03698;o item também veio com uma avaria, mas a solicitação de devoluçao não avança.;troca_devolucao;chat;validacao
REC-03699;O rastreio parou de atualizar no meu último pedido;entrega;site;treino
REC-03700;Consta como entregue, mas não recbi e preciso saber o que aconteceu. Como resolvo?;entrega;email;validacao
REC-03701;o item apresentou problema no primeiro uso e nao consigo localizar onde está a encomenda.;produto;site;teste
REC-03702;A etiqueta de postagem não foi liberada?;troca_devolucao;app;validacao
REC-03703;Preciso trocar o tamanho recebido desde ontem;troca_devolucao;site;validacao
REC-03704;O valor foi cobrado duas vezes desde ontem.;pagamento;email;treino
REC-03705;Então, bom dia, o item chegou com defeito e preciso saber o que aconteceu? Preciso de um retorno.;produto;email;treino
REC-03706;"A transportadora não apareceu no endereço há alguns dias; situação observada desde o fim de semana.";entrega;telefone;treino
REC-03707;"Olá, não sei onde acompanhar minha devolução; mas ninguém responde ao protocolo. Isso pode ser verificado, por favor?";troca_devolucao;email;treino
REC-03708;Então, o produto recebido é diferente do anúncio.;produto;chat;teste
REC-03709;"O produto recebido é diferente do anúncio; além disso, o prazo mudou várias vezes.";entrega;site;treino
REC-03710;não consigo atendimento humano e não sei onde acompanhar minha devolução.;atendimento;site;teste
REC-03711;A solicitação de devolução não avança e, além disso, o desconto não foi aplicado.;troca_devolucao;telefone;validacao
REC-03712;a entrega tbm atrasou. o que mais preciso resolver é que não consigo gerar o boleto.;pagamento;email;validacao
REC-03713;Quero cancelar a compra e devolver o que recebi. Também aconteceu o seguinte: a parcela veio com valor incorreto!;pagamento;email;treino
REC-03714;Uma parte do kit não veio desde ontem, no pedido que fiz para casa.;produto;telefone;treino
REC-03715;Foi incluída uma taxa que não estava prevista há alguns dias.;pagamento;site;treino
REC-03716;A cor veio diferente da escolhida há alguns dias?!;produto;site;validacao
REC-03717;Oi, a devolução não aparece no sistema, mas estou esperando a encomenda há mais tempo que o informado.;entrega;chat;treino
REC-03718;Desde a última atualização do rastreio, não consigo gerar o boleto.;pagamento;email;treino
REC-03719;Olá, a compra foi cancelada, mas a cobrança permaneceu. Também aconteceu o seguinte: recebi o modelo errado. Conseguem me orientar?;produto;email;teste
REC-03720;"Gente, só queria entender, a etiqueta de postagem não foi liberada; ao mesmo tempo a caixa veio com uma peça faltando. Como resolvo?";troca_devolucao;telefone;treino
REC-03721;;troca_devolucao;email;treino
REC-03722;a transportadora não apareceu no endereço há alguns dias!;entrega;chat;teste
REC-03723;gostaria de registrar, foi incluída uma taxa que não estava prevista, mas ao mesmo tempo o sistema bloqueia a opção de devolução. obrigada.;pagamento;email;treino
REC-03724;oi, a compra foi cancelada, mas a cobrança permaneceu e, além disso, o modelo recebido não era exatamente o esperado. fico no aguardo!;pagamento;telefone;validacao
REC-03725;O tamanho não corresponde ao informado no meu último pedido;produto;site;treino
REC-03726;a peça veio quebrada. Isso aconteceu desde a última atualização do rastreio.;produto;site;treino
REC-03727;Gostaria de solicitar apoio: gostaria de registrar, estou tentando devolver o item, mas o cupom foi aceito e depois o desconto sumiu. Agradeço se puderem olhar isso.;pagamento;telefone;treino
REC-03728;O estorno ainda nao apareceu e preciso saber o que aconteceu;pagamento;telefone;treino
REC-03729;Olá, a peça veio quebrada desde ontem;produto;email;treino
REC-03730;A cor veio diferente da escolhida no meu último pedido;produto;site;treino
REC-03731;o modelo recebido não era exatamente o esperado, mas consta como entregue, mas não recebi.;entrega;telefone;treino
REC-03732;Por favor, o pacote sumiu no trajeto e preciso saber o que aconteceu.;entrega;site;treino
REC-03733;a solicitação de devolução n avança e preciso saber o que aconteceu? 🙂;troca_devolucao;site;treino
REC-03734;preciso de ajuda, ninguém responde ao protocolo, mas n sei onde acompanhar minha devolução. agradeço se puderem olhar isso.;troca_devolucao;email;treino
REC-03735;Estou tentando falar com alguém há dias?;atendimento;chat;treino
REC-03736;"Registro a seguinte situação: o pix saiu da conta e a compra continua pendente; entretanto a caixa veio com uma peça faltando.";pagamento;email;teste
REC-03737;Solicitei troca e recebi instruções contraditórias há alguns dias. Isso aconteceu na compra feita pelo aplicativo.;troca_devolucao;telefone;validacao
REC-03738;Por favor, por favor, não reconheço uma cobrança relacionada ao pedido e preciso saber o que aconteceu? Fico no aguardo.;pagamento;site;treino
REC-03739;Registro a seguinte situação: o atendente informou um procedimento que não funciona desde ontem.;atendimento;chat;treino
REC-03740;"A resposta recebida não tem relação com a minha dúvida; além disso, a compra chegou depois da data em que eu precisava.";entrega;chat;treino
REC-03741;"O prazo mudou várias vezes; apesar disso o item também veio com uma avaria.";entrega;email;treino
REC-03742;Olá, recebi informações diferentes de cada atendente no meu último pedido!;atendimento;telefone;treino
REC-03743;"Alguém consegue me ajudar, foi incluída uma taxa que não estava prevista; ao mesmo tempo o chat não esclareceu a situação. Obrigado.";pagamento;email;treino
REC-03744;Só queria entender, o pacote voltou para o remetente sem explicação. Também aconteceu o seguinte: a solicitação de devolução não avança. Agradeço se puderem olhar isso.;troca_devolucao;app;treino
REC-03745;Estou com uma dúvida, o suporte pede as mesmas informações toda vez há alguns dias? Conseguem me orientar?;atendimento;site;treino
REC-03746;A coleta da devolução não aconteceu. Também aconteceu o seguinte: estou esperando a encomenda há mais tempo que o informado.;entrega;chat;validacao
REC-03747;A etiqueta de postagem não foi liberada no meu último pedido.;troca_devolucao;app;validacao
REC-03748;O chat me transfere e ninguém assume o caso;atendimento;app;treino
REC-03749;A peça veio quebrada há alguns dias;produto;app;treino
REC-03750;Gente, uma parte do kit não veio há alguns dias.;produto;telefone;treino
REC-03751;O item apresentou problema no primeiro uso e o valor cobrado está diferente do anunciado.;produto;email;treino
REC-03752;Solicito orientação: estou com uma dúvida, ninguém responde ao protocolo, mas o cupom foi aceito e depois o desconto sumiu. Isso pode ser verificado, por favor?;pagamento;chat;treino
REC-03753;enviei o item de volta e ainda não confirmaram o recebimento desde ontem?;troca_devolucao;app;treino
REC-03754;Consta como entregue, mas não recebi.;entrega;email;treino
REC-03755;"O atendente informou um procedimento que não funciona; mas a caixa veio com uma peça faltando.";atendimento;app;treino
REC-03756;Oi, o aparelho desliga sozinho há alguns dias. Podem verificar?;produto;app;treino
REC-03757;Olá, não consigo gerar o boleto e preciso saber o que aconteceu?;pagamento;site;treino
REC-03758;A solicitação de devolução não avança e a parcela veio com valor incorreto.;troca_devolucao;email;treino
REC-03759;gostaria de registrar, recebi só uma parte da compra e preciso saber o q aconteceu como resolvo!;entrega;chat;teste
REC-03760;"Uma parte do kit nao veio; além disso, o pacote sumiu no trajeto.";entrega;email;treino
REC-03761;o reembolso foi aprovado, porém não caiu há alguns dias.;pagamento;telefone;treino
REC-03762;Preciso de ajuda, foi incluída uma taxa que não estava prevista. Também aconteceu o seguinte: preciso trocar o tamanho recebido. Agradeço se puderem olhar isso!;troca_devolucao;chat;teste
REC-03763;Estou com uma dúvida, consta como entregue, mas não recebi e preciso saber o que aconteceu Obrigada.;entrega;chat;treino
REC-03764;O produto recebido é diferente do anúncio há alguns dias. Isso aconteceu na compra deste mês.;produto;chat;teste
REC-03765;Gente, preciso trocar o tamanho recebido há alguns dias?;troca_devolucao;site;treino
REC-03766;"venho informar, o produto veio usado; só q ninguém responde ao protocolo. preciso de um retorno.";produto;site;treino
REC-03767;A resposta recebida não tem relação com a minha dúvida e, além disso, o pacote demorou a chegar!;atendimento;chat;validacao
REC-03768;enviei o item de volta e ainda não confirmaram o recebimento há alguns dias;troca_devolucao;site;treino
REC-03769;O atendimento encerrou o contato sem resolver desde ontem, na primeira tentativa.;atendimento;app;teste
REC-03770;Recebi só uma parte da compra desde ontem.;entrega;site;treino
REC-03771;Na compra feita pelo site, estou esperando a encomenda há mais tempo que o informado e preciso saber o que aconteceu.;entrega;telefone;treino
REC-03772;"O desconto não foi aplicado. O que mais preciso resolver é que ninguém responde minhas mensagens; situação observada depois de alguns dias.";atendimento;chat;validacao
REC-03773;"A embalagem estava intacta, mas o item não funciona; além disso, o protocolo foi fechado sem retorno!";atendimento;site;treino
REC-03774;pessoal, o aparelho desliga sozinho há alguns dias;produto;telefone;treino
REC-03775;"O sistema bloqueia a opção de devolução; porém o pacote demorou a chegar.";troca_devolucao;email;treino
REC-03776;Registro a seguinte situação: gostaria de registrar, o pix saiu da conta e a compra continua pendente. Obrigado.;pagamento;email;validacao
REC-03777;a peça veio quebrada e preciso saber o que aconteceu?;produto;chat;treino
REC-03778;A peça veio quebrada desde ontem?;produto;chat;treino
REC-03779;a etiqueta de postagem não foi liberada e, além disso, o chat não esclareceu a situação.;troca_devolucao;site;validacao
REC-03780;A parcela veio com valor incorreto?;pagamento;telefone;treino
REC-03781;"consta como entregue, mas não recebi; apesar disso o estorno ainda está pendente. como resolvo?";entrega;email;teste
REC-03782;O pagamento foi recusado mesmo com limite e, além disso, o rastreio esta confuso!;pagamento;chat;treino
REC-03783;Preciso substituir o item por outro modelo?;troca_devolucao;app;treino
REC-03784;"Venho informar, o cartão foi debitado, mas o pedido não confirmou; porém ninguém responde ao protocolo. Fico no aguardo.";pagamento;email;treino
REC-03785;Oi, o valor foi cobrado duas vezes desde ontem;pagamento;email;treino
REC-03786;o tamanho não corresponde ao informado há alguns dias;produto;telefone;validacao
REC-03787;só queria entender, o desconto não foi aplicado, mas a entrega foi direcionada pra outro endereço. agradeço se puderem olhar isso.;entrega;chat;treino
REC-03788;A CAIXA VEIO COM UMA PEÇA FALTANDO O QUE MAIS PRECISO RESOLVER É QUE O REEMBOLSO FOI APROVADO, PORÉM NÃO CAIU;pagamento;app;treino
REC-03789;"A ligação caiu e ninguém retomou o contato; só que o modelo recebido não era exatamente o esperado.";atendimento;site;treino
REC-03790;O material parece danificado desde ontem.;produto;telefone;validacao
REC-03791;o pagamento foi recusado mesmo com limite e a encomenda está atrasada.;pagamento;app;treino
REC-03792;Gente, a resposta recebida não tem relação com a minha dúvida?;atendimento;email;validacao
REC-03793;Olá, alguém consegue me ajudar, a devolução não aparece no sistema, mas o acabamento veio com marcas. Preciso de um retorno!;produto;chat;treino
REC-03794;Oi, prometeram retorno e não retornaram desde ontem.;atendimento;chat;treino
REC-03795;Oi, o pedido ainda não chegou e preciso saber o que aconteceu? Obrigado.;entrega;app;treino
REC-03796;só queria entender, o produto veio usado e, além disso, o estorno ainda está pendente. fico no aguardo.;produto;chat;treino
REC-03797;Estou com uma dúvida, também apareceu uma cobrança que não entendi, mas a coleta da devolução não aconteceu. Preciso de um retorno!;troca_devolucao;email;treino
REC-03798;o pacote voltou para o remetente sem explicação há alguns dias;entrega;email;treino
REC-03799;Por favor, por favor, a troca foi aprovada, mas o novo item não foi enviado no meu último pedido? Podem verificar?;troca_devolucao;chat;treino
REC-03800;Pessoal, recebi só uma parte da compra e preciso saber o que aconteceu Isso pode ser verificado, por favor?;entrega;app;validacao
REC-03801;gostaria de registrar, o acabamento veio com marcas fico no aguardo.;produto;telefone;treino
REC-03802;Olá, o estorno ainda está pendente. O que mais preciso resolver é que a troca foi aprovada, mas o novo item não foi enviado.;troca_devolucao;site;teste
REC-03803;"Então, pessoal, o suporte pede as mesmas informações toda vez; porém o rastreio está confuso. Obrigado.";atendimento;app;treino
REC-03804;"Registro a seguinte situação: fui tratado de forma pouco cordial; além disso, a embalagem estava intacta, mas o item não funciona. Podem verificar?";produto;site;treino
REC-03805;"O reembolso foi aprovado, porém não caiu; situação observada na compra deste mês.";pagamento;site;validacao
REC-03806;O desconto não foi aplicado, mas ninguém responde minhas mensagens.;atendimento;telefone;treino
REC-03807;Gente, o suporte pede as mesmas informações toda vez e, além disso, houve problema com a transportadora.;atendimento;chat;treino
REC-03808;"Solicito orientação: não sei onde acompanhar minha devolução; ao mesmo tempo ninguém responde ao protocolo.";troca_devolucao;telefone;treino
REC-03809;Então, a parcela veio com valor incorreto no meu último pedido?;pagamento;site;treino
REC-03810;O estorno ainda está pendente. O que mais preciso resolver é que não consigo atendimento humano.;atendimento;app;treino
REC-03811;prometeram retorno e não retornaram há alguns dias.;atendimento;email;treino
REC-03812;O desconto não foi aplicado. O que mais preciso resolver é que enviei o item de volta e ainda não confirmaram o recbimento;troca_devolucao;email;treino
REC-03813;"Solicito orientação: olá, recebi o modelo errado; além disso, o pacote sumiu no trajeto. Podem verificar?";entrega;site;treino
REC-03814;Por favor, o rastreio está confuso, mas a embalagem estava intacta, mas o item não funciona. Isso pode ser verificado, por favor?;produto;telefone;treino
REC-03815;A compra chegou depois da data em que eu precisava, mas ao mesmo tempo prometeram retorno e não retornaram.;entrega;chat;validacao
REC-03816;Preciso substituir o item por outro modelo no meu último pedido.;troca_devolucao;chat;treino
REC-03817;No pedido que fiz para casa, o pacote sumiu no trajeto e preciso saber o que aconteceu.;entrega;email;treino
REC-03818;Oi, o item apresentou problema no primeiro uso desde ontem.;produto;site;treino
REC-03819;O pacote sumiu no trajeto e, além disso, o item também veio com uma avaria.;entrega;app;validacao
REC-03820;gostaria de registrar, a cor veio diferente da escolhida também aconteceu o seguinte: o suporte pede as mesmas informações toda vez como resolvo;atendimento;email;treino
REC-03821;Gostaria de registrar, o item também veio com uma avaria, mas o pacote voltou para o remetente sem explicação. Conseguem me orientar?;entrega;app;treino
REC-03822;e ainda não consigo retorno no atendimento. o que mais preciso resolver é que a compra foi cancelada, mas a cobrança permaneceu.;pagamento;email;treino
REC-03823;Por favor, o rastreio está confuso. O que mais preciso resolver é que a ligação caiu e ninguém retomou o contato. Preciso de um retorno.;atendimento;app;validacao
REC-03824;venho informar, solicitei troca e recebi instruções contraditórias. também aconteceu o seguinte: a encomenda está atrasada. obrigado.;entrega;site;treino
REC-03825;também tentei abrir uma troca. o que mais preciso resolver é que a previsão de chegada passou e nada.;entrega;app;validacao
REC-03826;A embalagem estava intacta, mas o item não funciona. Também aconteceu o seguinte: estou esperando a encomenda há mais tempo que o informado.;entrega;app;treino
REC-03827;Gente, a devolução não aparece no sistema, mas o valor cobrado está diferente do anunciado.;pagamento;email;treino
REC-03828;Oi, quero cancelar a compra e devolver o que recebi há alguns dias? Isso pode ser verificado, por favor?;troca_devolucao;email;treino
REC-03829;gostaria de registrar, o prazo mudou várias vezes no meu último pedido. podem verificar?;entrega;app;treino
REC-03830;alguém consegue me ajudar, solicitei troca e recebi instruções contraditórias, mas ao mesmo tempo a embalagem estava intacta, mas o item não funciona obrigada;troca_devolucao;chat;treino
REC-03831;Preciso substituir o item por outro modelo, mas ao mesmo tempo o item apresentou problema no primeiro uso!;troca_devolucao;app;treino
REC-03832;"a peça veio quebrada há alguns dias; situação observada desde o fim de semana.";produto;email;teste
REC-03833;"o aparelho desliga sozinho; ao mesmo tempo o estorno ainda está pendente.";produto;telefone;validacao
REC-03834;também tentei abrir uma troca. o q mais preciso resolver é q o chat me transfere e ninguém assume o caso.;atendimento;site;treino
REC-03835;;troca_devolucao;chat;treino
REC-03836;O pacote demorou a chegar. O que mais preciso resolver é que estou tentando falar com alguém há dias.;atendimento;chat;teste
REC-03837;Gente, foi incluída uma taxa que não estava prevista e, além disso, a devolução não aparece no sistema.;pagamento;chat;teste
REC-03838;Bom dia, prometeram retorno e nao retornaram, mas ao mesmo tempo a descrição do anúncio nao bate com o que chegou.;atendimento;site;treino
REC-03839;Oi, consta como entregue, mas não recebi, mas ao mesmo tempo o pagamento foi recusado mesmo com limite. Obrigada.;entrega;app;treino
REC-03840;Gente, o pix saiu da conta e a compra continua pendente desde ontem?;pagamento;site;validacao
REC-03841;queria uma orientação, solicitei troca e recbi instruções contraditórias e o produto veio usado podem verificar;troca_devolucao;app;treino
REC-03842;boa tarde, recebi o modelo errado e ninguém responde minhas mensagens. fico no aguardo. ...;produto;app;treino
REC-03843;Por favor, pessoal, não consigo localizar onde está a encomenda há alguns dias. Como resolvo?;entrega;telefone;treino
REC-03844;a cor veio diferente da escolhida e, além disso, a devolução não aparece no sistema;produto;email;validacao
REC-03845;O valor foi cobrado duas vezes?;pagamento;email;teste
REC-03846;O atendente informou um procedimento que não funciona e preciso saber o que aconteceu.;atendimento;email;treino
REC-03847;pessoal, quero devolver a compra e n encontro a opção e preciso saber o que aconteceu. fico no aguardo.;troca_devolucao;telefone;treino
REC-03848;A parcela veio com valor incorreto e a etiqueta de postagem não foi liberada.;pagamento;telefone;teste
REC-03849;Então, o protocolo foi fechado sem retorno e, além disso, o estorno ainda está pendente.;atendimento;site;treino
REC-03850;"prometeram retorno e não retornaram; e estou tentando devolver o item.";atendimento;site;treino
REC-03851;Solicito orientação: gostaria de registrar, o suporte pede as mesmas informações toda vez e o acabamento veio com marcas. Obrigado.;atendimento;site;treino
REC-03852;Recebi o modelo errado no meu último pedido.;produto;email;teste
REC-03853;Gente, a solicitação de devolução não avança?;troca_devolucao;app;treino
REC-03854;Oi, a coleta da devolução não aconteceu há alguns dias;troca_devolucao;site;treino
REC-03855;recebi informações diferentes de cada atendente há alguns dias;atendimento;site;treino
REC-03856;"Alguém consegue me ajudar, o cupom foi aceito e depois o desconto sumiu; apesar disso também tentei abrir uma troca. Como resolvo; preciso de retorno.";pagamento;chat;treino
REC-03857;bom dia, uma parte do kit nao veio e preciso saber o que aconteceu preciso de um retorno.;produto;telefone;treino
REC-03858;o chat não esclareceu a situação. o q mais preciso resolver é q o pagamento foi recusado mesmo com limite.;pagamento;email;treino
REC-03859;Na primeira tentativa, a peça veio quebrada há alguns dias.;produto;telefone;treino
REC-03860;Olá, por favor, uma parte do kit não veio e preciso saber o que aconteceu Podem verificar?;produto;site;teste
REC-03861;O sistema bloqueia a opção de devolução e preciso saber o que aconteceu;troca_devolucao;site;treino
REC-03862;a previsão de chegada passou e nada e preciso saber o q aconteceu?;entrega;site;treino
REC-03863;queria uma orientação, o sistema bloqueia a opção de devolução. conseguem me orientar?;troca_devolucao;app;treino
REC-03864;A compra foi cancelada, mas a cobrança permaneceu e, além disso, o modelo recebido não era exatamente o esperado.;pagamento;app;treino
REC-03865;"a previsão de chegada passou e nada; e também tentei abrir uma troca.";entrega;site;validacao
REC-03866;faltou um acessório dentro da caixa no meu último pedido, na última compra.;produto;site;treino
REC-03867;preciso de ajuda, a devolução n aparece no sistema. o que mais preciso resolver é que o entregador marcou tentativa sem vir aqui. obrigado.;entrega;site;treino
REC-03868;O item chegou com defeito há alguns dias? Fico no aguardo.;produto;email;treino
REC-03869;PESSOAL, O PAGAMENTO FOI RECUSADO MESMO COM LIMITE E, ALÉM DISSO, O CHAT NÃO ESCLARECEU A SITUAÇÃO. ISSO PODE SER VERIFICADO, POR FAVOR?;pagamento;app;treino
REC-03870;o aparelho desliga sozinho?;produto;chat;treino
REC-03871;O prazo mudou várias vezes e preciso saber o que aconteceu;entrega;app;treino
REC-03872;O modelo recebido não era exatamente o esperado. O que mais preciso resolver é que a coleta da devolução não aconteceu.;troca_devolucao;chat;teste
REC-03873;o valor foi cobrado duas vezes e, além disso, estou tentando devolver o item. 😤;pagamento;telefone;teste
REC-03874;Queria uma orientação, não reconheço uma cobrança relacionada ao pedido, mas ao mesmo tempo o tamanho não corresponde ao informado. Obrigada.;pagamento;app;treino
REC-03875;então, o atendente informou um procedimento que nao funciona. também aconteceu o seguinte: a troca foi aprovada, mas o novo item nao foi enviado.;troca_devolucao;site;treino
REC-03876;A COMPRA FOI CANCELADA, MAS A COBRANÇA PERMANECEU E O PACOTE SUMIU NO TRAJETO.;pagamento;chat;teste
REC-03877;O produto veio usado e, além disso, o chat não esclareceu a situação.;produto;email;treino
REC-03878;A devolução não aparece no sistema, mas não consigo gerar o boleto.;pagamento;site;treino
REC-03879;gostaria de solicitar apoio: solicitei troca e recebi instruções contraditórias desde ontem?;troca_devolucao;app;validacao
REC-03880;"Oi, alguém consegue me ajudar, o chat me transfere e ninguém assume o caso; além disso, a troca foi aprovada, mas o novo item não foi enviado. Obrigado.";troca_devolucao;telefone;validacao
REC-03881;"queria uma orientação, a etiqueta de postagem não foi liberada; apesar disso o chat não esclareceu a situação. isso pode ser verificado, por favor?";troca_devolucao;email;treino
REC-03882;preciso de ajuda, o aparelho desliga sozinho? 😤;produto;app;treino
REC-03883;oi, bom dia, prometeram retorno e não retornaram desde ontem conseguem me orientar?;atendimento;app;validacao
REC-03884;Também tentei abrir uma troca. O que mais preciso resolver é que a descrição do anúncio não bate com o que chegou.;produto;site;treino
REC-03885;Na última compra, o item apresentou problema no primeiro uso no meu último pedido.;produto;chat;treino
REC-03886;"alguém consegue me ajudar, não sei onde acompanhar minha devolução; ao mesmo tempo o chat não esclareceu a situação. agradeço se puderem olhar isso.";troca_devolucao;telefone;treino
REC-03887;Só queria entender, o estorno ainda esta pendente. O que mais preciso resolver é que recebi o modelo errado. Obrigado;produto;chat;validacao
REC-03888;gostaria de registrar, enviei o item de volta e ainda não confirmaram o recebimento no meu último pedido obrigada. 😕!;troca_devolucao;telefone;treino
REC-03889;Quero cancelar a compra e devolver o que recebi e preciso saber o que aconteceu;troca_devolucao;site;treino
REC-03890;"Por favor, queria uma orientação, o produto veio usado; além disso, o chat me transfere e ninguém assume o caso. Agradeço se puderem olhar isso.";atendimento;telefone;treino
REC-03891;Por favor, consta como entregue, mas não recebi e, além disso, e ainda não consigo retorno no atendimento!;entrega;email;treino
REC-03892;Também tentei abrir uma troca, mas o cartão foi debitado, mas o pedido não confirmou.;pagamento;app;treino
REC-03893;"Alguém consegue me ajudar, a solicitação de devolução não avança; além disso, a embalagem estava intacta, mas o item não funciona. Obrigada.";produto;app;teste
REC-03894;FALTOU UM ACESSÓRIO DENTRO DA CAIXA. TAMBÉM ACONTECEU O SEGUINTE: O PEDIDO AINDA NÃO CHEGOU.;entrega;email;treino
REC-03895;Registro a seguinte situação: a ligação caiu e ninguém retomou o contato e preciso saber o que aconteceu;atendimento;chat;treino
REC-03896;o chat me transfere e ninguém assume o caso desde ontem?;atendimento;chat;treino
REC-03897;gostaria de registrar, a embalagem estava intacta, mas o item não funciona e, além disso, o rastreio está confuso obrigado!;produto;chat;teste
REC-03898;;entrega;chat;treino
REC-03899;A parcela veio com valor incorreto no meu último pedido.;pagamento;site;treino
REC-03900;Faltou um acessório dentro da caixa e preciso saber o que aconteceu?;produto;app;teste
REC-03901;estou com uma dúvida, ninguém responde ao protocolo. o q mais preciso resolver é q o entregador marcou tentativa sem vir aqui. agradeço se puderem olhar isso.;entrega;site;treino
REC-03902;O item também veio com uma avaria. O que mais preciso resolver é que recebi informações diferentes de cada atendente.;atendimento;site;treino
REC-03903;bom dia, também tentei abrir uma troca, mas fui tratado de forma pouco cordial. obrigada;atendimento;email;teste
REC-03904;não consigo atendimento humano no meu último pedido isso pode ser verificado, por favor;atendimento;telefone;treino
REC-03905;Gente, o item também veio com uma avaria, mas o cupom foi aceito e depois o desconto sumiu.;pagamento;telefone;treino
REC-03906;"o atendente informou um procedimento q nao funciona; além disso, a entrega foi direcionada para outro endereço";entrega;app;treino
REC-03907;o rastreio está confuso. o q mais preciso resolver é q o item apresentou problema no primeiro uso!;produto;telefone;treino
REC-03908;a cor veio diferente da escolhida e, além disso, também apareceu uma cobrança que não entendi.;produto;chat;treino
REC-03909;o cartão foi debitado, mas o pedido não confirmou desde ontem;pagamento;app;treino
REC-03910;Na compra deste mês, o atendente informou um procedimento que não funciona no meu último pedido.;atendimento;telefone;treino
REC-03911;o rastreio está confuso, mas o chat me transfere e ninguém assume o caso.;atendimento;app;treino
REC-03912;Então, venho informar, a descrição do anúncio não bate com o que chegou. Também aconteceu o seguinte: meu chamado está sem atualização.;atendimento;chat;treino
REC-03913;a entrega tbm atrasou. o que mais preciso resolver é que não consigo gerar o boleto.;pagamento;email;validacao
REC-03914;Preciso de ajuda, ninguém responde minhas mensagens há alguns dias Agradeço se puderem olhar isso.;atendimento;email;treino
REC-03915;Por favor, não consigo atendimento humano no meu último pedido.;atendimento;email;treino
REC-03916;Oi, o prazo mudou várias vezes e, além disso, a caixa veio com uma peça faltando.;entrega;telefone;treino
REC-03917;Oi, a previsão de chegada passou e nada e, além disso, e ainda não consigo retorno no atendimento.;entrega;app;treino
REC-03918;Só queria entender, a transportadora não apareceu no endereço e preciso saber o que aconteceu? Conseguem me orientar?;entrega;chat;validacao
REC-03919;Então, e ainda não consigo retorno no atendimnto. O que mais preciso resolver é que a previsão de chegada passou e nada.;entrega;site;treino
REC-03920;o material parece danificado e, além disso, a devolução n aparece no sistema.;produto;site;treino
REC-03921;o material parece danificado;produto;chat;validacao
REC-03922;Gostaria de registrar, preciso substituir o item por outro modelo desde ontem. Como resolvo?;troca_devolucao;chat;treino
REC-03923;A DEVOLUÇÃO NÃO APARECE NO SISTEMA. O QUE MAIS PRECISO RESOLVER É QUE O MATERIAL PARECE DANIFICADO!;produto;site;treino
REC-03924;A cor veio diferente da escolhida e, além disso, houve problema com a transportadora.;produto;telefone;treino
REC-03925;"O prazo de troca está correndo e não consigo abrir a solicitação; mas o rastreio está confuso.";troca_devolucao;app;treino
REC-03926;a caixa veio com uma peça faltando. o que mais preciso resolver é que o pacote sumiu no trajeto. ...;entrega;email;treino
REC-03927;A caixa veio com uma peça faltando. O que mais preciso resolver é que a etiqueta de postagem não foi liberada.;troca_devolucao;telefone;validacao
REC-03928;foi incluída uma taxa que não estava prevista. tbm aconteceu o seguinte: o protocolo foi fechado sem retorno.;atendimento;email;teste
REC-03929;o tamanho não corresponde ao informado e preciso saber o que aconteceu 🙂;produto;telefone;treino
REC-03930;Gente, boa tarde, houve problema com a transportadora. O que mais preciso resolver é que o suporte pede as mesmas informações toda vez. Fico no aguardo;atendimento;chat;treino
REC-03931;Então, fui tratado de forma pouco cordial?;atendimento;site;treino
REC-03932;o item apresentou problema no primeiro uso e, além disso, também tentei abrir uma troca.;produto;email;validacao
REC-03933;"o sistema bloqueia a opção de devolução; além disso, a transportadora não apareceu no endereço";entrega;chat;treino
REC-03934;"A coleta da devolução não aconteceu; ao mesmo tempo e ainda não consigo retorno no atendimento.";troca_devolucao;telefone;treino
REC-03935;"Então, o pedido ainda não chegou; além disso, a compra foi cancelada, mas a cobrança permaneceu.";pagamento;chat;treino
REC-03936;Oi, também tentei abrir uma troca. O que mais preciso resolver é que o sistema diz pagamento pendente, mas já paguei.;pagamento;telefone;teste
REC-03937;"Estou tentando falar com alguém há dias; porém o desconto nao foi aplicado.";atendimento;chat;treino
REC-03938;Olá, queria uma orientação, a entrega foi direcionada para outro endereço no meu último pedido? Isso pode ser verificado, por favor?;entrega;site;treino
REC-03939;O chat não esclareceu a situação, mas a embalagem estava intacta, mas o item não funciona.;produto;telefone;validacao
REC-03940;Registro a seguinte situação: faltou um acessório dentro da caixa desde ontem.;produto;chat;treino
REC-03941;Gente, o chat não esclareceu a situação. O que mais preciso resolver é que o pacote voltou para o remetente sem explicação.;entrega;site;validacao
REC-03942;Gente, preciso substituir o item por outro modelo há alguns dias;troca_devolucao;site;teste
REC-03943;"gostaria de registrar, o entregador marcou tentativa sem vir aqui; além disso, o produto veio usado. como resolvo?";produto;email;treino
REC-03944;alguém consegue me ajudar, a cor veio diferente da escolhida.;produto;telefone;treino
REC-03945;Oi, o estorno ainda não apareceu no meu último pedido.;pagamento;app;treino
REC-03946;O reembolso foi aprovado, porém não caiu. Também aconteceu o seguinte: o aparelho desliga sozinho.;produto;telefone;treino
REC-03947;Gostaria de registrar, o produto recebido é diferente do anúncio e preciso saber o que aconteceu Agradeço se puderem olhar isso.;produto;app;validacao
REC-03948;Faltou um acessório dentro da caixa;produto;chat;teste
REC-03949;Olá, venho informar, solicitei troca e recebi instruções contraditórias há alguns dias? Preciso de um retorno.;troca_devolucao;chat;treino
REC-03950;O pagamento foi recusado mesmo com limite no meu último pedido?;pagamento;telefone;treino
REC-03951;venho informar, o prazo de troca está correndo e não consigo abrir a solicitação? podem verificar?;troca_devolucao;telefone;validacao
REC-03952;Estou tentando devolver o item. O que mais preciso resolver é que o prazo mudou várias vezes.;entrega;site;treino
REC-03953;"não sei onde acompanhar minha devolução; mas o chat não esclareceu a situação";troca_devolucao;site;teste
REC-03954;não consigo gerar o boleto desde ontem;pagamento;telefone;treino
REC-03955;Meu chamado está sem atualização e, além disso, também tentei abrir uma troca!;atendimento;app;treino
REC-03956;Não consigo gerar o boleto há alguns dias, em uma compra recente.;pagamento;app;treino
REC-03957;Estou com uma dúvida, não reconheço uma cobrança relacionada ao pedido há alguns dias. Como resolvo?;pagamento;email;treino
REC-03958;"Foi incluída uma taxa que não estava prevista; mas o pacote demorou a chegar.";pagamento;chat;treino
REC-03959;Só queria entender, não consigo localizar onde está a encomenda no meu último pedido? Obrigada.;entrega;site;treino
REC-03960;Olá, alguém consegue me ajudar, o chat me transfere e ninguém assume o caso há alguns dias? Obrigada.;atendimento;chat;treino
REC-03961;a parcela veio com valor incorreto e a cor veio diferente da escolhida;pagamento;email;treino
REC-03962;Queria uma orientação, o entregador marcou tentativa sem vir aqui e preciso saber o que aconteceu? Fico no aguardo.;entrega;email;treino
REC-03963;Por favor, o pacote voltou para o remetente sem explicação desde ontem.;entrega;chat;treino
REC-03964;"também tentei abrir uma troca. o que mais preciso resolver é que a ligação caiu e ninguém retomou o contato; preciso de retorno.";atendimento;email;treino
REC-03965;"A entrega foi direcionada para outro endereço; só que o estorno ainda está pendente.";entrega;site;treino
REC-03966;alguém consegue me ajudar, a cor veio diferente da escolhida e preciso saber o que aconteceu preciso de um retorno.;produto;app;treino
REC-03967;o pacote voltou pra o remetente sem explicação desde ontem.;entrega;telefone;treino
REC-03968;o estorno ainda não apareceu.;pagamento;telefone;treino
REC-03969;Gostaria de solicitar apoio: boa tarde, não consigo gerar o boleto no meu último pedido Podem verificar?;pagamento;site;teste
REC-03970;queria uma orientação, o estorno ainda não apareceu obrigado;pagamento;email;treino
REC-03971;"POR FAVOR, O PROTOCOLO FOI FECHADO SEM RETORNO; AO MESMO TEMPO O ESTORNO AINDA ESTÁ PENDENTE";atendimento;site;teste
REC-03972;Oi, queria uma orientação, o acabamento veio com marcas. Agradeço se puderem olhar isso.;produto;email;teste
REC-03973;Solicito orientação: a etiqueta de postagem não foi liberada e preciso saber o que aconteceu.;troca_devolucao;app;treino
REC-03974;alguém consegue me ajudar, o sistema diz pagamento pendente, mas já paguei e, além disso, a devolução não aparece no sistema. obrigado.;pagamento;chat;treino
REC-03975;o item apresentou problema no primeiro uso e não consigo localizar onde está a encomenda;produto;site;treino
REC-03976;Bom dia, também tentei abrir uma troca. O que mais preciso resolver é que o item apresentou problema no primeiro uso. Preciso de um retorno.;produto;telefone;validacao
REC-03977;"Gente, foi incluída uma taxa que não estava prevista; mas a devolução não aparece no sistema!";pagamento;app;treino
REC-03978;Gente, gostaria de registrar, ninguém responde ao protocolo. O que mais preciso resolver é que o acabamento veio com marcas.;produto;app;treino
REC-03979;O material parece danificado. Também aconteceu o seguinte: o cupom foi aceito e depois o desconto sumiu.;pagamento;chat;teste
REC-03980;Olá, a compra chegou depois da data em que eu precisava e, além disso, e ainda não consigo retorno no atendimento.;entrega;site;treino
REC-03981;Boa tarde, o estorno ainda está pendente, mas o material parece danificado. Fico no aguardo!;produto;email;treino
REC-03982;Alguém consegue me ajudar, o pedido ainda não chegou no meu último pedido? Como resolvo?!;entrega;telefone;teste
REC-03983;A embalagem estava intacta, mas o item não funciona e preciso saber o que aconteceu.;produto;telefone;treino
REC-03984;Também apareceu uma cobrança que não entendi. O que mais preciso resolver é que a encomenda está atrasada.;entrega;app;treino
REC-03985;Oi, o rastreio parou de atualizar e, além disso, o modelo recebido não era exatamente o esperado.;entrega;chat;teste
REC-03986;Olá, preciso de ajuda, a devolução não aparece no sistema, mas o prazo mudou várias vezes. Podem verificar?;entrega;telefone;teste
REC-03987;a parcela veio com valor incorreto desde ontem. Isso aconteceu hoje de manhã.;pagamento;site;treino
REC-03988;o desconto não foi aplicado, mas fui tratado de forma pouco cordial.;atendimento;telefone;treino
REC-03989;por favor, estou tentando falar com alguém há dias desde ontem? obrigado.;atendimento;telefone;treino
REC-03990;o entregador marcou tentativa sem vir aqui, mas ao mesmo tempo o valor cobrado está diferente do anunciado.;entrega;chat;treino
REC-03991;Gostaria de solicitar apoio: a entrega foi direcionada para outro endereço. Também aconteceu o seguinte: a cor veio diferente da escolhida.;produto;chat;treino
REC-03992;não consigo localizar onde está a encomenda há alguns dias.;entrega;chat;treino
REC-03993;O rastreio parou de atualizar e preciso saber o que aconteceu;entrega;app;treino
REC-03994;o sistema diz pagamento pendente, mas já paguei e preciso saber o que aconteceu;pagamento;telefone;treino
REC-03995;Gente, preciso de ajuda, enviei o item de volta e ainda não confirmaram o recebimento, mas ao mesmo tempo o sistema diz pagamento pendente, mas já paguei. Podem verificar?;troca_devolucao;telefone;validacao
REC-03996;"Olá, solicitei troca e recebi instruções contraditórias; além disso, a previsão de chegada passou e nada.";entrega;telefone;validacao
REC-03997;PRECISO SUBSTITUIR O ITEM POR OUTRO MODELO E NÃO RECONHEÇO UMA COBRANÇA RELACIONADA AO PEDIDO.;troca_devolucao;telefone;treino
REC-03998;O atendimento encerrou o contato sem resolver, no pedido que fiz para casa.;atendimento;app;treino
REC-03999;"Gente, o suporte pede as mesmas informações toda vez; além disso, o valor cobrado está diferente do anunciado!";pagamento;site;treino
REC-04000;Solicitei troca e recebi instruções contraditórias há alguns dias.;troca_devolucao;chat;treino
REC-04001;"O produto veio usado; situação observada na compra feita pelo aplicativo.";produto;app;validacao
REC-04002;a devolução n aparece no sistema o que mais preciso resolver é que a parcela veio com valor incorreto;pagamento;telefone;treino
REC-04003;O acabamento veio com marcas, mas ao mesmo tempo consta como entregue, mas não recebi.;produto;telefone;validacao
REC-04004;Estou com uma dúvida, e ainda não consigo retorno no atendimento. O que mais preciso resolver é que a compra chegou depois da data em que eu precisava. Preciso de um retorno.;entrega;chat;treino
REC-04005;"Solicito orientação: por favor, faltou um acessório dentro da caixa; só que o chat não esclareceu a situação. Obrigado.";produto;app;validacao
REC-04006;"Por favor, preciso substituir o item por outro modelo; além disso, o pacote voltou para o remetente sem explicação.";entrega;email;treino
REC-04007;olá, o pacote voltou para o remetente sem explicação. obrigado.;entrega;site;treino
REC-04008;Olá, a descrição do anúncio não bate com o que chegou desde ontem;produto;telefone;treino
REC-04009;Por favor, já postei a devolução e o status não mudou e, além disso, a entrega também atrasou.;troca_devolucao;email;treino
REC-04010;O protocolo foi fechado sem retorno e solicitei troca e recebi instruções contraditórias.;atendimento;app;validacao
REC-04011;Gostaria de registrar, não consigo localizar onde está a encomenda. Agradeço se puderem olhar isso.;entrega;email;treino
REC-04012;O estorno ainda não apareceu;pagamento;app;treino
REC-04013;por favor, a cor veio diferente da escolhida?;produto;site;treino
REC-04014;"O produto recebido é diferente do anúncio; além disso, a compra chegou depois da data em que eu precisava.";entrega;email;validacao
REC-04015;Oi, também tentei abrir uma troca. O que mais preciso resolver é que a encomenda está atrasada. Conseguem me orientar?;entrega;app;validacao
REC-04016;A entrega tambem atrasou. O que mais preciso resolver é que a cor veio diferente da escolhida.;produto;telefone;treino
REC-04017;"Estou com uma dúvida, fui tratado de forma pouco cordial; mas a devolução não aparece no sistema. Como resolvo?";atendimento;site;validacao
REC-04018;O tamanho não corresponde ao informado. Também aconteceu o seguinte: não sei onde acompanhar minha devolução;troca_devolucao;email;teste
REC-04019;Oi, houve problema com a transportadora. O que mais preciso resolver é que o pagamento foi recusado mesmo com limite. Preciso de um retorno!;pagamento;telefone;treino
REC-04020;Gente, a previsão de chegada passou e nada e, além disso, estou tentando devolver o item.;entrega;chat;treino
REC-04021;O rastreio parou de atualizar desde ontem?;entrega;telefone;treino
REC-04022;alguém consegue me ajudar, não consigo atendimento humano há alguns dias. preciso de um retorno.;atendimento;app;treino
REC-04023;Enviei o item de volta e ainda não confirmaram o recebimento há alguns dias;troca_devolucao;site;treino
REC-04024;"Registro a seguinte situação: a entrega foi direcionada para outro endereço; além disso, quero devolver a compra e não encontro a opção.";troca_devolucao;telefone;treino
REC-04025;Registro a seguinte situação: recebi o modelo errado.;produto;chat;validacao
REC-04026;Oi, preciso substituir o item por outro modelo há alguns dias Obrigado.;troca_devolucao;site;teste
REC-04027;fui tratado de forma pouco cordial há alguns dias.;atendimento;site;treino
REC-04028;a devolução não aparece no sistema, mas recebi só uma parte da compra.;entrega;telefone;validacao
REC-04029;O tamanho não corresponde ao informado no meu último pedido.;produto;email;treino
REC-04030;alguém consegue me ajudar, a embalagem estava intacta, mas o item não funciona desde ontem obrigada;produto;telefone;treino
REC-04031;faltou um acessório dentro da caixa desde ontem.;produto;chat;treino
REC-04032;"Então, gostaria de registrar, o produto recebido é diferente do anúncio; e estou tentando devolver o item. Obrigado.";produto;email;treino
REC-04033;O protocolo foi fechado sem retorno e preciso saber o que aconteceu?;atendimento;telefone;teste
REC-04034;O pix saiu da conta e a compra continua pendente e, além disso, a entrega também atrasou.;pagamento;chat;teste
REC-04035;Olá, estou esperando a encomenda há mais tempo que o informado e preciso saber o que aconteceu.;entrega;telefone;treino
REC-04036;Gente, oi, o valor cobrado está diferente do anunciado e preciso saber o que aconteceu.;pagamento;telefone;treino
REC-04037;o suporte pede as mesmas informações toda vez há alguns dias;atendimento;email;treino
REC-04038;O valor foi cobrado duas vezes no meu último pedido;pagamento;email;validacao
REC-04039;também tentei abrir uma troca, mas uma parte do kit não veio.;produto;telefone;validacao
REC-04040;"quero devolver a compra e não encontro a opção; ao mesmo tempo houve problema com a transportadora.";troca_devolucao;app;treino
REC-04041;a transportadora n apareceu no endereço e preciso saber o q aconteceu?;entrega;email;treino
REC-04042;Então, o reembolso foi aprovado, porém não caiu e preciso saber o que aconteceu.;pagamento;email;treino
REC-04043;o pix saiu da conta e a compra continua pendente desde ontem;pagamento;site;treino
REC-04044;Alguém consegue me ajudar, recebi informações diferentes de cada atendente e preciso saber o que aconteceu? Agradeço se puderem olhar isso.;atendimento;app;treino
REC-04045;Oi, por favor, consta como entregue, mas não recebi e preciso saber o que aconteceu? Agradeço se puderem olhar isso.;entrega;site;treino
REC-04046;Gente, estou com uma dúvida, a parcela veio com valor incorreto e preciso saber o que aconteceu. Podem verificar?;pagamento;telefone;teste
REC-04047;Oi, preciso de ajuda, não consigo gerar o boleto desde ontem? Como resolvo?;pagamento;site;treino
REC-04048;Gente, o pix saiu da conta e a compra continua pendente desde ontem.;pagamento;chat;validacao
REC-04049;Olá, não reconheço uma cobrança relacionada ao pedido, mas ao mesmo tempo o chat me transfere e ninguém assume o caso.;pagamento;chat;treino
REC-04050;a peça veio quebrada;produto;site;treino
REC-04051;O sistema diz pagamento pendente, mas já paguei e, além disso, o item também veio com uma avaria.;pagamento;app;validacao
REC-04052;Ninguém responde minhas mensagens no meu último pedido?;atendimento;telefone;teste
REC-04053;Gente, queria uma orientação, recebi o modelo errado no meu último pedido Como resolvo?!;produto;telefone;validacao
REC-04054;"a compra chegou depois da data em que eu precisava; apesar disso ninguém responde ao protocolo!";entrega;app;treino
REC-04055;Preciso de ajuda, o produto recebido é diferente do anúncio e o valor cobrado está diferente do anunciado. Fico no aguardo.;produto;app;teste
REC-04056;Preciso trocar o tamanho recebido e, além disso, o item também veio com uma avaria.;troca_devolucao;site;treino
REC-04057;o reembolso foi aprovado, porém não caiu e, além disso, e ainda não consigo retorno no atendimento;pagamento;telefone;treino
REC-04058;"O ITEM CHEGOU COM DEFEITO; ENTRETANTO O ESTORNO AINDA ESTÁ PENDENTE!";produto;email;teste
REC-04059;Então, o prazo mudou várias vezes há alguns dias;entrega;chat;treino
REC-04060;gostaria de registrar, o sistema diz pagamento pendente, mas já paguei e preciso saber o q aconteceu? como resolvo?;pagamento;chat;teste
REC-04061;Gente, só queria entender, o valor cobrado está diferente do anunciado e preciso saber o que aconteceu Obrigada.;pagamento;site;treino
REC-04062;Gostaria de solicitar apoio: não consigo atendimento humano e preciso saber o que aconteceu.;atendimento;site;treino
REC-04063;Gostaria de solicitar apoio: o aparelho desliga sozinho no meu último peddo.;produto;telefone;treino
REC-04064;Então, olá, a descrição do anúncio não bate com o que chegou e preciso saber o que aconteceu. Isso pode ser verificado, por favor?;produto;app;treino
REC-04065;O valor foi cobrado duas vezes, mas ao mesmo tempo não consigo atendimento humano.;pagamento;chat;teste
REC-04066;Na última compra, a descrição do anúncio não bate com o que chegou há alguns dias.;produto;chat;treino
REC-04067;Gente, e ainda não consigo retorno no atendimento, mas o aparelho desliga sozinho.;produto;app;teste
REC-04068;boa tarde, o acabamento veio com marcas e prometeram retorno e não retornaram. agradeço se puderem olhar isso.;produto;email;treino
REC-04069;o produto recebido é diferente do anúncio no meu último pedido;produto;app;treino
REC-04070;Registro a seguinte situação: preciso de ajuda, consta como entregue, mas não recebi desde ontem Fico no aguardo.;entrega;site;treino
REC-04071;Olá, alguém consegue me ajudar, o valor foi cobrado duas vezes há alguns dias Obrigado.;pagamento;email;teste
REC-04072;o estorno ainda está pendente, mas consta como entregue, mas não recebi;entrega;telefone;treino
REC-04073;"O suporte pede as mesmas informações toda vez; além disso, a compra foi cancelada, mas a cobrança permaneceu.";pagamento;app;teste
REC-04074;preciso de ajuda, o item apresentou problema no primeiro uso. isso pode ser verificado, por favor?;produto;site;teste
REC-04075;estou com uma dúvida, o pix saiu da conta e a compra continua pendente e, além disso, a devolução não aparece no sistema. como resolvo?;pagamento;email;treino
REC-04076;A PARCELA VEIO COM VALOR INCORRETO E PRECISO SABER O QUE ACONTECEU.;pagamento;app;treino
REC-04077;A ligação caiu e ninguém retomou o contato e preciso saber o que aconteceu;atendimento;telefone;treino
REC-04078;Quero devolver a compra e não encontro a opção, mas ao mesmo tempo o cartão foi debitado, mas o pedido não confirmou.;troca_devolucao;email;validacao
REC-04079;Solicito orientação: uma parte do kit não veio.;produto;email;treino
REC-04080;Oi, o estorno ainda está pendente, mas recebi informações diferentes de cada atendente.;atendimento;chat;treino
REC-04081;Olá, o atendimento encerrou o contato sem resolver e preciso saber o que aconteceu?;atendimento;email;teste
REC-04082;Preciso de ajuda, o acabamento veio com marcas e preciso saber o que aconteceu Preciso de um retorno.;produto;chat;validacao
REC-04083;Solicito orientação: bom dia, o prazo mudou várias vezes no meu último peddo. Podem verificar?!;entrega;email;treino
REC-04084;Uma parte do kit não veio e, além disso, a entrega também atrasou.;produto;email;validacao
REC-04085;O tamanho não corresponde ao informado, mas ao mesmo tempo a resposta recebida não tem relação com a minha dúvida.;produto;email;treino
REC-04086;Só queria entender, ninguém responde minhas mensagens. Também aconteceu o seguinte: faltou um acessório dentro da caixa. Conseguem me orientar?!;produto;email;treino
REC-04087;bom dia, o chat não esclareceu a situação. o q mais preciso resolver é q o entregador marcou tentativa sem vir aqui.;entrega;telefone;treino
REC-04088;olá, não reconheço uma cobrança relacionada ao pedido?;pagamento;app;treino
REC-04089;Olá, estou esperando a encomenda há mais tempo que o informado há alguns dias?;entrega;site;treino
REC-04090;Fui tratado de forma pouco cordial desde ontem?;atendimento;chat;validacao
REC-04091;Registro a seguinte situação: recebi o modelo errado?;produto;telefone;teste
REC-04092;olá, não reconheço uma cobrança relacionada ao pedido preciso de um retorno.;pagamento;chat;teste
REC-04093;Gente, por favor, o material parece danificado e preciso saber o que aconteceu. Podem verificar?;produto;telefone;validacao
REC-04094;"Estou com uma dúvida, o produto recebido é diferente do anúncio; ao mesmo tempo houve problema com a transportadora. Como resolvo?!";produto;site;teste
REC-04095;Venho informar, o pagamento foi recusado mesmo com limite Como resolvo?;pagamento;app;treino
REC-04096;Gostaria de solicitar apoio: a resposta recebida não tem relação com a minha dúvida no meu último pedido;atendimento;chat;treino
REC-04097;Registro a seguinte situação: oi, o pagamento foi recusado mesmo com limite? Obrigado.;pagamento;site;treino
REC-04098;o chat n esclareceu a situação, mas o acabamento veio com marcas;produto;email;treino
REC-04099;"Registro a seguinte situação: o item chegou com defeito e preciso saber o que aconteceu; preciso de retorno.";produto;telefone;treino
REC-04100;Oi, alguém consegue me ajudar, o pacote voltou para o remetente sem explicação desde ontem Preciso de um retorno.;entrega;telefone;validacao
REC-04101;por favor, a descrição do anúncio não bate com o q chegou como resolvo?;produto;telefone;treino
REC-04102;Estou tentando falar com alguém há dias há alguns dias!;atendimento;app;treino
REC-04103;Desde a última atualização do rastreio, solicitei troca e recebi instruções contraditórias desde ontem.;troca_devolucao;app;treino
REC-04104;Por favor, estou com uma dúvida, a descrição do anúncio não bate com o que chegou desde ontem? Podem verificar?;produto;telefone;validacao
REC-04105;"A troca foi aprovada, mas o novo item não foi enviado; apesar disso o modelo recebido não era exatamente o esperado.";troca_devolucao;site;teste
REC-04106;gostaria de registrar, o item chegou com defeito no meu último pedido? podem verificar?;produto;site;treino
REC-04107;recebi só uma parte da compra e preciso trocar o tamanho recebido.;entrega;email;validacao
REC-04108;só queria entender, o pagamento foi recusado mesmo com limite e preciso saber o que aconteceu. preciso de um retorno.;pagamento;email;treino
REC-04109;olá, o protocolo foi fechado sem retorno desde ontem;atendimento;telefone;treino
REC-04110;ninguém responde minhas mensagens no meu último pedido. Isso aconteceu depois da atualização do pedido.;atendimento;telefone;treino
REC-04111;O item também veio com uma avaria. O que mais preciso resolver é que fui tratado de forma pouco cordial.;atendimento;chat;treino
REC-04112;Preciso de ajuda, faltou um acessório dentro da caixa há alguns dias. Podem verificar?;produto;app;treino
REC-04113;boa tarde, o prazo mudou várias vezes no meu último pedido obrigada.;entrega;email;treino
REC-04114;Então, já postei a devolução e o status não mudou há alguns dias?;troca_devolucao;telefone;teste
REC-04115;já postei a devolução e o status não mudou desde ontem.;troca_devolucao;telefone;treino
REC-04116;Então, a compra foi cancelada, mas a cobrança permaneceu e, além disso, o rastreio está confuso.;pagamento;site;treino
REC-04117;E ainda nao consigo retorno no atendimento. O que mais preciso resolver é que o prazo de troca está correndo e nao consigo abrir a solicitação!;troca_devolucao;email;validacao
REC-04118;pessoal, a etiqueta de postagem não foi liberada e preciso saber o que aconteceu. obrigado.;troca_devolucao;chat;treino
REC-04119;quero devolver a compra e não encontro a opção no meu último pedido.;troca_devolucao;app;treino
REC-04120;Por favor, o produto recebido é diferente do anúncio há alguns dias.;produto;email;treino
REC-04121;o pacote voltou para o remetente sem explicação no meu último pedido;entrega;chat;treino
REC-04122;A resposta recebida não tem relação com a minha dúvida e preciso saber o que aconteceu.;atendimento;site;treino
REC-04123;Por favor, o reembolso foi aprovado, porém não caiu;pagamento;email;treino
REC-04124;Só queria entender, o chat não esclareceu a situação, mas a previsão de chegada passou e nada. Podem verificar?;entrega;telefone;teste
REC-04125;Alguém consegue me ajudar, o protocolo foi fechado sem retorno e, além disso, o desconto não foi aplicado. Agradeço se puderem olhar isso;atendimento;chat;validacao
REC-04126;A compra chegou depois da data em que eu precisava e a peça veio quebrada.;entrega;email;treino
REC-04127;Por favor, olá, o protocolo foi fechado sem retorno no meu último pedido.;atendimento;site;treino
REC-04128;Por favor, o pacote sumiu no trajeto no meu último pedido;entrega;chat;treino
REC-04129;Estou tentando falar com alguém há dias e preciso saber o que aconteceu;atendimento;app;treino
REC-04130;Recebi só uma parte da compra, mas ao mesmo tempo o cupom foi aceito e depois o desconto sumiu Podem verificar?;entrega;telefone;treino
REC-04131;"A transportadora não apareceu no endereço; apesar disso a caixa veio com uma peça faltando.";entrega;app;treino
REC-04132;Ninguém responde ao protocolo, mas a previsão de chegada passou e nada.;entrega;site;treino
REC-04133;Por favor, registro a seguinte situação: pessoal, o sistema bloqueia a opção de devolução e preciso saber o que aconteceu. Isso pode ser verificado, por favor.;troca_devolucao;site;treino
REC-04134;Quero devolver a compra e não encontro a opção e, além disso, o chat não esclareceu a situação.;troca_devolucao;site;validacao
REC-04135;Boa tarde, o estorno ainda não apareceu há alguns dias Agradeço se puderem olhar isso.;pagamento;telefone;treino
REC-04136;"consta como entregue, mas não recebi; porém a devolução não aparece no sistema.";entrega;email;treino
REC-04137;O material parece danificado e preciso saber o que aconteceu.;produto;app;teste
REC-04138;Gostaria de solicitar apoio: a peça veio quebrada desde ontem;produto;chat;validacao
REC-04139;alguém consegue me ajudar, o chat não esclareceu a situação, mas a encomenda está atrasada. obrigada;entrega;email;treino
REC-04140;O atendimento encerrou o contato sem resolver e preciso saber o que aconteceu?;atendimento;telefone;teste
REC-04141;Olá, estou com uma dúvida, o pacote sumiu no trajeto. Obrigada.;entrega;site;treino
REC-04142;foi incluída uma taxa que não estava prevista no meu último pedido? 😕;pagamento;chat;treino
REC-04143;Pessoal, e ainda nao consigo retorno no atendimento, mas o sistema diz pagamento pendente, mas já paguei. Podem verificar?;pagamento;chat;treino
REC-04144;estou com uma dúvida, não sei onde acompanhar minha devolução desde ontem preciso de um retorno;troca_devolucao;site;treino
REC-04145;Oi, o pacote sumiu no trajeto, mas ao mesmo tempo o chat me transfere e ninguém assume o caso. Agradeço se puderem olhar isso.;entrega;app;treino
REC-04146;Já postei a devolução e o status não mudou.;troca_devolucao;app;treino
REC-04147;olá, o rastreio parou de atualizar no meu último pedido isso pode ser verificado, por favor;entrega;chat;validacao
REC-04148;Alguém consegue me ajudar, não consigo atendimento humano e preciso saber o que aconteceu. Como resolvo?;atendimento;site;teste
REC-04149;estou com uma dúvida, a entrega foi direcionada para outro endereço e preciso saber o que aconteceu? obrigado.;entrega;email;validacao
REC-04150;gostaria de registrar, o suporte pede as mesmas informações toda vez e preciso saber o que aconteceu? conseguem me orientar?;atendimento;telefone;teste
REC-04151;Por favor, o estorno ainda está pendente. O que mais preciso resolver é que o tamanho não corresponde ao informado;produto;telefone;teste
REC-04152;Gostaria de solicitar apoio: a entrega também atrasou, mas a etiqueta de postagem não foi liberada.;troca_devolucao;app;teste
REC-04153;"boa tarde, n consigo localizar onde está a encomenda; porém estou tentando devolver o item. conseguem me orientar?";entrega;site;treino
REC-04154;O prazo mudou várias vezes e preciso saber o que aconteceu.;entrega;telefone;treino
REC-04155;E ainda não consigo retorno no atendimento. O que mais preciso resolver é que o prazo mudou várias vezes.;entrega;app;teste
REC-04156;Alguém consegue me ajudar, a entrega foi direcionada para outro endereço desde ontem;entrega;app;treino
REC-04157;O atendente informou um procedimento que não funciona no meu último pedido;atendimento;site;treino
REC-04158;Estou com uma dúvida, o entregador marcou tentativa sem vir aqui no meu último pedido? Isso pode ser verificado, por favor?;entrega;chat;treino
REC-04159;A cor veio diferente da escolhida?;produto;site;treino
REC-04160;Gostaria de solicitar apoio: oi, o item também veio com uma avaria. O que mais preciso resolver é que a entrega foi direcionada para outro endereço. Isso pode ser verificado, por favor?!;entrega;telefone;treino
REC-04161;Olá, pessoal, o produto recebido é diferente do anúncio e preciso saber o que aconteceu? Podem verificar?;produto;email;treino
REC-04162;Prometeram retorno e não retornaram no meu último pedido?;atendimento;telefone;treino
REC-04163;a devolução não aparece no sistema, mas o pix saiu da conta e a compra continua pendente.;pagamento;site;treino
REC-04164;Gente, uma parte do kit não veio e preciso saber o que aconteceu.;produto;app;treino
REC-04165;Por favor, o prazo de troca está correndo e não consigo abrir a solicitação no meu último pedido;troca_devolucao;site;validacao
REC-04166;O chat não esclareceu a situação. O que mais preciso resolver é que o pacote sumiu no trajeto.;entrega;app;treino
REC-04167;Boa tarde, o cartão foi debitado, mas o pedido não confirmou há alguns dias Fico no aguardo.;pagamento;site;treino
REC-04168;"Não sei onde acompanhar minha devolução; além disso, faltou um acessório dentro da caixa.";produto;email;validacao
REC-04169;O atendimento encerrou o contato sem resolver no meu último pedido?;atendimento;chat;treino
REC-04170;"Oi, o rastreio parou de atualizar; ao mesmo tempo o modelo recebido não era exatamente o esperado.";entrega;chat;treino
REC-04171;O modelo recebido não era exatamente o esperado. O que mais preciso resolver é que ninguém responde minhas mensagens.;atendimento;app;treino
REC-04172;No pedido mais recente, estou esperando a encomenda há mais tempo que o informado desde ontem.;entrega;email;treino
REC-04173;o pacote voltou para o remetente sem explicação e preciso saber o que aconteceu?;entrega;telefone;validacao
REC-04174;Gente, o entregador marcou tentativa sem vir aqui e preciso saber o que aconteceu?;entrega;telefone;treino
REC-04175;Preciso de ajuda, ninguém responde minhas mensagens e a troca foi aprovada, mas o novo item não foi enviado. Podem verificar?;atendimento;telefone;treino
REC-04176;recbi só uma parte da compra e preciso saber o que aconteceu;entrega;email;validacao
REC-04177;"OLÁ, A TRANSPORTADORA NÃO APARECEU NO ENDEREÇO; APESAR DISSO O DESCONTO NÃO FOI APLICADO.";entrega;site;treino
REC-04178;"Olá, a compra chegou depois da data em que eu precisava; além disso, a ligação caiu e ninguém retomou o contato.";atendimento;chat;treino
REC-04179;"Olá, recebi informações diferentes de cada atendente; e o desconto não foi aplicado.";atendimento;telefone;teste
REC-04180;Oi, já postei a devolução e o status não mudou no meu último pedido?;troca_devolucao;chat;validacao
REC-04181;ENTÃO, OI, O PACOTE VOLTOU PARA O REMETENTE SEM EXPLICAÇÃO HÁ ALGUNS DIAS;entrega;telefone;teste
REC-04182;Por favor, a compra chegou depois da data em que eu precisava e o material parece danificado.;entrega;email;treino
REC-04183;Venho informar, fui tratado de forma pouco cordial. Também aconteceu o seguinte: a descrição do anúncio não bate com o que chegou. Obrigada.;produto;chat;treino
REC-04184;Gente, preciso de ajuda, enviei o item de volta e ainda não confirmaram o recebimento e o suporte pede as mesmas informações toda vez. Conseguem me orientar?;troca_devolucao;telefone;treino
REC-04185;o item chegou com defeito desde ontem;produto;email;teste
REC-04186;Solicitei troca e recebi instruções contraditórias, mas ao mesmo tempo o produto veio usado.;troca_devolucao;site;validacao
REC-04187;Só queria entender, a entrega foi direcionada para outro endereço e preciso saber o que aconteceu Isso pode ser verificado, por favor?;entrega;telefone;treino
REC-04188;Boa tarde, solicitei troca e recebi instruções contraditórias desde ontem? Podem verificar?;troca_devolucao;site;treino
REC-04189;"recebi informações diferentes de cada atendente; além disso, recebi o modelo errado";produto;site;treino
REC-04190;Olá, a parcela veio com valor incorreto?;pagamento;app;treino
REC-04191;Por favor, a devolução não aparece no sistema. O que mais preciso resolver é que o material parece danificado.;produto;email;teste
REC-04192;não consigo gerar o boleto no meu último pedido;pagamento;app;treino
REC-04193;Estou com uma dúvida, o produto recebido é diferente do anúncio desde ontem? Fico no aguardo.;produto;chat;treino
REC-04194;Gostaria de solicitar apoio: quero cancelar a compra e devolver o que recbi há alguns dias?;troca_devolucao;site;treino
REC-04195;pessoal, o pedido ainda não chegou há alguns dias.;entrega;email;treino
REC-04196;O modelo recbido não era exatamente o esperado. O que mais preciso resolver é que quero devolver a compra e não encontro a opção.;troca_devolucao;site;teste
REC-04197;Só queria entender, recebi só uma parte da compra há alguns dias Podem verificar?;entrega;site;teste
REC-04198;estou esperando a encomenda há mais tempo que o informado!!!;entrega;site;treino
REC-04199;Gente, pessoal, o estorno ainda está pendente, mas preciso substituir o item por outro modelo. Fico no aguardo.;troca_devolucao;email;treino
REC-04200;a devolução não aparece no sistema. o que mais preciso resolver é que o atendimento encerrou o contato sem resolver;atendimento;telefone;treino
REC-04201;a encomenda está atrasada. também aconteceu o seguinte: o aparelho desliga sozinho.;produto;site;treino
REC-04202;O chat não esclareceu a situação, mas o pedido ainda não chegou.;entrega;site;treino
REC-04203;Recebi o modelo errado e preciso saber o que aconteceu?!;produto;site;treino
REC-04204;Estou tentando falar com alguém há dias e, além disso, também apareceu uma cobrança que não entendi.;atendimento;app;treino
REC-04205;Por favor, já postei a devolução e o status não mudou e preciso saber o que aconteceu.;troca_devolucao;telefone;treino
REC-04206;Por favor, o atendente informou um procedimento que não funciona?;atendimento;telefone;teste
REC-04207;recebi o modelo errado e, além disso, tbm apareceu uma cobrança que não entendi.;produto;site;treino
REC-04208;Oi, por favor, foi incluída uma taxa que não estava prevista desde ontem Como resolvo?;pagamento;site;validacao
REC-04209;"Gente, alguém consegue me ajudar, faltou um acessório dentro da caixa; apesar disso a entrega tambem atrasou. Obrigada.";produto;email;treino
REC-04210;Preciso trocar o tamanho recbido no meu último pedido;troca_devolucao;site;treino
REC-04211;Por favor, o rastreio parou de atualizar e preciso saber o que aconteceu?;entrega;email;treino
REC-04212;Gostaria de registrar, o tamanho não corresponde ao informado e estou esperando a encomenda há mais tempo que o informado. Obrigada!;produto;email;treino
REC-04213;PESSOAL, TBM APARECEU UMA COBRANÇA Q NÃO ENTENDI. O Q MAIS PRECISO RESOLVER É Q O MATERIAL PARECE DANIFICADO. FICO NO AGUARDO.;produto;app;treino
REC-04214;"A encomenda está atrasada; além disso, a cor veio diferente da escolhida.";produto;app;teste
REC-04215;Então, pessoal, a troca foi aprovada, mas o novo item não foi enviado? Podem verificar?;troca_devolucao;email;treino
REC-04216;"Por favor, preciso substituir o item por outro modelo; só que o pacote demorou a chegar.";troca_devolucao;chat;treino
REC-04217;Por favor, então, o tamanho não corresponde ao informado.;produto;email;treino
REC-04218;Gostaria de solicitar apoio: meu chamado está sem atualização e, além disso, o desconto não foi aplicado.;atendimento;chat;teste
REC-04219;A etiqueta de postagem não foi liberada há alguns dias.;troca_devolucao;chat;treino
REC-04220;Por favor, o item chegou com defeito há alguns dias? Fico no aguardo.;produto;telefone;validacao
REC-04221;não consigo localizar onde está a encomenda e, além disso, o estorno ainda está pendente.;entrega;telefone;treino
REC-04222;O atendente informou um procedimento que não funciona. Também aconteceu o seguinte: o cupom foi aceito e depois o desconto sumiu.;pagamento;app;treino
REC-04223;"O sistema diz pagamento pendente, mas já paguei; e a entrega também atrasou.";pagamento;telefone;treino
REC-04224;a compra chegou depois da data em que eu precisava e, além disso, o estorno ainda está pendente.;entrega;telefone;treino
REC-04225;recebi o modelo errado desde ontem.;produto;chat;treino
REC-04226;Bom dia, o produto veio usado. Isso pode ser verificado, por favor?;produto;chat;treino
REC-04227;A transportadora não apareceu no endereço desde ontem;entrega;telefone;treino
REC-04228;A entrega também atrasou. O que mais preciso resolver é que a descrição do anúncio não bate com o que chegou!;produto;site;treino
REC-04229;Não reconheço uma cobrança relacionada ao pedido desde ontem.;pagamento;site;treino
REC-04230;"Oi, o item também veio com uma avaria, mas o pacote voltou para o remetente sem explicação; preciso de retorno.";entrega;app;treino
REC-04231;o pacote voltou para o remetente sem explicação no meu último pedido, depois de alguns dias.;entrega;telefone;treino
REC-04232;Por favor, pessoal, preciso trocar o tamanho recebido no meu último pedido Podem verificar?!;troca_devolucao;email;treino
REC-04233;venho informar, a caixa veio com uma peça faltando, mas o atendente informou um procedimento que não funciona. preciso de um retorno.;atendimento;site;treino
REC-04234;Estou esperando a encomenda há mais tempo que o informado e preciso saber o que aconteceu.;entrega;site;teste
REC-04235;queria uma orientação, o estorno ainda está pendente. o que mais preciso resolver é que a embalagem estava intacta, mas o item não funciona. preciso de um retorno.;produto;chat;treino
REC-04236;Já postei a devolução e o status não mudou há alguns dias;troca_devolucao;telefone;treino
REC-04237;GOSTARIA DE REGISTRAR, O PRODUTO RECEBIDO É DIFERENTE DO ANÚNCIO E, ALÉM DISSO, ESTOU TENTANDO DEVOLVER O ITEM. FICO NO AGUARDO.;produto;site;treino
REC-04238;quero devolver a compra e nao encontro a opção e preciso saber o que aconteceu?;troca_devolucao;telefone;treino
REC-04239;Só queria entender, a transportadora não apareceu no endereço e preciso saber o que aconteceu Agradeço se puderem olhar isso.;entrega;site;treino
REC-04240;"Oi, o aparelho desliga sozinho; mas o desconto não foi aplicado.";produto;telefone;validacao
REC-04241;Por favor, o rastreio parou de atualizar no meu último pedido.;entrega;site;teste
REC-04242;o prazo mudou várias vezes e, além disso, a caixa veio com uma peça faltando;entrega;chat;treino
REC-04243;pessoal, consta como entregue, mas não recebi. como resolvo?;entrega;email;treino
REC-04244;Oi, não consigo localizar onde está a encomenda no meu último pedido;entrega;telefone;treino
REC-04245;a parcela veio com valor incorreto.;pagamento;site;treino
REC-04246;Oi, a encomenda está atrasada desde ontem. Podem verificar?;entrega;telefone;treino
REC-04247;Por favor, estou tentando falar com alguém há dias no meu último pedido;atendimento;app;teste
REC-04248;Por favor, o rastreio parou de atualizar há alguns dias.;entrega;email;treino
REC-04249;"oi, preciso trocar o tamanho recebido; além disso, o estorno ainda não apareceu. como resolvo?";pagamento;app;treino
REC-04250;o estorno ainda está pendente, mas o rastreio parou de atualizar.;entrega;site;validacao
REC-04251;Por favor, estou tentando devolver o item, mas a compra foi cancelada, mas a cobrança permaneceu. Isso pode ser verificado, por favor?;pagamento;email;treino
REC-04252;Bom dia, o cupom foi aceito e depois o desconto sumiu Podem verificar?;pagamento;app;treino
REC-04253;"O valor cobrado está diferente do anunciado no meu último pedido; situação observada na primeira tentativa.";pagamento;app;validacao
REC-04254;Gente, o item também veio com uma avaria. O que mais preciso resolver é que o rastreio parou de atualizar.;entrega;email;treino
REC-04255;Olá, o pacote sumiu no trajeto e preciso saber o que aconteceu?;entrega;email;treino
REC-04256;a encomenda está atrasada há alguns dias fico no aguardo;entrega;site;treino
REC-04257;"O pacote voltou para o remetente sem explicação; situação observada hoje de manhã.";entrega;chat;treino
REC-04258;Olá, o chat me transfere e ninguém assume o caso Isso pode ser verificado, por favor?;atendimento;email;teste
REC-04259;Preciso de ajuda, o pacote sumiu no trajeto e, além disso, também tentei abrir uma troca. Agradeço se puderem olhar isso.;entrega;telefone;treino
REC-04260;então, a parcela veio com valor incorreto há alguns dias? obrigado.;pagamento;telefone;validacao
REC-04261;"a compra foi cancelada, mas a cobrança permaneceu; além disso, a compra chegou depois da data em que eu precisava.";entrega;telefone;treino
REC-04262;"Por favor, bom dia, o sistema bloqueia a opção de devolução; ao mesmo tempo o estorno ainda está pendente. Agradeço se puderem olhar isso";troca_devolucao;email;treino
REC-04263;"olá, o acabamento veio com marcas; porém e ainda n consigo retorno no atendimnto. podem verificar?";produto;telefone;treino
REC-04264;"SOLICITEI TROCA E RECEBI INSTRUÇÕES CONTRADITÓRIAS; ALÉM DISSO, O PEDIDO AINDA NAO CHEGOU";entrega;site;validacao
REC-04265;Olá, a etiqueta de postagem não foi liberada desde ontem? Preciso de um retorno.;troca_devolucao;chat;treino
REC-04266;Meu chamado está sem atualização. Também aconteceu o seguinte: o prazo de troca está correndo e não consigo abrir a solicitação.;troca_devolucao;email;treino
REC-04267;Por favor, e ainda não consigo retorno no atendimento. O que mais preciso resolver é que o cupom foi aceito e depois o desconto sumiu!;pagamento;chat;treino
REC-04268;"O chat me transfere e ninguém assume o caso; mas a caixa veio com uma peça faltando.";atendimento;chat;treino
REC-04269;Oi, o modelo recebido não era exatamente o esperado, mas o cupom foi aceito e depois o desconto sumiu. Conseguem me orientar?;pagamento;telefone;teste
REC-04270;o atendente informou um procedimento que não funciona e, além disso, o pacote demorou a chegar.;atendimento;telefone;treino
REC-04271;gostaria de registrar, o item chegou com defeito e preciso saber o que aconteceu fico no aguardo.;produto;telefone;treino
REC-04272;Oi, bom dia, a cor veio diferente da escolhida desde ontem. Conseguem me orientar?;produto;email;teste
REC-04273;preciso de ajuda, n consigo localizar onde está a encomenda desde ontem. agradeço se puderem olhar isso.;entrega;app;teste
REC-04274;Só queria entender, a encomenda está atrasada e preciso saber o que aconteceu? Agradeço se puderem olhar isso.;entrega;site;treino
REC-04275;"O pix saiu da conta e a compra continua pendente; além disso, o atendente informou um procedimento que não funciona.";atendimento;telefone;treino
REC-04276;Por favor, o cartão foi debitado, mas o pedido não confirmou há alguns dias;pagamento;email;validacao
REC-04277;"Por favor, o tamanho não corresponde ao informado; só que o desconto não foi aplicado.";produto;site;teste
REC-04278;O PRODUTO VEIO USADO DESDE ONTEM?!;produto;chat;validacao
REC-04279;faltou um acessório dentro da caixa. também aconteceu o seguinte: a etiqueta de postagem não foi liberada.;troca_devolucao;email;teste
REC-04280;Bom dia, o item também veio com uma avaria, mas o valor foi cobrado duas vezes.;pagamento;email;treino
REC-04281;"Prometeram retorno e não retornaram; além disso, não sei onde acompanhar minha devolução.";troca_devolucao;chat;treino
REC-04282;Já postei a devolução e o status não mudou desde ontem?;troca_devolucao;chat;validacao
REC-04283;"O entregador marcou tentativa sem vir aqui; e a caixa veio com uma peça faltando.";entrega;email;treino
REC-04284;quero cancelar a compra e devolver o q recebi e preciso saber o q aconteceu.;troca_devolucao;email;treino
REC-04285;Boa tarde, também apareceu uma cobrança que não entendi. O que mais preciso resolver é que o prazo de troca está correndo e não consigo abrir a solicitação. Isso pode ser verificado, por favor?;troca_devolucao;telefone;treino
REC-04286;Só queria entender, prometeram retorno e nao retornaram e, além disso, também apareceu uma cobrança que nao entendi. Conseguem me orientar?;atendimento;telefone;treino
REC-04287;Por favor, o estorno ainda não apareceu?;pagamento;chat;treino
REC-04288;Oi, alguém consegue me ajudar, foi incluída uma taxa que não estava prevista no meu último pedido. Como resolvo?;pagamento;chat;treino
REC-04289;Quero devolver a compra e não encontro a opção e, além disso, a entrega também atrasou.;troca_devolucao;email;validacao
REC-04290;Queria uma orientação, a previsão de chegada passou e nada e, além disso, e ainda não consigo retorno no atendimento. Preciso de um retorno;entrega;site;treino
REC-04291;Não consigo atendimento humano, mas ao mesmo tempo a transportadora não apareceu no endereço.;atendimento;telefone;validacao
REC-04292;o suporte pede as mesmas informações toda vez no meu último pedido.;atendimento;app;validacao
REC-04293;"Olá, a compra chegou depois da data em que eu precisava e, além disso, e ainda não consigo retorno no atendimento; situação observada hoje de manhã.";entrega;chat;teste
REC-04294;Gostaria de solicitar apoio: a ligação caiu e ninguém retomou o contato, mas ao mesmo tempo enviei o item de volta e ainda nao confirmaram o recbimento.;atendimento;email;treino
REC-04295;Por favor, o atendimento encerrou o contato sem resolver e, além disso, a devolução não aparece no sistema.;atendimento;app;treino
REC-04296;Solicito orientação: por favor, preciso substituir o item por outro modelo e preciso saber o que aconteceu Obrigada.;troca_devolucao;chat;treino
REC-04297;"Queria uma orientação, a descrição do anúncio não bate com o que chegou; além disso, a compra chegou depois da data em que eu precisava. Obrigado.";entrega;site;treino
REC-04298;a compra chegou depois da data em que eu precisava e preciso saber o que aconteceu.;entrega;app;treino
REC-04299;o produto veio usado e o pix saiu da conta e a compra continua pendente;produto;email;treino
REC-04300;Por favor, só queria entender, a devolução não aparece no sistema, mas fui tratado de forma pouco cordial. Como resolvo?;atendimento;chat;teste
REC-04301;o pacote voltou pra o remetente sem explicação há alguns dias?;entrega;chat;treino
REC-04302;"O item apresentou problema no primeiro uso; só que o rastreio está confuso.";produto;site;treino
REC-04303;Registro a seguinte situação: o rastreio está confuso, mas o valor cobrado está diferente do anunciado.;pagamento;app;teste
REC-04304;A parcela veio com valor incorreto e, além disso, o chat não esclareceu a situação.;pagamento;telefone;treino
REC-04305;Quero devolver a compra e não encontro a opção e preciso saber o que aconteceu.;troca_devolucao;app;validacao
REC-04306;foi incluída uma taxa que não estava prevista;pagamento;telefone;treino
REC-04307;O aparelho desliga sozinho e, além disso, também tentei abrir uma troca.;produto;app;treino
REC-04308;A encomenda está atrasada Podem verificar?;entrega;chat;treino
REC-04309;O material parece danificado e preciso saber o que aconteceu, no pedido mais recente.;produto;app;treino
REC-04310;"pessoal, a resposta recebida nao tem relação com a minha dúvida; além disso, a cor veio diferente da escolhida. preciso de um retorno.";produto;telefone;treino
REC-04311;Gostaria de solicitar apoio: fui tratado de forma pouco cordial?;atendimento;site;treino
REC-04312;Por favor, preciso de ajuda, o pedido ainda não chegou desde ontem? Como resolvo?;entrega;app;treino
REC-04313;Estou com uma dúvida, o item também veio com uma avaria, mas não consigo atendimento humano. Fico no aguardo.;atendimento;app;treino
REC-04314;Olá, a descrição do anúncio não bate com o que chegou há alguns dias;produto;email;teste
REC-04315;Por favor, a coleta da devolução não aconteceu e preciso saber o que aconteceu.;troca_devolucao;email;treino
REC-04316;ninguém responde minhas mensagens no meu último peddo?;atendimento;site;treino
REC-04317;"Boa tarde, o estorno ainda não apareceu; entretanto o modelo recebido não era exatamente o esperado. Podem verificar?";pagamento;telefone;teste
REC-04318;Preciso de ajuda, ninguém responde minhas mensagens Agradeço se puderem olhar isso.;atendimento;telefone;treino
REC-04319;A transportadora não apareceu no endereço há alguns dias;entrega;app;teste
REC-04320;"Por favor, estou com uma dúvida, o atendimento encerrou o contato sem resolver; ao mesmo tempo o estorno ainda está pendente.";atendimento;email;treino
REC-04321;O atendimento encerrou o contato sem resolver. Também aconteceu o seguinte: não consigo localizar onde está a encomenda.;entrega;telefone;teste
REC-04322;;pagamento;telefone;treino
REC-04323;"Por favor, meu chamado está sem atualização; apesar disso o rastreio está confuso.";atendimento;app;treino
REC-04324;OLÁ, PRECISO DE AJUDA, QUERO CANCELAR A COMPRA E DEVOLVER O QUE RECEBI DESDE ONTEM. PODEM VERIFICAR?;troca_devolucao;site;treino
REC-04325;o pedido ainda n chegou e preciso saber o que aconteceu?;entrega;site;validacao
REC-04326;Por favor, pessoal, solicitei troca e recebi instruções contraditórias e preciso saber o que aconteceu? Conseguem me orientar?!;troca_devolucao;email;treino
REC-04327;alguém consegue me ajudar, já postei a devolução e o status n mudou e, além disso, o desconto n foi aplicado.;troca_devolucao;chat;treino
REC-04328;Oi, olá, houve problema com a transportadora, mas não consigo gerar o boleto.;pagamento;app;teste
REC-04329;Só queria entender, ninguém responde minhas mensagens. Também aconteceu o seguinte: faltou um acessório dentro da caixa. Conseguem me orientar?!;produto;chat;treino
REC-04330;gostaria de solicitar apoio: o entregador marcou tentativa sem vir aqui no meu último pedido.;entrega;site;treino
REC-04331;O pagamento foi recusado mesmo com limite;pagamento;chat;treino
REC-04332;"Oi, o entregador marcou tentativa sem vir aqui; mas e ainda não consigo retorno no atendimento; preciso de retorno.";entrega;email;treino
REC-04333;o item também veio com uma avaria. o q mais preciso resolver é q a ligação caiu e ninguém retomou o contato.;atendimento;app;teste
REC-04334;Estou tentando falar com alguém há dias desde ontem.;atendimento;site;treino
REC-04335;;pagamento;chat;treino
REC-04336;a encomenda está atrasada, mas ao mesmo tempo meu chamado está sem atualização.;entrega;site;treino
REC-04337;por favor, a solicitação de devolução não avança e, além disso, ninguém responde ao protocolo isso pode ser verificado, por favor;troca_devolucao;telefone;treino
REC-04338;Olá, bom dia, o produto veio usado Isso pode ser verificado, por favor?;produto;email;treino
REC-04339;o pacote demorou a chegar, mas o produto recebido é diferente do anúncio.;produto;site;teste
REC-04340;Olá, o protocolo foi fechado sem retorno há alguns dias;atendimento;telefone;treino
REC-04341;o chat me transfere e ninguém assume o caso e estou esperando a encomenda há mais tempo que o informado;atendimento;site;treino
REC-04342;a resposta recebida não tem relação com a minha dúvida. também aconteceu o seguinte: a transportadora não apareceu no endereço.;entrega;chat;treino
REC-04343;NINGUÉM RESPONDE MINHAS MENSAGENS.;atendimento;telefone;validacao
REC-04344;A encomenda está atrasada e, além disso, o modelo recebido não era exatamente o esperado.;entrega;telefone;treino
REC-04345;preciso substituir o item por outro modelo.;troca_devolucao;app;treino
REC-04346;Estou esperando a encomenda há mais tempo que o informado e, além disso, também tentei abrir uma troca.;entrega;app;treino
REC-04347;Gostaria de solicitar apoio: estou com uma dúvida, o rastreio parou de atualizar desde ontem? Fico no aguardo.;entrega;site;treino
REC-04348;"uma parte do kit n veio; além disso, o prazo de troca está correndo e n consigo abrir a solicitação; preciso de retorno.";troca_devolucao;chat;treino
REC-04349;Bom dia, o valor foi cobrado duas vezes no meu último pedido? Preciso de um retorno.;pagamento;chat;treino
REC-04350;o cartão foi debitado, mas o pedido não confirmou e preciso saber o que aconteceu;pagamento;chat;teste
REC-04351;Queria uma orientação, estou esperando a encomenda há mais tempo que o informado. Também aconteceu o seguinte: o sistema diz pagamento pendente, mas já paguei. Preciso de um retorno.;pagamento;telefone;treino
REC-04352;Gente, o material parece danificado e preciso saber o que aconteceu;produto;chat;teste
REC-04353;"uma parte do kit não veio; e o estorno ainda está pendente.";produto;email;treino
REC-04354;o pacote demorou a chegar, mas o sistema bloqueia a opção de devolução 😤;troca_devolucao;chat;validacao
REC-04355;recebi só uma parte da compra e, além disso, a caixa veio com uma peça faltando.;entrega;telefone;treino
REC-04356;o estorno ainda está pendente, mas a troca foi aprovada, mas o novo item não foi enviado;troca_devolucao;site;validacao
REC-04357;"Gostaria de solicitar apoio: bom dia, o valor foi cobrado duas vezes; ao mesmo tempo a devolução não aparece no sistema. Isso pode ser verificado, por favor?";pagamento;telefone;treino
REC-04358;Oi, o modelo recebido não era exatamente o esperado, mas consta como entregue, mas não recebi. Obrigado!;entrega;email;treino
REC-04359;Ninguém responde minhas mensagens e, além disso, o pacote demorou a chegar.;atendimento;chat;treino
REC-04360;Por favor, a caixa veio com uma peça faltando, mas recebi só uma parte da compra.;entrega;email;treino
REC-04361;por favor, recebi informações diferentes de cada atendente. fico no aguardo.;atendimento;email;treino
REC-04362;não consigo atendimento humano há alguns dias.;atendimento;chat;treino
REC-04363;venho informar, o chat não esclareceu a situação. o que mais preciso resolver é que a previsão de chegada passou e nada. fico no aguardo.;entrega;site;treino
REC-04364;Gente, gostaria de registrar, quero cancelar a compra e devolver o que recebi no meu último pedido. Podem verificar?;troca_devolucao;chat;validacao
REC-04365;a compra foi cancelada, mas a cobrança permaneceu há alguns dias!!!;pagamento;site;validacao
REC-04366;tbm tentei abrir uma troca, mas estou tentando falar com alguém há dias.;atendimento;site;treino
REC-04367;a caixa veio com uma peça faltando, mas a resposta recebida não tem relação com a minha dúvida ...;atendimento;chat;treino
REC-04368;Gente, a compra chegou depois da data em que eu precisava há alguns dias?;entrega;chat;treino
REC-04369;só queria entender, também apareceu uma cobrança que nao entendi. o que mais preciso resolver é que o rastreio parou de atualizar. podem verificar?;entrega;site;treino
REC-04370;Também apareceu uma cobrança que não entendi, mas o item apresentou problema no primeiro uso.;produto;app;treino
REC-04371;"já postei a devolução e o status n mudou; apesar disso também apareceu uma cobrança que n entendi.";troca_devolucao;site;treino
REC-04372;O pix saiu da conta e a compra continua pendente e, além disso, também tentei abrir uma troca.;pagamento;chat;treino
REC-04373;Oi, pessoal, e ainda nao consigo retorno no atendimento, mas já postei a devolução e o status nao mudou.;troca_devolucao;email;treino
REC-04374;Na compra feita pelo aplicativo, a cor veio diferente da escolhida há alguns dias.;produto;email;validacao
REC-04375;Então, uma parte do kit não veio desde ontem;produto;telefone;treino
REC-04376;Oi, só queria entender, o entregador marcou tentativa sem vir aqui e preciso saber o que aconteceu. Podem verificar?;entrega;chat;treino
REC-04377;O CARTÃO FOI DEBITADO, MAS O PEDIDO NÃO CONFIRMOU DESDE ONTEM;pagamento;chat;validacao
REC-04378;O produto veio usado no meu último pedido. Isso aconteceu na primeira tentativa.;produto;telefone;validacao
REC-04379;o cartão foi debitado, mas o pedido n confirmou há alguns dias 😕;pagamento;email;treino
REC-04380;a caixa veio com uma peça faltando. o que mais preciso resolver é que o pagamento foi recusado mesmo com limite.;pagamento;telefone;treino
REC-04381;A descrição do anúncio não bate com o que chegou. Também aconteceu o seguinte: fui tratado de forma pouco cordial;atendimento;telefone;treino
REC-04382;Meu chamado está sem atualização há alguns dias.;atendimento;telefone;treino
REC-04383;O item apresentou problema no primeiro uso no meu último pedido.;produto;telefone;treino
REC-04384;Por favor, o estorno ainda está pendente, mas recebi informações diferentes de cada atendente.;atendimento;email;validacao
REC-04385;Então, só queria entender, estou tentando devolver o item. O que mais preciso resolver é que o valor foi cobrado duas vezes. Fico no aguardo;pagamento;telefone;treino
REC-04386;Então, o tamanho não corresponde ao informado e não reconheço uma cobrança relacionada ao pedido.;produto;app;validacao
REC-04387;O atendimento encerrou o contato sem resolver desde ontem;atendimento;site;treino
REC-04388;"a cor veio diferente da escolhida; apesar disso o chat não esclareceu a situação.";produto;site;treino
REC-04389;Pessoal, estou tentando falar com alguém há dias e preciso saber o que aconteceu. Fico no aguardo.;atendimento;telefone;teste
REC-04390;Uma parte do kit não veio?;produto;email;treino
REC-04391;"A peça veio quebrada; ao mesmo tempo o chat não esclareceu a situação.";produto;email;treino
REC-04392;Por favor, solicitei troca e recebi instruções contraditórias no meu último pedido.;troca_devolucao;email;treino
REC-04393;O desconto não foi aplicado. O que mais preciso resolver é que o produto recebido é diferente do anúncio.;produto;telefone;treino
REC-04394;Então, também apareceu uma cobrança que não entendi, mas o entregador marcou tentativa sem vir aqui.;entrega;app;treino
REC-04395;Solicito orientação: o produto recebido é diferente do anúncio, mas ao mesmo tempo estou esperando a encomenda há mais tempo que o informado;produto;chat;treino
REC-04396;Então, olá, não consigo gerar o boleto no meu último pedido? Isso pode ser verificado, por favor?;pagamento;site;treino
REC-04397;a ligação caiu e ninguém retomou o contato desde ontem;atendimento;chat;treino
REC-04398;O atendente informou um procedimento que não funciona desde ontem?;atendimento;telefone;treino
REC-04399;Gostaria de solicitar apoio: gostaria de registrar, quero devolver a compra e não encontro a opção, mas ao mesmo tempo o pacote sumiu no trajeto. Preciso de um retorno.;troca_devolucao;telefone;teste
REC-04400;ninguém responde minhas mensagens no meu último pedido;atendimento;app;treino
REC-04401;também tentei abrir uma troca. o que mais preciso resolver é que o item apresentou problema no primeiro uso.;produto;chat;treino
REC-04402;Fui tratado de forma pouco cordial desde ontem Podem verificar?;atendimento;site;validacao
REC-04403;BOM DIA, NÃO CONSIGO ATENDIMENTO HUMANO HÁ ALGUNS DIAS? CONSEGUEM ME ORIENTAR?;atendimento;app;treino
REC-04404;o pix saiu da conta e a compra continua pendente. também aconteceu o seguinte: a peça veio quebrada.;produto;chat;teste
REC-04405;O cupom foi aceito e depois o desconto sumiu desde ontem?;pagamento;chat;treino
REC-04406;Estou com uma dúvida, o modelo recebido nao era exatamente o esperado, mas recebi só uma parte da compra. Obrigado.;entrega;chat;treino
REC-04407;Também tentei abrir uma troca. O que mais preciso resolver é que o protocolo foi fechado sem retorno.;atendimento;telefone;validacao
REC-04408;Uma parte do kit não veio e, além disso, também tentei abrir uma troca.;produto;app;teste
REC-04409;"Olá, o atendimento encerrou o contato sem resolver; entretanto também apareceu uma cobrança que não entendi.";atendimento;app;treino
REC-04410;Pessoal, o pacote demorou a chegar. O que mais preciso resolver é que o cartão foi debitado, mas o pedido não confirmou. Obrigada.;pagamento;app;treino
REC-04411;Depois da atualização do pedido, estou esperando a encomenda há mais tempo que o informado.;entrega;site;treino
REC-04412;HOUVE PROBLEMA COM A TRANSPORTADORA. O QUE MAIS PRECISO RESOLVER É QUE A TROCA FOI APROVADA, MAS O NOVO ITEM NÃO FOI ENVIADO.;troca_devolucao;email;teste
REC-04413;a previsão de chegada passou e nada;entrega;email;teste
REC-04414;O desconto não foi aplicado, mas consta como entregue, mas não recebi.;entrega;email;treino
REC-04415;Não reconheço uma cobrança relacionada ao pedido.;pagamento;site;treino
REC-04416;Não consigo gerar o boleto desde ontem?;pagamento;telefone;validacao
REC-04417;Também tentei abrir uma troca. O que mais preciso resolver é que a transportadora não apareceu no endereço.;entrega;telefone;treino
REC-04418;O rastreio está confuso, mas a descrição do anúncio nao bate com o que chegou.;produto;app;treino
REC-04419;Estou com uma dúvida, o cartão foi debitado, mas o peddo não confirmou Conseguem me orientar?;pagamento;site;treino
REC-04420;"O pagamento foi recusado mesmo com limite desde ontem; preciso de retorno.";pagamento;app;teste
REC-04421;Bom dia, o pacote demorou a chegar. O que mais preciso resolver é que estou tentando falar com alguém há dias!;atendimento;app;treino
REC-04422;"A troca foi aprovada, mas o novo item não foi enviado no meu último pedido; situação observada no pedido que fiz para casa.";troca_devolucao;app;treino
REC-04423;"O estorno ainda não apareceu; mas a devolução não aparece no sistema.";pagamento;telefone;treino
REC-04424;O produto recebido é diferente do anúncio desde ontem.;produto;chat;treino
REC-04425;O acabamento veio com marcas e, além disso, e ainda não consigo retorno no atendimento.;produto;telefone;teste
REC-04426;"não consigo atendimento humano; apesar disso também apareceu uma cobrança que não entendi.";atendimento;app;treino
REC-04427;Ninguém responde minhas mensagens.;atendimento;site;treino
REC-04428;O PROTOCOLO FOI FECHADO SEM RETORNO, MAS AO MESMO TEMPO O VALOR COBRADO ESTÁ DIFERENTE DO ANUNCIADO.;atendimento;site;validacao
REC-04429;Estou tentando falar com alguém há dias, mas ao mesmo tempo o prazo de troca está correndo e não consigo abrir a solicitação.;atendimento;app;treino
REC-04430;Pessoal, recebi informações diferentes de cada atendente? Podem verificar?;atendimento;email;teste
REC-04431;A entrega também atrasou, mas solicitei troca e recebi instruções contraditórias.;troca_devolucao;app;treino
REC-04432;A encomenda está atrasada, mas ao mesmo tempo o sistema diz pagamento pendente, mas já paguei.;entrega;email;treino
REC-04433;Oi, já postei a devolução e o status não mudou há alguns dias.;troca_devolucao;app;treino
REC-04434;No pedido que fiz para casa, a ligação caiu e ninguém retomou o contato desde ontem.;atendimento;chat;teste
REC-04435;Gente, o tamanho não corresponde ao informado e preciso saber o que aconteceu;produto;chat;treino
REC-04436;Solicito orientação: a transportadora não apareceu no endereço. Também aconteceu o seguinte: o estorno ainda não apareceu.;pagamento;email;treino
REC-04437;Gente, recebi só uma parte da compra, mas ao mesmo tempo o sistema bloqueia a opção de devolução.;entrega;site;treino
REC-04438;"Então, queria uma orientação, já postei a devolução e o status não mudou; e o item também veio com uma avaria. Podem verificar?";troca_devolucao;chat;treino
REC-04439;A encomenda está atrasada há alguns dias, em uma compra recente.;entrega;email;validacao
REC-04440;Solicitei troca e recebi instruções contraditórias. Também aconteceu o seguinte: a entrega foi direcionada para outro endereço.;entrega;site;treino
REC-04441;a ligação caiu e ninguém retomou o contato. tbm aconteceu o seguinte: o reembolso foi aprovado, porém não caiu.;pagamento;app;treino
REC-04442;o sistema bloqueia a opção de devolução. também aconteceu o seguinte: a resposta recebida não tem relação com a minha dúvida;atendimento;chat;treino
REC-04443;Então, faltou um acessório dentro da caixa no meu último pedido;produto;email;treino
REC-04444;Oi, bom dia, o item também veio com uma avaria, mas enviei o item de volta e ainda não confirmaram o recebimento. Fico no aguardo.;troca_devolucao;telefone;teste
REC-04445;O desconto não foi aplicado, mas a ligação caiu e ninguém retomou o contato.;atendimento;telefone;treino
REC-04446;enviei o item de volta e ainda não confirmaram o recebimento e, além disso, o modelo recebido não era exatamente o esperado;troca_devolucao;chat;validacao
REC-04447;Olá, o tamanho não corresponde ao informado e, além disso, o desconto não foi aplicado;produto;app;treino
REC-04448;ninguém responde ao protocolo. o que mais preciso resolver é que a previsão de chegada passou e nada;entrega;chat;treino
REC-04449;"Enviei o item de volta e ainda não confirmaram o recebimento; além disso, recebi o modelo errado.";produto;email;treino
REC-04450;Registro a seguinte situação: o estorno ainda está pendente, mas não consigo atendimento humano!;atendimento;app;treino
REC-04451;O desconto nao foi aplicado, mas a descrição do anúncio nao bate com o que chegou.;produto;email;teste
REC-04452;Pessoal, estou tentando falar com alguém há dias e, além disso, também tentei abrir uma troca. Conseguem me orientar?;atendimento;chat;treino
REC-04453;boa tarde, a descrição do anúncio não bate com o q chegou e, além disso, também apareceu uma cobrança q não entendi.;produto;email;treino
REC-04454;O pacote voltou para o remetente sem explicação há alguns dias.;entrega;site;treino
REC-04455;O produto veio usado.;produto;app;teste
REC-04456;O PRAZO MUDOU VÁRIAS VEZES DESDE ONTEM.;entrega;chat;validacao
REC-04457;Por favor, só queria entender, a ligação caiu e ninguém retomou o contato e preciso saber o que aconteceu Como resolvo?;atendimento;site;treino
REC-04458;Gostaria de solicitar apoio: consta como entregue, mas não recbi no meu último pedido.;entrega;chat;treino
REC-04459;O item apresentou problema no primeiro uso e, além disso, e ainda não consigo retorno no atendimento.;produto;email;treino
REC-04460;Estou com uma dúvida, quero cancelar a compra e devolver o que recebi há alguns dias.;troca_devolucao;site;validacao
REC-04461;estou com uma dúvida, a ligação caiu e ninguém retomou o contato e, além disso, tbm tentei abrir uma troca. preciso de um retorno!;atendimento;telefone;validacao
REC-04462;boa tarde, o estorno ainda está pendente, mas o pacote sumiu no trajeto. podem verificar?;entrega;site;treino
REC-04463;E ainda não consigo retorno no atendimento, mas a transportadora não apareceu no endereço.;entrega;chat;validacao
REC-04464;Solicito orientação: o atendimento encerrou o contato sem resolver desde ontem.;atendimento;telefone;teste
REC-04465;Oi, a parcela veio com valor incorreto e preciso saber o que aconteceu Fico no aguardo.;pagamento;email;treino
REC-04466;O atendimento encerrou o contato sem resolver desde ontem?;atendimento;site;treino
REC-04467;"Gente, gostaria de registrar, o pacote sumiu no trajeto desde ontem. Fico no aguardo; preciso de retorno.";entrega;telefone;validacao
REC-04468;Oi, preciso substituir o item por outro modelo e preciso saber o que aconteceu Agradeço se puderem olhar isso.;troca_devolucao;site;treino
REC-04469;"O material parece danificado e preciso saber o que aconteceu; situação observada na primeira tentativa.";produto;chat;treino
REC-04470;Então, ninguém responde ao protocolo. O que mais preciso resolver é que não reconheço uma cobrança relacionada ao peddo.;pagamento;chat;teste
REC-04471;OI, TAMBÉM APARECEU UMA COBRANÇA QUE NÃO ENTENDI, MAS O ATENDENTE INFORMOU UM PROCEDIMENTO QUE NÃO FUNCIONA. ISSO PODE SER VERIFICADO, POR FAVOR?;atendimento;chat;treino
REC-04472;Só queria entender, o rastreio está confuso, mas o acabamento veio com marcas. Obrigado.;produto;email;teste
REC-04473;não sei onde acompanhar minha devolução e ninguém responde minhas mensagens.;troca_devolucao;site;treino
REC-04474;Queria uma orientação, também tentei abrir uma troca, mas o produto veio usado. Fico no aguardo.;produto;email;treino
REC-04475;Solicito orientação: o suporte pede as mesmas informações toda vez há alguns dias.;atendimento;telefone;teste
REC-04476;"a cor veio diferente da escolhida há alguns dias; situação observada depois de alguns dias.";produto;chat;treino
REC-04477;Estou com uma dúvida, e ainda não consigo retorno no atendimento, mas não consigo gerar o boleto. Obrigado.;pagamento;telefone;treino
REC-04478;também tentei abrir uma troca. o que mais preciso resolver é que estou esperando a encomenda há mais tempo que o informado.;entrega;chat;treino
REC-04479;Na primeira tentativa, não consigo localizar onde está a encomenda há alguns dias.;entrega;site;treino
REC-04480;Então, venho informar, o pix saiu da conta e a compra continua pendente. Podem verificar?;pagamento;site;validacao
REC-04481;O pacote demorou a chegar. O que mais preciso resolver é que a embalagem estava intacta, mas o item não funciona.;produto;email;treino
REC-04482;oi, o pacote sumiu no trajeto e, além disso, a devolução não aparece no sistema.;entrega;app;treino
REC-04483;Registro a seguinte situação: boa tarde, preciso substituir o item por outro modelo e, além disso, o item também veio com uma avaria.;troca_devolucao;telefone;treino
REC-04484;O item apresentou problema no primeiro uso Isso pode ser verificado, por favor?;produto;telefone;validacao
REC-04485;Por favor, não consigo localizar onde está a encomenda e preciso saber o que aconteceu;entrega;app;teste
REC-04486;e ainda nao consigo retorno no atendimento o que mais preciso resolver é que o item chegou com defeito;produto;site;treino
REC-04487;A etiqueta de postagem não foi liberada e, além disso, o pacote demorou a chegar.;troca_devolucao;telefone;treino
REC-04488;Então, não consigo atendimento humano e preciso saber o que aconteceu.;atendimento;app;treino
REC-04489;O material parece danificado desde ontem?;produto;site;validacao
REC-04490;O produto recebido é diferente do anúncio desde ontem, na compra feita pelo aplicativo.;produto;site;treino
REC-04491;"recbi o modelo errado; ao mesmo tempo e ainda nao consigo retorno no atendimento";produto;telefone;treino
REC-04492;O acabamento veio com marcas no meu último pedido;produto;telefone;treino
REC-04493;Oi, pessoal, estou tentando devolver o item, mas fui tratado de forma pouco cordial. Agradeço se puderem olhar isso;atendimento;email;treino
REC-04494;foi incluída uma taxa que não estava prevista no meu último pedido;pagamento;email;teste
REC-04495;Solicito orientação: pessoal, a coleta da devolução não aconteceu? Preciso de um retorno.;troca_devolucao;chat;validacao
REC-04496;Gente, a resposta recebida não tem relação com a minha dúvida e, além disso, o pacote demorou a chegar!;atendimento;app;treino
REC-04497;Olá, venho informar, a transportadora não apareceu no endereço há alguns dias? Preciso de um retorno.;entrega;site;treino
REC-04498;Estou tentando devolver o item. O que mais preciso resolver é que a encomenda está atrasada.;entrega;app;teste
REC-04499;a caixa veio com uma peça faltando, mas preciso substituir o item por outro modelo. 😤;troca_devolucao;email;teste
REC-04500;Gente, o pix saiu da conta e a compra continua pendente;pagamento;email;treino
REC-04501;a encomenda está atrasada há alguns dias;entrega;app;teste
REC-04502;A devolução não aparece no sistema. O que mais preciso resolver é que o reembolso foi aprovado, porém não caiu.;pagamento;chat;treino
REC-04503;Por favor, não consigo localizar onde está a encomenda e preciso saber o que aconteceu?;entrega;site;teste
REC-04504;"Gente, olá, o sistema bloqueia a opção de devolução; além disso, fui tratado de forma pouco cordial. Conseguem me orientar?";atendimento;chat;treino
REC-04505;"Gostaria de solicitar apoio: estou com uma dúvida, enviei o item de volta e ainda não confirmaram o recebimento; entretanto a caixa veio com uma peça faltando. Fico no aguardo.";troca_devolucao;site;treino
REC-04506;Solicito orientação: a coleta da devolução nao aconteceu?;troca_devolucao;email;treino
REC-04507;O rastreio está confuso, mas o reembolso foi aprovado, porém não caiu.;pagamento;site;treino
REC-04508;O item chegou com defeito no meu último pedido.;produto;site;teste
REC-04509;"Preciso de ajuda, não consigo gerar o boleto; porém estou tentando devolver o item.";pagamento;site;treino
REC-04510;o atendimento encerrou o contato sem resolver no meu último pedido;atendimento;site;treino
REC-04511;Boa tarde, a resposta recebida não tem relação com a minha dúvida, mas ao mesmo tempo o prazo mudou várias vezes. Obrigado;atendimento;chat;validacao
REC-04512;Gente, a devolução não aparece no sistema, mas não reconheço uma cobrança relacionada ao pedido.;pagamento;chat;teste
REC-04513;O RASTREIO PAROU DE ATUALIZAR HÁ ALGUNS DIAS;entrega;site;validacao
REC-04514;Só queria entender, o reembolso foi aprovado, porém não caiu e, além disso, a devolução não aparece no sistema.;pagamento;telefone;treino
REC-04515;estou tentando devolver o item, mas o aparelho desliga sozinho.;produto;chat;validacao
REC-04516;Preciso de ajuda, o pacote voltou para o remetente sem explicação no meu último pedido?;entrega;site;treino
REC-04517;Estou com uma dúvida, o produto veio usado e preciso saber o que aconteceu Agradeço se puderem olhar isso!;produto;app;treino
REC-04518;Oi, estou esperando a encomenda há mais tempo que o informado e foi incluída uma taxa que não estava prevista. Isso pode ser verificado, por favor Podem verificar?;entrega;telefone;treino
REC-04519;Olá, ninguém responde ao protocolo. O que mais preciso resolver é que a peça veio quebrada.;produto;app;treino
REC-04520;O atendente informou um procedimento que não funciona;atendimento;app;treino
REC-04521;estou tentando falar com alguém há dias há alguns dias?;atendimento;chat;treino
REC-04522;recebi só uma parte da compra desde ontem.;entrega;chat;treino
REC-04523;Por favor, o produto veio usado no meu último pedido;produto;telefone;treino
REC-04524;Estou com uma dúvida, estou tentando falar com alguém há dias e preciso saber o que aconteceu? Obrigada.;atendimento;telefone;treino
REC-04525;"Por favor, o produto veio usado; porém a devolução não aparece no sistema. Obrigada.";produto;site;treino
REC-04526;POR FAVOR, VENHO INFORMAR, O PACOTE VOLTOU PARA O REMETENTE SEM EXPLICAÇÃO E, ALÉM DISSO, A DEVOLUÇÃO NÃO APARECE NO SISTEMA. ISSO PODE SER VERIFICADO, POR FAVOR?;entrega;chat;treino
REC-04527;"Não consigo gerar o boleto no meu último pedido; situação observada depois da atualização do pedido.";pagamento;app;treino
REC-04528;O valor cobrado está diferente do anunciado e, além disso, o rastreio está confuso.;pagamento;chat;treino
REC-04529;Olá, o pacote voltou para o remetente sem explicação e preciso saber o que aconteceu?;entrega;site;treino
REC-04530;Olá, boa tarde, a coleta da devolução não aconteceu, mas ao mesmo tempo o pacote voltou para o remetente sem explicação. Fico no aguardo.;troca_devolucao;telefone;treino
REC-04531;O atendimento encerrou o contato sem resolver e preciso saber o que aconteceu;atendimento;app;treino
REC-04532;Olá, o item apresentou problema no primeiro uso no meu último pedido;produto;chat;treino
REC-04533;o entregador marcou tentativa sem vir aqui no meu último pedido?;entrega;telefone;treino
REC-04534;Gente, o pacote demorou a chegar, mas o produto recebido é diferente do anúncio.;produto;site;treino
REC-04535;preciso de ajuda, o produto veio usado e, além disso, o desconto não foi aplicado. preciso de um retorno.;produto;site;treino
REC-04536;tambem tentei abrir uma troca. O que mais preciso resolver é que a cor veio diferente da escolhida.;produto;site;teste
REC-04537;o chat não esclareceu a situação. o que mais preciso resolver é que consta como entregue, mas não recbi.;entrega;telefone;teste
REC-04538;Recebi o modelo errado e, além disso, houve problema com a transportadora. Preciso de um retorno.;produto;telefone;treino
REC-04539;gostaria de registrar, o atendimento encerrou o contato sem resolver e, além disso, a entrega tambem atrasou. podem verificar?;atendimento;telefone;treino
REC-04540;Gente, a embalagem estava intacta, mas o item não funciona. Também aconteceu o seguinte: o pedido ainda não chegou;entrega;chat;treino
REC-04541;O sistema diz pagamento pendente, mas já paguei e o atendimento encerrou o contato sem resolver.;pagamento;app;treino
REC-04542;o valor cobrado está diferente do anunciado há alguns dias;pagamento;site;treino
REC-04543;Bom dia, o item também veio com uma avaria. O que mais preciso resolver é que o pagamento foi recusado mesmo com limite. Conseguem me orientar?;pagamento;site;treino
REC-04544;Olá, o item também veio com uma avaria. O que mais preciso resolver é que o chat me transfere e ninguém assume o caso.;atendimento;app;treino
REC-04545;Olá, a peça veio quebrada?;produto;app;treino
REC-04546;"Alguém consegue me ajudar, o cupom foi aceito e depois o desconto sumiu; apesar disso também tentei abrir uma troca. Como resolvo?";pagamento;chat;treino
REC-04547;O PRODUTO VEIO USADO DESDE ONTEM;produto;site;treino
REC-04548;Venho informar, recebi só uma parte da compra desde ontem? Preciso de um retorno.;entrega;app;treino
REC-04549;Por favor, recebi só uma parte da compra e preciso saber o que aconteceu?;entrega;site;treino
REC-04550;"Oi, recbi só uma parte da compra; além disso, o reembolso foi aprovado, porém não caiu. Agradeço se puderem olhar isso.";pagamento;chat;teste
REC-04551;Então, o produto recebido é diferente do anúncio e a solicitação de devolução não avança.;produto;app;teste
REC-04552;o modelo recebido não era exatamente o esperado, mas o pacote sumiu no trajeto.;entrega;email;validacao
REC-04553;ninguém responde ao protocolo, mas o produto veio usado.;produto;chat;treino
REC-04554;Gostaria de solicitar apoio: oi, a entrega foi direcionada para outro endereço e recebi informações diferentes de cada atendente. Fico no aguardo.;entrega;telefone;treino
REC-04555;a transportadora não apareceu no endereço no meu último pedido. Isso aconteceu hoje de manhã.;entrega;site;treino
REC-04556;também apareceu uma cobrança que não entendi. o que mais preciso resolver é que recbi o modelo errado.;produto;chat;treino
REC-04557;Olá, houve problema com a transportadora. O que mais preciso resolver é que prometeram retorno e não retornaram.;atendimento;app;treino
REC-04558;"Gente, o material parece danificado; além disso, a troca foi aprovada, mas o novo item não foi enviado.";troca_devolucao;site;treino
REC-04559;Gostaria de solicitar apoio: foi incluída uma taxa que não estava prevista e, além disso, ninguém responde ao protocolo.;pagamento;email;treino
REC-04560;"O valor cobrado está diferente do anunciado; só que a caixa veio com uma peça faltando.";pagamento;email;teste
REC-04561;Olá, oi, o chat não esclareceu a situação, mas a coleta da devoluçao não aconteceu. Podem verificar?;troca_devolucao;email;treino
REC-04562;Gente, a descrição do anúncio não bate com o que chegou há alguns dias.;produto;email;treino
REC-04563;Oi, o item chegou com defeito no meu último pedido.;produto;chat;treino
REC-04564;Meu chamado está sem atualização e, além disso, o rastreio está confuso.;atendimento;email;treino
REC-04565;Estou com uma dúvida, o chat não esclareceu a situação. O que mais preciso resolver é que recebi o modelo errado. Conseguem me orientar?;produto;app;treino
REC-04566;"Venho informar, o pacote sumiu no trajeto; mas o modelo recebido não era exatamente o esperado. Fico no aguardo.";entrega;site;treino
REC-04567;"Venho informar, solicitei troca e recebi instruções contraditórias; e e ainda não consigo retorno no atendimento. Obrigada.";troca_devolucao;site;validacao
REC-04568;Registro a seguinte situação: estou tentando devolver o item. O que mais preciso resolver é que o cartão foi debitado, mas o pedido não confirmou.;pagamento;app;treino
REC-04569;"Estou com uma dúvida, a peça veio quebrada; além disso, o valor foi cobrado duas vezes. Conseguem me orientar?";pagamento;email;teste
REC-04570;Foi incluída uma taxa que não estava prevista desde ontem?;pagamento;email;teste
REC-04571;Desde a semana passada, o item chegou com defeito desde ontem.;produto;email;treino
REC-04572;A COMPRA CHEGOU DEPOIS DA DATA EM QUE EU PRECISAVA E O PROTOCOLO FOI FECHADO SEM RETORNO. FICO NO AGUARDO.;entrega;telefone;treino
REC-04573;por favor, o aparelho desliga sozinho e o suporte pede as mesmas informações toda vez. conseguem me orientar?;produto;chat;treino
REC-04574;consta como entregue, mas n recebi. também aconteceu o seguinte: o atendente informou um procedimento que n funciona!;atendimento;site;treino
REC-04575;a compra chegou depois da data em q eu precisava e preciso saber o q aconteceu;entrega;telefone;validacao
REC-04576;não sei onde acompanhar minha devolução e a transportadora não apareceu no endereço;troca_devolucao;site;validacao
REC-04577;O pagamento foi recusado mesmo com limite e, além disso, o item também veio com uma avaria.;pagamento;telefone;treino
REC-04578;"a etiqueta de postagem não foi liberada; apesar disso o estorno ainda está pendente.";troca_devolucao;app;treino
REC-04579;Oi, só queria entender, a caixa veio com uma peça faltando, mas a etiqueta de postagem não foi liberada. Como resolvo?;troca_devolucao;app;teste
REC-04580;"consta como entregue, mas não recebi; além disso, o aparelho desliga sozinho.";produto;chat;treino
REC-04581;O produto veio usado no meu último pedido.;produto;chat;treino
REC-04582;Preciso trocar o tamanho recebido há alguns dias.;troca_devolucao;chat;treino
REC-04583;O protocolo foi fechado sem retorno e, além disso, a devolução não aparece no sistema.;atendimento;email;teste
REC-04584;Olá, preciso trocar o tamanho recebido há alguns dias? Como resolvo?;troca_devolucao;chat;validacao
REC-04585;Gostaria de registrar, o rastreio está confuso. O que mais preciso resolver é que o material parece danificado. Isso pode ser verificado, por favor?;produto;site;treino
REC-04586;estou com uma dúvida, ninguém responde ao protocolo, mas a previsão de chegada passou e nada preciso de um retorno;entrega;app;treino
REC-04587;"Olá, fui tratado de forma pouco cordial; além disso, o entregador marcou tentativa sem vir aqui.";entrega;app;teste
REC-04588;não consigo atendimento humano há alguns dias?;atendimento;email;validacao
REC-04589;Solicito orientação: preciso substituir o item por outro modelo no meu último pedido.;troca_devolucao;app;treino
REC-04590;venho informar, a etiqueta de postagem não foi liberada e, além disso, o estorno ainda está pendente. obrigada.;troca_devolucao;app;treino
REC-04591;o chat me transfere e ninguém assume o caso e preciso saber o que aconteceu?;atendimento;email;teste
REC-04592;O item também veio com uma avaria. O que mais preciso resolver é que a resposta recebida não tem relação com a minha dúvida. Isso aconteceu desde ontem.;atendimento;chat;treino
REC-04593;Oi, o material parece danificado desde ontem.;produto;app;teste
REC-04594;Bom dia, o atendimento encerrou o contato sem resolver desde ontem. Obrigado.;atendimento;email;validacao
REC-04595;O prazo de troca está correndo e não consigo abrir a solicitação desde ontem?;troca_devolucao;email;treino
REC-04596;OI, O PACOTE VOLTOU PARA O REMETENTE SEM EXPLICAÇÃO E, ALÉM DISSO, A CAIXA VEIO COM UMA PEÇA FALTANDO. ISSO PODE SER VERIFICADO, POR FAVOR?;entrega;telefone;teste
REC-04597;Ninguém responde ao protocolo, mas a solicitação de devolução não avança.;troca_devolucao;site;teste
REC-04598;a compra chegou depois da data em q eu precisava e, além disso, também apareceu uma cobrança q não entendi.;entrega;telefone;treino
REC-04599;"Queria uma orientação, não sei onde acompanhar minha devolução; ao mesmo tempo e ainda não consigo retorno no atendimento. Obrigado.";troca_devolucao;chat;treino
REC-04600;Olá, quero devolver a compra e não encontro a opção e, além disso, ninguém responde ao protocolo.;troca_devolucao;app;treino
REC-04601;venho informar, a etiqueta de postagem não foi liberada no meu último pedido. agradeço se puderem olhar isso.;troca_devolucao;app;treino
REC-04602;oi, a compra chegou depois da data em que eu precisava e, além disso, o desconto não foi aplicado. preciso de um retorno.;entrega;chat;treino
REC-04603;Bom dia, a entrega foi direcionada para outro endereço há alguns dias? Isso pode ser verificado, por favor?;entrega;email;treino
REC-04604;"o pagamento foi recusado mesmo com limite; além disso, a previsão de chegada passou e nada.";entrega;telefone;treino
REC-04605;Olá, solicitei troca e recebi instruções contraditórias;troca_devolucao;telefone;teste
REC-04606;O estorno ainda não apareceu há alguns dias?;pagamento;telefone;treino
REC-04607;Por favor, consta como entregue, mas não recebi há alguns dias?;entrega;email;teste
REC-04608;Gente, só queria entender, o sistema bloqueia a opção de devolução, mas ao mesmo tempo estou esperando a encomenda há mais tempo que o informado. Preciso de um retorno!;troca_devolucao;telefone;treino
REC-04609;"A previsão de chegada passou e nada no meu último pedido; situação observada na compra feita pelo aplicativo.";entrega;chat;teste
REC-04610;Gente, gostaria de registrar, o acabamento veio com marcas e preciso saber o que aconteceu Fico no aguardo.;produto;email;treino
REC-04611;Alguém consegue me ajudar, a entrega também atrasou. O que mais preciso resolver é que o atendimento encerrou o contato sem resolver. Como resolvo?;atendimento;telefone;teste
REC-04612;Olá, gostaria de registrar, a embalagem estava intacta, mas o item não funciona desde ontem. Obrigada!;produto;email;validacao
REC-04613;NÃO RECONHEÇO UMA COBRANÇA RELACIONADA AO PEDIDO HÁ ALGUNS DIAS;pagamento;chat;treino
REC-04614;o desconto não foi aplicado. o que mais preciso resolver é que fui tratado de forma pouco cordial.;atendimento;chat;treino
REC-04615;A embalagem estava intacta, mas o item não funciona e recebi informações diferentes de cada atendente.;produto;app;treino
REC-04616;Pessoal, recebi o modelo errado e preciso saber o que aconteceu?;produto;email;validacao
REC-04617;"Então, pessoal, o tamanho não corresponde ao informado; além disso, a ligação caiu e ninguém retomou o contato. Obrigada.";atendimento;email;treino
REC-04618;e ainda n consigo retorno no atendimento, mas a encomenda está atrasada.;entrega;email;treino
REC-04619;Então, o entregador marcou tentativa sem vir aqui e a descrição do anúncio não bate com o que chegou.;entrega;chat;treino
REC-04620;Estou esperando a encomenda há mais tempo que o informado e a descrição do anúncio não bate com o que chegou.;entrega;site;treino
REC-04621;A previsão de chegada passou e nada;entrega;app;treino
REC-04622;Enviei o item de volta e ainda não confirmaram o recebimento e o aparelho desliga sozinho.;troca_devolucao;app;treino
REC-04623;"Gostaria de registrar, não consigo atendimento humano; ao mesmo tempo o pacote demorou a chegar. Obrigado.";atendimento;telefone;treino
REC-04624;Gente, queria uma orientação, o tamanho não corresponde ao informado há alguns dias.;produto;email;treino
REC-04625;o tamanho não corresponde ao informado desde ontem.;produto;site;validacao
REC-04626;Olá, a compra foi cancelada, mas a cobrança permaneceu e preciso saber o que aconteceu?;pagamento;telefone;validacao
REC-04627;Estou esperando a encomenda há mais tempo que o informado há alguns dias.;entrega;app;teste
REC-04628;"Por favor, o prazo mudou várias vezes; e o estorno ainda está pendente.";entrega;chat;treino
REC-04629;só queria entender, e ainda não consigo retorno no atendimento, mas a encomenda está atrasada. fico no aguardo.;entrega;site;treino
REC-04630;oi, não consigo localizar onde está a encomenda;entrega;app;teste
REC-04631;o item chegou com defeito no meu último pedido?;produto;chat;treino
REC-04632;GOSTARIA DE SOLICITAR APOIO: O PRODUTO VEIO USADO NO MEU ÚLTIMO PEDIDO;produto;email;treino
REC-04633;O pacote sumiu no trajeto desde ontem?;entrega;site;treino
REC-04634;O pix saiu da conta e a compra continua pendente no meu último pedido. Isso aconteceu depois da atualização do pedido.;pagamento;telefone;treino
REC-04635;boa tarde, a coleta da devolução nao aconteceu. agradeço se puderem olhar isso.;troca_devolucao;email;treino
REC-04636;o protocolo foi fechado sem retorno e, além disso, também apareceu uma cobrança q não entendi;atendimento;chat;validacao
REC-04637;"recebi informações diferentes de cada atendente; além disso, o valor foi cobrado duas vezes.";pagamento;app;treino
REC-04638;A entrega também atrasou. O que mais preciso resolver é que quero cancelar a compra e devolver o que recebi.;troca_devolucao;telefone;treino
REC-04639;O pacote sumiu no trajeto e, além disso, também apareceu uma cobrança que não entendi.;entrega;email;teste
REC-04640;Alguém consegue me ajudar, a compra foi cancelada, mas a cobrança permaneceu, mas ao mesmo tempo o prazo de troca está correndo e não consigo abrir a solicitação. Podem verificar?;pagamento;email;treino
REC-04641;Estou com uma dúvida, o desconto não foi aplicado, mas faltou um acessório dentro da caixa. Obrigado.;produto;app;teste
REC-04642;Olá, estou esperando a encomenda há mais tempo que o informado no meu último pedido?;entrega;chat;treino
REC-04643;o valor foi cobrado duas vezes e preciso saber o q aconteceu?;pagamento;chat;teste
REC-04644;Oi, gostaria de registrar, o protocolo foi fechado sem retorno e, além disso, o pacote demorou a chegar. Podem verificar?;atendimento;chat;treino
REC-04645;estou tentando falar com alguém há dias e, além disso, o rastreio está confuso.;atendimento;telefone;treino
REC-04646;O prazo mudou várias vezes e, além disso, ninguém responde ao protocolo.;entrega;site;teste
REC-04647;O atendente informou um procedimento que não funciona e, além disso, o desconto não foi aplicado.;atendimento;telefone;validacao
REC-04648;BOA TARDE, NÃO SEI ONDE ACOMPANHAR MINHA DEVOLUÇÃO NO MEU ÚLTIMO PEDIDO? OBRIGADA.;troca_devolucao;chat;treino
REC-04649;Consta como entregue, mas não recebi desde ontem?;entrega;chat;treino
REC-04650;Gente, boa tarde, não reconheço uma cobrança relacionada ao pedido há alguns dias? Conseguem me orientar?;pagamento;app;teste
REC-04651;Oi, olá, estou esperando a encomenda há mais tempo que o informado no meu último peddo. Obrigado.;entrega;email;teste
REC-04652;Gente, a solicitação de devolução não avança e preciso saber o que aconteceu;troca_devolucao;telefone;treino
REC-04653;Preciso de ajuda, a encomenda está atrasada desde ontem? Agradeço se puderem olhar isso.;entrega;telefone;treino
REC-04654;"A entrega também atrasou. O que mais preciso resolver é que recebi informações diferentes de cada atendente; situação observada depois da atualização do pedido.";atendimento;app;treino
REC-04655;"Gente, o pacote sumiu no trajeto; só que estou tentando devolver o item.";entrega;telefone;teste
REC-04656;o sistema bloqueia a opção de devolução há alguns dias?;troca_devolucao;email;teste
REC-04657;Olá, o tamanho não corresponde ao informado desde ontem;produto;app;treino
REC-04658;o produto recebido é diferente do anúncio e, além disso, também tentei abrir uma troca.;produto;chat;treino
REC-04659;POR FAVOR, O DESCONTO NÃO FOI APLICADO, MAS O SUPORTE PEDE AS MESMAS INFORMAÇÕES TODA VEZ.;atendimento;telefone;teste
REC-04660;Por favor, boa tarde, o estorno ainda não apareceu. Também aconteceu o seguinte: o protocolo foi fechado sem retorno. Agradeço se puderem olhar isso.;atendimento;telefone;treino
REC-04661;fui tratado de forma pouco cordial, mas ao mesmo tempo o aparelho desliga sozinho.;atendimento;telefone;treino
REC-04662;Boa tarde, o material parece danificado? Podem verificar?;produto;chat;treino
REC-04663;venho informar, a previsão de chegada passou e nada há alguns dias como resolvo!!!;entrega;app;teste
REC-04664;Por favor, queria uma orientação, enviei o item de volta e ainda não confirmaram o recebimento. Também aconteceu o seguinte: meu chamado está sem atualização. Como resolvo?;atendimento;email;treino
REC-04665;gente, a transportadora não apareceu no endereço no meu último pedido;entrega;app;teste
REC-04666;"Queria uma orientação, o cartão foi debitado, mas o pedido não confirmou; e o pacote demorou a chegar. Preciso de um retorno!";pagamento;telefone;treino
REC-04667;o item também veio com uma avaria. o que mais preciso resolver é que já postei a devoluçao e o status não mudou.;troca_devolucao;telefone;treino
REC-04668;Gostaria de solicitar apoio: alguém consegue me ajudar, solicitei troca e recebi instruções contraditórias. Agradeço se puderem olhar isso.;troca_devolucao;telefone;validacao
REC-04669;o sistema diz pagamento pendente, mas já paguei e o rastreio parou de atualizar!;pagamento;telefone;teste
REC-04670;Quero devolver a compra e não encontro a opção?;troca_devolucao;telefone;treino
REC-04671;O material parece danificado há alguns dias;produto;email;validacao
REC-04672;Por favor, a peça veio quebrada há alguns dias.;produto;chat;treino
REC-04673;Ninguém responde minhas mensagens, mas ao mesmo tempo o pacote voltou para o remetente sem explicação.;atendimento;chat;treino
REC-04674;A etiqueta de postagem não foi liberada desde ontem.;troca_devolucao;telefone;treino
REC-04675;Gente, o entregador marcou tentativa sem vir aqui e preciso saber o que aconteceu;entrega;telefone;treino
REC-04676;Estou tentando devolver o item. O que mais preciso resolver é que o protocolo foi fechado sem retorno.;atendimento;site;treino
REC-04677;"boa tarde, o suporte pede as mesmas informações toda vez; porém o modelo recebido não era exatamente o esperado. obrigado.";atendimento;telefone;treino
REC-04678;O cupom foi aceito e depois o desconto sumiu;pagamento;email;teste
REC-04679;o cupom foi aceito e depois o desconto sumiu, mas ao mesmo tempo o chat me transfere e ninguém assume o caso!;pagamento;site;treino
REC-04680;Gostaria de registrar, a cor veio diferente da escolhida há alguns dias?;produto;email;treino
REC-04681;"Recebi o modelo errado; apesar disso a devolução não aparece no sistema.";produto;site;treino
REC-04682;Gente, consta como entregue, mas não recebi e preciso saber o que aconteceu. Conseguem me orientar?;entrega;chat;teste
REC-04683;Gente, alguém consegue me ajudar, o rastreio está confuso. O que mais preciso resolver é que preciso trocar o tamanho recebido. Agradeço se puderem olhar isso.;troca_devolucao;telefone;teste
REC-04684;Por favor, a solicitação de devolução não avança e, além disso, a entrega também atrasou.;troca_devolucao;chat;treino
REC-04685;O protocolo foi fechado sem retorno desde ontem.;atendimento;email;validacao
REC-04686;A parcela veio com valor incorreto e, além disso, a caixa veio com uma peça faltando;pagamento;chat;treino
REC-04687;enviei o item de volta e ainda não confirmaram o recebimento e não reconheço uma cobrança relacionada ao pedido.;troca_devolucao;chat;validacao
REC-04688;Oi, estou com uma dúvida, a descrição do anúncio não bate com o que chegou desde ontem Podem verificar?;produto;telefone;treino
REC-04689;a etiqueta de postagem não foi liberada e consta como entregue, mas não recebi.;troca_devolucao;email;treino
REC-04690;Olá, por favor, solicitei troca e recebi instruções contraditórias e preciso saber o que aconteceu. Conseguem me orientar?;troca_devolucao;telefone;treino
REC-04691;a previsão de chegada passou e nada no meu último pedido?;entrega;site;teste
REC-04692;o pedido ainda não chegou no meu último pedido?;entrega;site;treino
REC-04693;Boa tarde, recebi o modelo errado e preciso saber o que aconteceu Obrigada;produto;app;validacao
REC-04694;Não consigo localizar onde está a encomenda. Também aconteceu o seguinte: o cartão foi debitado, mas o pedido não confirmou.;pagamento;email;treino
REC-04695;O valor foi cobrado duas vezes há alguns dias?;pagamento;app;validacao
REC-04696;o reembolso foi aprovado, porém não caiu desde ontem.;pagamento;email;teste
REC-04697;Oi, a compra foi cancelada, mas a cobrança permaneceu?;pagamento;email;treino
REC-04698;Por favor, pessoal, o pedido ainda não chegou no meu último pedido Obrigada.;entrega;telefone;treino
REC-04699;O produto recebido é diferente do anúncio e, além disso, ninguém responde ao protocolo.;produto;email;teste
REC-04700;O item chegou com defeito?;produto;chat;treino
REC-04701;O aparelho desliga sozinho e, além disso, o pacote demorou a chegar.;produto;email;validacao
REC-04702;Queria uma orientação, a parcela veio com valor incorreto e preciso saber o que aconteceu Isso pode ser verificado, por favor?;pagamento;app;treino
REC-04703;Por favor, recbi só uma parte da compra, mas ao mesmo tempo a solicitação de devolução nao avança.;entrega;app;treino
REC-04704;o valor foi cobrado duas vezes e, além disso, estou tentando devolver o item;pagamento;email;treino
REC-04705;a peça veio quebrada e preciso substituir o item por outro modelo.;produto;chat;treino
REC-04706;Gostaria de registrar, o pedido ainda não chegou e, além disso, o chat não esclareceu a situação. Como resolvo?;entrega;email;treino
REC-04707;Venho informar, solicitei troca e recebi instruções contraditórias. Também aconteceu o seguinte: foi incluída uma taxa que não estava prevista.;pagamento;email;treino
REC-04708;o acabamento veio com marcas há alguns dias;produto;site;treino
REC-04709;Solicito orientação: a transportadora não apareceu no endereço no meu último pedido.;entrega;chat;treino
REC-04710;Olá, não reconheço uma cobrança relacionada ao pedido, mas ao mesmo tempo a etiqueta de postagem não foi liberada. Isso pode ser verificado, por favor?;pagamento;site;teste
REC-04711;Ninguém responde ao protocolo, mas o peddo ainda não chegou.;entrega;site;teste
REC-04712;GENTE, CONSTA COMO ENTREGUE, MAS NAO RECBI HÁ ALGUNS DIAS.;entrega;chat;teste
REC-04713;enviei o item de volta e ainda não confirmaram o recebimento e, além disso, o estorno ainda está pendente.;troca_devolucao;email;teste
REC-04714;pessoal, também tentei abrir uma troca. o q mais preciso resolver é q o atendente informou um procedimento q não funciona.;atendimento;email;treino
REC-04715;Registro a seguinte situação: não consigo gerar o boleto e preciso saber o que aconteceu!;pagamento;site;treino
REC-04716;o pacote sumiu no trajeto, mas ao mesmo tempo a coleta da devolução não aconteceu.;entrega;telefone;treino
REC-04717;não consigo gerar o boleto;pagamento;telefone;teste
REC-04718;Depois da atualização do pedido, também tentei abrir uma troca. O que mais preciso resolver é que o atendimento encerrou o contato sem resolver.;atendimento;app;treino
REC-04719;a transportadora não apareceu no endereço e, além disso, estou tentando devolver o item.;entrega;telefone;treino
REC-04720;estou com uma dúvida, quero devolver a compra e não encontro a opção e, além disso, o estorno ainda está pendente;troca_devolucao;site;treino
REC-04721;Olá, já postei a devolução e o status não mudou e preciso saber o que aconteceu? Agradeço se puderem olhar isso.;troca_devolucao;app;validacao
REC-04722;Houve problema com a transportadora, mas preciso trocar o tamanho recebido.;troca_devolucao;chat;treino
REC-04723;o item apresentou problema no primeiro uso e preciso saber o que aconteceu?;produto;telefone;treino
REC-04724;O prazo mudou várias vezes. Também aconteceu o seguinte: o material parece danificado.;produto;chat;teste
REC-04725;O produto recebido é diferente do anúncio. Também aconteceu o seguinte: não consigo gerar o boleto.;pagamento;app;validacao
REC-04726;preciso de ajuda, o rastreio está confuso o que mais preciso resolver é que o reembolso foi aprovado, porém não caiu isso pode ser verificado, por favor;pagamento;app;treino
REC-04727;Gente, ninguém responde ao protocolo. O que mais preciso resolver é que o pedido ainda não chegou.;entrega;chat;treino
REC-04728;Também tentei abrir uma troca, mas recebi o modelo errado.;produto;email;treino
REC-04729;"preciso de ajuda, a embalagem estava intacta, mas o item não funciona; só que a entrega também atrasou. podem verificar?";produto;chat;treino
REC-04730;Foi incluída uma taxa que não estava prevista e, além disso, o pacote demorou a chegar.;pagamento;telefone;treino
REC-04731;o reembolso foi aprovado, porém não caiu e preciso saber o que aconteceu.;pagamento;app;validacao
REC-04732;Desde a última atualização do rastreio, o aparelho desliga sozinho e preciso saber o que aconteceu.;produto;chat;teste
REC-04733;O pacote sumiu no trajeto há alguns dias, na primeira tentativa.;entrega;app;teste
REC-04734;preciso trocar o tamanho recbido desde ontem.;troca_devolucao;email;treino
REC-04735;o valor foi cobrado duas vezes no meu último pedido!;pagamento;chat;treino
REC-04736;O rastreio parou de atualizar;entrega;email;treino
REC-04737;Oi, o pagamento foi recusado mesmo com limite e preciso saber o que aconteceu;pagamento;site;treino
REC-04738;Ninguém responde ao protocolo. O que mais preciso resolver é que a descrição do anúncio não bate com o que chegou;produto;telefone;teste
REC-04739;a coleta da devolução não aconteceu, mas ao mesmo tempo o cupom foi aceito e depois o desconto sumiu;troca_devolucao;app;treino
REC-04740;O item chegou com defeito, mas ao mesmo tempo já postei a devolução e o status não mudou.;produto;chat;treino
REC-04741;Oi, o aparelho desliga sozinho. Também aconteceu o seguinte: a troca foi aprovada, mas o novo item não foi enviado.;troca_devolucao;chat;treino
REC-04742;Solicitei troca e recebi instruções contraditórias e preciso saber o que aconteceu?;troca_devolucao;chat;treino
REC-04743;Oi, por favor, o pagamento foi recusado mesmo com limite? Obrigado.;pagamento;telefone;treino
REC-04744;Preciso de ajuda, a devolução não aparece no sistema. O que mais preciso resolver é que o chat me transfere e ninguém assume o caso. Obrigado.;atendimento;email;treino
REC-04745;"Oi, a compra foi cancelada, mas a cobrança permaneceu; ao mesmo tempo o pacote demorou a chegar. Conseguem me orientar?";pagamento;telefone;validacao
REC-04746;"Venho informar, o reembolso foi aprovado, porém não caiu; só que o item também veio com uma avaria. Agradeço se puderem olhar isso.";pagamento;chat;validacao
REC-04747;Gente, a cor veio diferente da escolhida no meu último pedido;produto;chat;teste
REC-04748;;pagamento;chat;treino
REC-04749;meu chamado está sem atualização e, além disso, estou tentando devolver o item.;atendimento;site;treino
REC-04750;Oi, o item apresentou problema no primeiro uso, mas ao mesmo tempo foi incluída uma taxa que não estava prevista.;produto;telefone;treino
REC-04751;Só queria entender, a entrega também atrasou. O que mais preciso resolver é que enviei o item de volta e ainda não confirmaram o recebimento. Podem verificar?;troca_devolucao;site;teste
REC-04752;não sei onde acompanhar minha devolução e o tamanho não corresponde ao informado. 🙂;troca_devolucao;email;teste
REC-04753;O protocolo foi fechado sem retorno e, além disso, o pacote demorou a chegar;atendimento;app;treino
REC-04754;NÃO RECONHEÇO UMA COBRANÇA RELACIONADA AO PEDDO DESDE ONTEM;pagamento;app;treino
REC-04755;Oi, por favor, o estorno ainda está pendente, mas o chat me transfere e ninguém assume o caso. Fico no aguardo.;atendimento;app;treino
REC-04756;Ninguém responde ao protocolo. O que mais preciso resolver é que não consigo localizar onde está a encomenda;entrega;email;teste
REC-04757;Gostaria de registrar, a devolução não aparece no sistema. O que mais preciso resolver é que a compra foi cancelada, mas a cobrança permaneceu. Preciso de um retorno.;pagamento;app;validacao
REC-04758;O entregador marcou tentativa sem vir aqui e, além disso, a devolução não aparece no sistema.;entrega;chat;treino
REC-04759;Oi, alguém consegue me ajudar, o chat não esclareceu a situação. O que mais preciso resolver é que a compra foi cancelada, mas a cobrança permaneceu. Isso pode ser verificado, por favor?;pagamento;chat;treino
REC-04760;A embalagem estava intacta, mas o item não funciona há alguns dias?;produto;app;validacao
REC-04761;Oi, só queria entender, o item apresentou problema no primeiro uso. Também aconteceu o seguinte: o valor foi cobrado duas vezes. Preciso de um retorno.;pagamento;chat;treino
REC-04762;Gente, a coleta da devolução não aconteceu e preciso saber o que aconteceu;troca_devolucao;chat;treino
REC-04763;A descrição do anúncio não bate com o que chegou e, além disso, também tentei abrir uma troca.;produto;site;treino
REC-04764;Também apareceu uma cobrança que não entendi, mas o pacote voltou para o remetente sem explicação.;entrega;app;treino
REC-04765;Olá, o produto veio usado e preciso saber o que aconteceu.;produto;email;teste
REC-04766;"Gente, a compra chegou depois da data em que eu precisava; além disso, a resposta recebida não tem relação com a minha dúvida.";atendimento;app;teste
REC-04767;Ninguém responde ao protocolo. O que mais preciso resolver é que quero devolver a compra e não encontro a opção.;troca_devolucao;email;teste
REC-04768;"Gostaria de solicitar apoio: a cor veio diferente da escolhida; ao mesmo tempo a devolução não aparece no sistema.";produto;site;treino
REC-04769;por favor, também apareceu uma cobrança q n entendi. o q mais preciso resolver é q o acabamento veio com marcas. obrigada.;produto;app;treino
REC-04770;Preciso trocar o tamanho recebido;troca_devolucao;chat;treino
REC-04771;Oi, o pix saiu da conta e a compra continua pendente há alguns dias?;pagamento;email;teste
REC-04772;Olá, o pacote voltou para o remetente sem explicação?;entrega;telefone;validacao
REC-04773;"o produto recebido é diferente do anúncio há alguns dias; situação observada desde a semana passada.";produto;telefone;treino
REC-04774;O rastreio está confuso. O que mais preciso resolver é que preciso trocar o tamanho recebido.;troca_devolucao;chat;treino
REC-04775;a peça veio quebrada há alguns dias;produto;app;treino
REC-04776;O ENTREGADOR MARCOU TENTATIVA SEM VIR AQUI?;entrega;telefone;teste
REC-04777;O pagamento foi recusado mesmo com limite. Isso aconteceu desde a última atualização do rastreio.;pagamento;site;treino
REC-04778;O atendente informou um procedimento que não funciona e, além disso, o estorno ainda está pendente.;atendimento;app;teste
REC-04779;Foi incluída uma taxa que não estava prevista no meu último pedido. Isso aconteceu em uma compra recente.;pagamento;chat;validacao
REC-04780;o pacote voltou para o remetente sem explicação e preciso saber o que aconteceu.;entrega;chat;treino
REC-04781;"estou com uma dúvida, recebi só uma parte da compra; mas o modelo recebido n era exatamente o esperado. isso pode ser verificado, por favor?";entrega;app;teste
REC-04782;Solicito orientação: por favor, não consigo atendimento humano e, além disso, o desconto não foi aplicado. Isso pode ser verificado, por favor?;atendimento;chat;treino
REC-04783;estou com uma dúvida, também tentei abrir uma troca. o que mais preciso resolver é que o pagamento foi recusado mesmo com limite. como resolvo?;pagamento;app;treino
REC-04784;tbm tentei abrir uma troca, mas estou esperando a encomenda há mais tempo que o informado.;entrega;email;treino
REC-04785;também tentei abrir uma troca, mas o protocolo foi fechado sem retorno.;atendimento;telefone;treino
REC-04786;Gente, o rastreio está confuso, mas o suporte pede as mesmas informações toda vez.;atendimento;telefone;treino
REC-04787;o produto recebido é diferente do anúncio.;produto;chat;treino
REC-04788;A solicitação de devolução não avança no meu último pedido.;troca_devolucao;chat;treino
REC-04789;Por favor, o reembolso foi aprovado, porém não caiu e preciso saber o que aconteceu;pagamento;site;treino
REC-04790;"Queria uma orientação, o produto veio usado; mas o desconto não foi aplicado. Agradeço se puderem olhar isso.";produto;site;treino
REC-04791;não reconheço uma cobrança relacionada ao pedido no meu último pedido?;pagamento;chat;treino
REC-04792;Gostaria de solicitar apoio: o pacote demorou a chegar, mas a embalagem estava intacta, mas o item não funciona.;produto;app;treino
REC-04793;Queria uma orientação, recebi informações diferentes de cada atendente, mas ao mesmo tempo uma parte do kit não veio. Como resolvo?;atendimento;email;treino
REC-04794;"O tamanho não corresponde ao informado; só que o desconto não foi aplicado.";produto;telefone;teste
REC-04795;A encomenda está atrasada e foi incluída uma taxa que não estava prevista.;entrega;site;treino
REC-04796;Gente, o item também veio com uma avaria. O que mais preciso resolver é que o prazo mudou várias vezes.;entrega;chat;treino
REC-04797;Não consigo atendimento humano há alguns dias?!;atendimento;site;teste
REC-04798;A etiqueta de postagem não foi liberada e, além disso, o modelo recebido não era exatamente o esperado.;troca_devolucao;email;treino
REC-04799;Oi, a compra foi cancelada, mas a cobrança permaneceu há alguns dias Como resolvo?;pagamento;app;treino
REC-04800;Solicito orientação: o prazo mudou várias vezes no meu último pedido.;entrega;chat;treino
REC-04801;quero cancelar a compra e devolver o que recebi e, além disso, o modelo recebido não era exatamente o esperado;troca_devolucao;email;treino
REC-04802;Gente, o prazo de troca está correndo e não consigo abrir a solicitação desde ontem.;troca_devolucao;app;treino
REC-04803;O acabamento veio com marcas;produto;chat;treino
REC-04804;Só queria entender, o pagamento foi recusado mesmo com limite no meu último pedido. Isso pode ser verificado, por favor?;pagamento;app;treino
REC-04805;A transportadora não apareceu no endereço desde ontem, desde ontem.;entrega;app;treino
REC-04806;Bom dia, estou tentando devolver o item. O que mais preciso resolver é que o item apresentou problema no primeiro uso. Obrigada;produto;app;treino
REC-04807;"o estorno ainda nao apareceu; só que ninguém responde ao protocolo.";pagamento;app;treino
REC-04808;Também apareceu uma cobrança que não entendi. O que mais preciso resolver é que o prazo de troca está correndo e não consigo abrir a solicitação.;troca_devolucao;chat;validacao
REC-04809;a descrição do anúncio não bate com o que chegou há alguns dias;produto;chat;validacao
REC-04810;A resposta recebida não tem relação com a minha dúvida e consta como entregue, mas não recebi.;atendimento;email;treino
REC-04811;Por favor, preciso de ajuda, o acabamento veio com marcas no meu último pedido?;produto;app;treino
REC-04812;recebi só uma parte da compra no meu último pedido.;entrega;telefone;treino
REC-04813;A PEÇA VEIO QUEBRADA, MAS AO MESMO TEMPO SOLICITEI TROCA E RECEBI INSTRUÇÕES CONTRADITÓRIAS.;produto;telefone;validacao
REC-04814;Gente, a transportadora não apareceu no endereço?;entrega;email;teste
REC-04815;Oi, a previsão de chegada passou e nada e preciso saber o que aconteceu Como resolvo?;entrega;chat;treino
REC-04816;Estou esperando a encomenda há mais tempo que o informado e, além disso, a devolução não aparece no sistema.;entrega;app;treino
REC-04817;Por favor, pessoal, o aparelho desliga sozinho, mas ao mesmo tempo recebi informações diferentes de cada atendente. Preciso de um retorno.;produto;chat;treino
REC-04818;prometeram retorno e n retornaram e, além disso, a entrega também atrasou;atendimento;telefone;treino
REC-04819;Olá, o rastreio parou de atualizar há alguns dias?;entrega;email;teste
REC-04820;"o chat me transfere e ninguém assume o caso; apesar disso tbm apareceu uma cobrança q não entendi.";atendimento;email;treino
REC-04821;"Faltou um acessório dentro da caixa desde ontem; situação observada desde a semana passada.";produto;chat;treino
REC-04822;Solicito orientação: foi incluída uma taxa que não estava prevista;pagamento;chat;teste
REC-04823;Registro a seguinte situação: a entrega foi direcionada para outro endereço e preciso saber o que aconteceu;entrega;app;treino
REC-04824;O sistema diz pagamento pendente, mas já paguei?;pagamento;telefone;treino
REC-04825;Olá, olá, faltou um acessório dentro da caixa desde ontem.;produto;chat;treino
REC-04826;por favor, a devolução não aparece no sistema. o que mais preciso resolver é que o estorno ainda não apareceu. conseguem me orientar?;pagamento;chat;treino
REC-04827;a coleta da devolução não aconteceu e, além disso, o modelo recebido não era exatamente o esperado;troca_devolucao;chat;teste
REC-04828;Fui tratado de forma pouco cordial. Também aconteceu o seguinte: consta como entregue, mas não recebi.;entrega;app;treino
REC-04829;Olá, o pacote demorou a chegar. O que mais preciso resolver é que faltou um acessório dentro da caixa.;produto;site;teste
REC-04830;Então, também tentei abrir uma troca, mas prometeram retorno e não retornaram.;atendimento;chat;treino
REC-04831;pessoal, a resposta recebida não tem relação com a minha dúvida e preciso saber o que aconteceu conseguem me orientar;atendimento;app;teste
REC-04832;"Por favor, o sistema bloqueia a opção de devolução; ao mesmo tempo o estorno ainda está pendente.";troca_devolucao;app;treino
REC-04833;preciso de ajuda, o estorno ainda não apareceu e, além disso, o item também veio com uma avaria. conseguem me orientar?;pagamento;site;treino
REC-04834;Solicito orientação: a encomenda está atrasada. Também aconteceu o seguinte: o valor foi cobrado duas vezes.;pagamento;telefone;teste
REC-04835;Alguém consegue me ajudar, o prazo de troca está correndo e não consigo abrir a solicitação desde ontem Preciso de um retorno.;troca_devolucao;app;validacao
REC-04836;O sistema diz pagamento pendente, mas já paguei. Também aconteceu o seguinte: recbi só uma parte da compra;entrega;email;treino
REC-04837;Olá, a previsão de chegada passou e nada. Como resolvo?;entrega;email;treino
REC-04838;solicito orientação: não consigo atendimento humano e a peça veio quebrada;atendimento;site;treino
REC-04839;Preciso de ajuda, o material parece danificado desde ontem Isso pode ser verificado, por favor?;produto;chat;treino
REC-04840;Gente, recbi o modelo errado há alguns dias;produto;email;teste
REC-04841;"Por favor, o produto recebido é diferente do anúncio; apesar disso também tentei abrir uma troca.";produto;app;treino
REC-04842;Por favor, o rastreio está confuso, mas a solicitação de devolução não avança.;troca_devolucao;telefone;treino
REC-04843;Só queria entender, o acabamento veio com marcas e preciso saber o que aconteceu Isso pode ser verificado, por favor?;produto;telefone;treino
REC-04844;"Bom dia, foi incluída uma taxa que não estava prevista; apesar disso também tentei abrir uma troca. Obrigado";pagamento;telefone;treino
REC-04845;Registro a seguinte situação: queria uma orientação, a descrição do anúncio não bate com o que chegou e, além disso, a devolução não aparece no sistema. Preciso de um retorno.;produto;chat;treino
REC-04846;quero devolver a compra e n encontro a opção;troca_devolucao;site;treino
REC-04847;Então, o pedido ainda não chegou;entrega;chat;teste
REC-04848;"estou com uma dúvida, o atendente informou um procedimento que n funciona; apesar disso também apareceu uma cobrança que n entendi isso pode ser verificado, por favor";atendimento;email;treino
REC-04849;Venho informar, o sistema bloqueia a opção de devolução desde ontem. Obrigada.;troca_devolucao;chat;treino
REC-04850;pessoal, o produto recebido é diferente do anúncio há alguns dias conseguem me orientar;produto;email;validacao
REC-04851;O atendente informou um procedimento que não funciona e, além disso, o estorno ainda está pendente.;atendimento;chat;teste
REC-04852;"NÃO CONSIGO GERAR O BOLETO; PORÉM O CHAT NÃO ESCLARECEU A SITUAÇÃO.";pagamento;app;teste
REC-04853;Olá, estou esperando a encomenda há mais tempo que o informado no meu último peddo. Obrigado.;entrega;site;teste
REC-04854;só queria entender, o cupom foi aceito e depois o desconto sumiu e preciso saber o que aconteceu fico no aguardo.;pagamento;email;treino
REC-04855;Por favor, oi, o prazo mudou várias vezes há alguns dias? Fico no aguardo.;entrega;telefone;validacao
REC-04856;já postei a devolução e o status não mudou e, além disso, o item também veio com uma avaria.;troca_devolucao;telefone;treino
REC-04857;Então, o rastreio parou de atualizar;entrega;chat;treino
REC-04858;Recebi informações diferentes de cada atendente?;atendimento;email;treino
REC-04859;O estorno ainda está pendente. O que mais preciso resolver é que recebi informações diferentes de cada atendente.;atendimento;site;treino
REC-04860;só queria entender, não sei onde acompanhar minha devolução e preciso saber o que aconteceu fico no aguardo.;troca_devolucao;site;treino
REC-04861;Só queria entender, a entrega também atrasou. O que mais preciso resolver é que uma parte do kit não veio. Fico no aguardo.;produto;telefone;validacao
REC-04862;Então, o pacote sumiu no trajeto e, além disso, estou tentando devolver o item.;entrega;email;treino
REC-04863;Bom dia, fui tratado de forma pouco cordial desde ontem? Como resolvo?!;atendimento;app;treino
REC-04864;A troca foi aprovada, mas o novo item não foi enviado no meu último pedido;troca_devolucao;telefone;teste
REC-04865;"Então, venho informar, a coleta da devolução não aconteceu; além disso, o pacote voltou para o remetente sem explicação. Fico no aguardo.";entrega;app;treino
REC-04866;Por favor, bom dia, também apareceu uma cobrança que não entendi, mas a compra chegou depois da data em que eu precisava. Fico no aguardo.;entrega;app;teste
REC-04867;O modelo recebido não era exatamente o esperado, mas recebi só uma parte da compra.;entrega;email;treino
REC-04868;Oi, por favor, o pacote voltou para o remetente sem explicação e preciso saber o que aconteceu? Conseguem me orientar?;entrega;telefone;treino
REC-04869;o entregador marcou tentativa sem vir aqui?;entrega;telefone;teste
REC-04870;Preciso de ajuda, o produto veio usado há alguns dias Agradeço se puderem olhar isso.;produto;telefone;treino
REC-04871;"Gente, recbi só uma parte da compra; e o chat não esclareceu a situação.";entrega;app;treino
REC-04872;Olá, bom dia, o cupom foi aceito e depois o desconto sumiu. Também aconteceu o seguinte: consta como entregue, mas não recebi. Isso pode ser verificado, por favor?;entrega;chat;treino
REC-04873;olá, o estorno ainda está pendente. o que mais preciso resolver é que não consigo atendimento humano. obrigada.;atendimento;app;treino
REC-04874;Olá, preciso de ajuda, o cupom foi aceito e depois o desconto sumiu, mas ao mesmo tempo a descrição do anúncio não bate com o que chegou. Obrigada.;pagamento;site;treino
REC-04875;n reconheço uma cobrança relacionada ao pedido há alguns dias? fico no aguardo.;pagamento;app;treino
REC-04876;Houve problema com a transportadora, mas o item chegou com defeito;produto;site;validacao
REC-04877;Solicito orientação: o atendente informou um procedimento que não funciona no meu último pedido?;atendimento;chat;treino
REC-04878;"O aparelho desliga sozinho; e e ainda não consigo retorno no atendimento.";produto;email;treino
REC-04879;o chat não esclareceu a situação, mas uma parte do kit não veio.;produto;site;treino
REC-04880;Olá, o pacote sumiu no trajeto. tambem aconteceu o seguinte: a peça veio quebrada.;produto;email;treino
REC-04881;Gostaria de solicitar apoio: pessoal, o rastreio parou de atualizar, mas ao mesmo tempo a solicitação de devolução não avança. Agradeço se puderem olhar isso.;entrega;app;teste
REC-04882;Boa tarde, o pedido ainda não chegou desde ontem?;entrega;app;teste
REC-04883;Gostaria de solicitar apoio: consta como entregue, mas não recebi, mas ao mesmo tempo foi incluída uma taxa que não estava prevista.;entrega;chat;treino
REC-04884;Por favor, a compra chegou depois da data em que eu precisava no meu último pedido.;entrega;chat;treino
REC-04885;Então, a descrição do anúncio não bate com o que chegou há alguns dias.;produto;app;treino
REC-04886;A parcela veio com valor incorreto desde ontem, na última compra.;pagamento;telefone;treino
REC-04887;O item chegou com defeito e preciso saber o que aconteceu;produto;chat;teste
REC-04888;Olá, o valor foi cobrado duas vezes?;pagamento;app;treino
REC-04889;"A transportadora não apareceu no endereço; porém a caixa veio com uma peça faltando. Como resolvo?";entrega;app;teste
REC-04890;"por favor, o aparelho desliga sozinho; só que o pacote demorou a chegar. podem verificar?";produto;app;treino
REC-04891;O estorno ainda não apareceu no meu último pedido.;pagamento;email;validacao
REC-04892;Pessoal, a solicitação de devolução não avança há alguns dias. Fico no aguardo.;troca_devolucao;email;treino
REC-04893;Gente, não consigo atendimento humano desde ontem Obrigada.;atendimento;site;treino
REC-04894;Olá, a caixa veio com uma peça faltando, mas a compra foi cancelada, mas a cobrança permaneceu.;pagamento;chat;treino
REC-04895;Queria uma orientação, estou esperando a encomenda há mais tempo que o informado no meu último pedido. Agradeço se puderem olhar isso.;entrega;telefone;teste
REC-04896;O rastreio parou de atualizar e, além disso, estou tentando devolver o item.;entrega;app;teste
REC-04897;o chat não esclareceu a situação, mas a previsão de chegada passou e nada;entrega;app;validacao
REC-04898;tbm apareceu uma cobrança q não entendi. o q mais preciso resolver é q o material parece danificado.;produto;email;treino
REC-04899;"O tamanho nao corresponde ao informado; entretanto o rastreio está confuso.";produto;email;treino
REC-04900;"Por favor, foi incluída uma taxa que não estava prevista; porém o chat não esclareceu a situação. Obrigada.";pagamento;telefone;treino
REC-04901;"estou tentando devolver o item, mas o aparelho desliga sozinho; situação observada desde o fim de semana.";produto;email;treino
REC-04902;ENTÃO, A ETIQUETA DE POSTAGEM NÃO FOI LIBERADA DESDE ONTEM;troca_devolucao;email;treino
REC-04903;Gostaria de registrar, quero devolver a compra e não encontro a opção e, além disso, o item também veio com uma avaria. Isso pode ser verificado, por favor?!;troca_devolucao;telefone;treino
REC-04904;O desconto não foi aplicado, mas o entregador marcou tentativa sem vir aqui.;entrega;chat;treino
REC-04905;preciso de ajuda, solicitei troca e recbi instruções contraditórias e, além disso, a entrega também atrasou. podem verificar?;troca_devolucao;email;treino
REC-04906;Quero devolver a compra e não encontro a opção no meu último pedido? Obrigado.;troca_devolucao;email;treino
REC-04907;enviei o item de volta e ainda n confirmaram o recebimento desde ontem;troca_devolucao;app;validacao
REC-04908;Preciso de ajuda, a compra chegou depois da data em que eu precisava e preciso saber o que aconteceu. Agradeço se puderem olhar isso;entrega;app;treino
REC-04909;A SOLICITAÇÃO DE DEVOLUÇÃO NÃO AVANÇA DESDE ONTEM;troca_devolucao;app;treino
REC-04910;O suporte pede as mesmas informações toda vez desde ontem;atendimento;app;teste
REC-04911;Oi, o desconto não foi aplicado. O que mais preciso resolver é que uma parte do kit não veio.;produto;app;treino
REC-04912;Gostaria de solicitar apoio: pessoal, o material parece danificado há alguns dias? Fico no aguardo.;produto;email;treino
REC-04913;queria uma orientação, o pacote voltou para o remetente sem explicação e, além disso, também apareceu uma cobrança que não entendi. preciso de um retorno.;entrega;site;treino
REC-04914;Oi, venho informar, prometeram retorno e não retornaram e, além disso, a devolução não aparece no sistema. Conseguem me orientar?;atendimento;email;validacao
REC-04915;oi, o pacote demorou a chegar, mas o atendimento encerrou o contato sem resolver obrigada;atendimento;email;treino
REC-04916;Também tentei abrir uma troca. O que mais preciso resolver é que prometeram retorno e não retornaram.;atendimento;chat;treino
REC-04917;Por favor, o chat me transfere e ninguém assume o caso há alguns dias;atendimento;chat;validacao
REC-04918;Por favor, a compra foi cancelada, mas a cobrança permaneceu há alguns dias Obrigada.;pagamento;app;teste
REC-04919;"Solicito orientação: estou com uma dúvida, o valor foi cobrado duas vezes; apesar disso a caixa veio com uma peça faltando. Agradeço se puderem olhar isso.";pagamento;chat;treino
REC-04920;Por favor, o item chegou com defeito e preciso saber o que aconteceu?;produto;chat;teste
REC-04921;Bom dia, o sistema diz pagamento pendente, mas já paguei e, além disso, a caixa veio com uma peça faltando. Preciso de um retorno.;pagamento;chat;treino
REC-04922;"a resposta recbida não tem relação com a minha dúvida; além disso, a peça veio quebrada.";produto;chat;teste
REC-04923;Olá, o pagamento foi recusado mesmo com limite desde ontem;pagamento;telefone;validacao
REC-04924;Gostaria de registrar, preciso trocar o tamanho recebido e, além disso, e ainda não consigo retorno no atendimento. Obrigado.;troca_devolucao;app;treino
REC-04925;Gente, alguém consegue me ajudar, o pacote sumiu no trajeto desde ontem? Agradeço se puderem olhar isso.;entrega;email;teste
REC-04926;a devolução não aparece no sistema, mas o pedido ainda não chegou;entrega;telefone;treino
REC-04927;"não reconheço uma cobrança relacionada ao pedido; mas ninguém responde ao protocolo.";pagamento;chat;treino
REC-04928;Boa tarde, estou esperando a encomenda há mais tempo que o informado há alguns dias Obrigada.;entrega;email;treino
REC-04929;"o pedido ainda não chegou; além disso, prometeram retorno e não retornaram";atendimento;app;validacao
REC-04930;O pacote sumiu no trajeto desde ontem;entrega;email;treino
REC-04931;Preciso de ajuda, o modelo recebido não era exatamente o esperado. O que mais preciso resolver é que o estorno ainda não apareceu!;pagamento;site;treino
REC-04932;O SISTEMA DIZ PAGAMENTO PENDENTE, MAS JÁ PAGUEI HÁ ALGUNS DIAS.;pagamento;chat;treino
REC-04933;"O atendimento encerrou o contato sem resolver há alguns dias; situação observada na primeira tentativa.";atendimento;app;treino
REC-04934;"Estou tentando falar com alguém há dias; e o pacote demorou a chegar.";atendimento;email;treino
REC-04935;Gostaria de solicitar apoio: não consigo localizar onde está a encomenda?;entrega;telefone;treino
REC-04936;Olá, recebi só uma parte da compra no meu último pedido.;entrega;telefone;treino
REC-04937;O pacote demorou a chegar. O que mais preciso resolver é que o valor foi cobrado duas vezes.;pagamento;site;teste
REC-04938;Gostaria de solicitar apoio: a solicitação de devolução não avança, mas ao mesmo tempo fui tratado de forma pouco cordial.;troca_devolucao;site;validacao
REC-04939;VENHO INFORMAR, O PRAZO DE TROCA ESTÁ CORRENDO E NAO CONSIGO ABRIR A SOLICITAÇÃO NO MEU ÚLTIMO PEDIDO;troca_devolucao;email;validacao
REC-04940;Por favor, olá, preciso trocar o tamanho recebido no meu último pedido Fico no aguardo.;troca_devolucao;app;validacao
REC-04941;Boa tarde, o item apresentou problema no primeiro uso e preciso saber o que aconteceu? Podem verificar?;produto;site;treino
REC-04942;"O prazo mudou várias vezes; apesar disso o item também veio com uma avaria; preciso de retorno.";entrega;app;treino
REC-04943;bom dia, preciso substituir o item por outro modelo desde ontem agradeço se puderem olhar isso;troca_devolucao;email;treino
REC-04944;"o valor foi cobrado duas vezes; além disso, solicitei troca e recebi instruções contraditórias.";troca_devolucao;app;treino
REC-04945;Registro a seguinte situação: só queria entender, o sistema diz pagamento pendente, mas já paguei e preciso saber o que aconteceu. Podem verificar?;pagamento;email;treino
REC-04946;"só queria entender, quero devolver a compra e n encontro a opção; ao mesmo tempo a entrega também atrasou. como resolvo?";troca_devolucao;site;teste
REC-04947;quero cancelar a compra e devolver o que recebi desde ontem;troca_devolucao;site;treino
REC-04948;Gostaria de registrar, consta como entregue, mas não recebi, mas ao mesmo tempo o sistema bloqueia a opção de devolução. Podem verificar?!;entrega;chat;validacao
REC-04949;"Por favor, não consigo localizar onde está a encomenda há alguns dias; situação observada depois da atualização do pedido.";entrega;email;treino
REC-04950;Quero cancelar a compra e devolver o que recebi;troca_devolucao;telefone;treino
REC-04951;boa tarde, a entrega também atrasou. o que mais preciso resolver é que o atendimento encerrou o contato sem resolver. conseguem me orientar?;atendimento;chat;validacao
REC-04952;Então, gostaria de registrar, não consigo atendimento humano. Conseguem me orientar?;atendimento;chat;validacao
REC-04953;O estorno ainda está pendente, mas não consigo atendimento humano.;atendimento;chat;teste
REC-04954;estou tentando falar com alguém há dias desde ontem?;atendimento;app;treino
REC-04955;Gostaria de solicitar apoio: venho informar, o item apresentou problema no primeiro uso desde ontem? Isso pode ser verificado, por favor?;produto;app;treino
REC-04956;"oi, o prazo mudou várias vezes; só que o item tbm veio com uma avaria. agradeço se puderem olhar isso.";entrega;site;treino
REC-04957;"Oi, uma parte do kit não veio; além disso, o entregador marcou tentativa sem vir aqui.";entrega;telefone;treino
REC-04958;Uma parte do kit não veio há alguns dias.;produto;site;validacao
REC-04959;Então, gostaria de registrar, a entrega também atrasou. O que mais preciso resolver é que não consigo atendimento humano. Preciso de um retorno.;atendimento;chat;treino
REC-04960;;entrega;email;treino
REC-04961;A devolução não aparece no sistema, mas o atendente informou um procedimento que não funciona.;atendimento;email;treino
REC-04962;Queria uma orientação, foi incluída uma taxa que não estava prevista no meu último pedido? Preciso de um retorno;pagamento;site;treino
REC-04963;Registro a seguinte situação: prometeram retorno e não retornaram e preciso saber o que aconteceu?;atendimento;site;treino
REC-04964;Por favor, a entrega foi direcionada para outro endereço há alguns dias?;entrega;email;treino
REC-04965;Registro a seguinte situação: a encomenda está atrasada há alguns dias;entrega;chat;validacao
REC-04966;Preciso trocar o tamanho recebido.;troca_devolucao;telefone;treino
REC-04967;Gente, a caixa veio com uma peça faltando. O que mais preciso resolver é que a entrega foi direcionada para outro endereço.;entrega;email;treino
REC-04968;registro a seguinte situação: o cartão foi debitado, mas o pedido não confirmou desde ontem?;pagamento;app;validacao
REC-04969;Pessoal, a encomenda está atrasada no meu último pedido Preciso de um retorno.;entrega;email;treino
REC-04970;Só queria entender, o pacote voltou para o remetente sem explicação? Conseguem me orientar?;entrega;telefone;treino
REC-04971;"o entregador marcou tentativa sem vir aqui; entretanto também tentei abrir uma troca.";entrega;email;teste
REC-04972;Queria uma orientação, não sei onde acompanhar minha devoluçao há alguns dias? Isso pode ser verificado, por favor?;troca_devolucao;chat;treino
REC-04973;Então, estou com uma dúvida, o pagamento foi recusado mesmo com limite e, além disso, o modelo recebido não era exatamente o esperado. Conseguem me orientar?;pagamento;site;validacao
REC-04974;Olá, boa tarde, o atendente informou um procedimento que não funçiona desde ontem. Como resolvo?;atendimento;chat;treino
REC-04975;o material parece danificado e, além disso, também apareceu uma cobrança que n entendi.;produto;site;teste
REC-04976;olá, estou esperando a encomenda há mais tempo que o informado no meu último pedido agradeço se puderem olhar isso.;entrega;app;treino
REC-04977;"o aparelho desliga sozinho; ao mesmo tempo e ainda não consigo retorno no atendimento.";produto;site;treino
REC-04978;Gostaria de registrar, estou esperando a encomenda há mais tempo que o informado desde ontem. Obrigada.;entrega;email;teste
REC-04979;;produto;site;treino
REC-04980;O item apresentou problema no primeiro uso no meu último pedido;produto;app;treino
REC-04981;Recebi só uma parte da compra, mas ao mesmo tempo o cupom foi aceito e depois o desconto sumiu.;entrega;telefone;treino
REC-04982;POR FAVOR, NÃO SEI ONDE ACOMPANHAR MINHA DEVOLUÇÃO E, ALÉM DISSO, NINGUÉM RESPONDE AO PROTOCOLO.;troca_devolucao;chat;validacao
REC-04983;a cor veio diferente da escolhida e preciso saber o que aconteceu. 😤;produto;telefone;treino
REC-04984;Olá, a descrição do anúncio não bate com o que chegou e preciso saber o que aconteceu;produto;site;treino
REC-04985;O material parece danificado no meu último pedido;produto;app;treino
REC-04986;"Estou com uma dúvida, solicitei troca e recebi instruções contraditórias; apesar disso o desconto não foi aplicado. Preciso de um retorno.";troca_devolucao;email;treino
REC-04987;a ligação caiu e ninguém retomou o contato há alguns dias 😕;atendimento;telefone;treino
REC-04988;Prometeram retorno e nao retornaram há alguns dias!;atendimento;app;teste
REC-04989;Olá, o aparelho desliga sozinho desde ontem Agradeço se puderem olhar isso.;produto;app;treino
REC-04990;o valor foi cobrado duas vezes e, além disso, ninguém responde ao protocolo;pagamento;site;teste
REC-04991;Recebi só uma parte da compra e preciso saber o que aconteceu.;entrega;chat;treino
REC-04992;Gostaria de registrar, já postei a devolução e o status não mudou há alguns dias. Fico no aguardo.;troca_devolucao;chat;teste
REC-04993;Oi, só queria entender, o cupom foi aceito e depois o desconto sumiu no meu último pedido? Isso pode ser verificado, por favor?;pagamento;email;treino
REC-04994;Preciso de ajuda, o valor cobrado está diferente do anunciado e preciso saber o que aconteceu. Obrigado.;pagamento;chat;treino
REC-04995;Gostaria de registrar, a descrição do anúncio não bate com o que chegou e, além disso, o rastreio está confuso. Agradeço se puderem olhar isso;produto;site;teste
REC-04996;Solicito orientação: quero cancelar a compra e devolver o que recebi e preciso saber o que aconteceu.;troca_devolucao;chat;teste
REC-04997;A devolução nao aparece no sistema, mas estou tentando falar com alguém há dias.;atendimento;telefone;validacao
REC-04998;O CHAT ME TRANSFERE E NINGUÉM ASSUME O CASO HÁ ALGUNS DIAS;atendimento;telefone;teste
REC-04999;Só queria entender, o rastreio está confuso. O que mais preciso resolver é que a solicitação de devolução não avança. Podem verificar?;troca_devolucao;email;treino
REC-05000;"Por favor, estou com uma dúvida, o material parece danificado; mas o estorno ainda está pendente. Preciso de um retorno.";produto;chat;treino
